BUILD_CACHE task=put_the_bowl_on_the_plate path=/mnt/cpfs/zbl-cpfs-new/USERS/leon/cache/r16_p14_libero_stage1/pilot-v1/put_the_bowl_on_the_plate.state_obs_v1.npz
[info] using task orders [0, 1, 2, 3, 4, 5, 6, 7, 8, 9]
AUTO_RESUME=0 RUN_ID=r16p14-libero-stage1-pilot-v1 task=put_the_bowl_on_the_plate seed=7 RESUME_FLAG=false checkpoint=none
/mnt/cpfs/zbl-cpfs-new/USERS/leon/envs/libero_sft/lib/python3.11/site-packages/wandb/analytics/sentry.py:90: SentryHubDeprecationWarning: `sentry_sdk.Hub` is deprecated and will be removed in a future major release. Please consult our 1.x to 2.x migration guide for details on how to migrate `Hub` usage to the new API: https://docs.sentry.io/platforms/python/migration/1.x-to-2.x
  self.hub = sentry_sdk.Hub(client)
Unable to read the token file at /var/run/secrets/kubernetes.io/serviceaccount/token due to permission error ([Errno 13] Permission denied: '/var/run/secrets/kubernetes.io/serviceaccount/token').The current user id is 2254. Consider changing the securityContext to run the container as the current user.
wandb: WARNING Unable to read the token file at /var/run/secrets/kubernetes.io/serviceaccount/token due to permission error ([Errno 13] Permission denied: '/var/run/secrets/kubernetes.io/serviceaccount/token').The current user id is 2254. Consider changing the securityContext to run the container as the current user.
wandb: Currently logged in as: chen_jian (chen_jian-cj-workspace). Use `wandb login --relogin` to force relogin
/mnt/cpfs/zbl-cpfs-new/USERS/leon/envs/libero_sft/lib/python3.11/site-packages/wandb/analytics/sentry.py:261: DeprecationWarning: The `Scope.user` setter is deprecated in favor of `Scope.set_user()`.
  scope.user = {"email": email}  # noqa
wandb: - Waiting for wandb.init()...wandb: \ Waiting for wandb.init()...wandb: Tracking run with wandb version 0.16.6
wandb: Run data is saved locally in /mnt/cpfs/zbl-cpfs-new/USERS/leon/logs/r16_p14_libero_stage1/pai/r16p14-libero-stage1-20260812-144626/cache/wandb/wandb/run-20260812_224818-r16p14-libero-stage1-pilot-v1-put_the_bowl_on_the_plate-seed-7
wandb: Run `wandb offline` to turn off syncing.
wandb: Syncing run put_the_bowl_on_the_plate-seed-7
wandb: ⭐️ View project at https://wandb.ai/chen_jian-cj-workspace/r16-p14-libero-stage1
wandb: 🚀 View run at https://wandb.ai/chen_jian-cj-workspace/r16-p14-libero-stage1/runs/r16p14-libero-stage1-pilot-v1-put_the_bowl_on_the_plate-seed-7
TRAIN_STEP task=put_the_bowl_on_the_plate seed=7 global_step=1 loss=0.43323937
TRAIN_STEP task=put_the_bowl_on_the_plate seed=7 global_step=20 loss=0.31787238
TRAIN_STEP task=put_the_bowl_on_the_plate seed=7 global_step=40 loss=0.21941133
TRAIN_STEP task=put_the_bowl_on_the_plate seed=7 global_step=60 loss=0.19095829
TRAIN_STEP task=put_the_bowl_on_the_plate seed=7 global_step=80 loss=0.16254346
TRAIN_STEP task=put_the_bowl_on_the_plate seed=7 global_step=100 loss=0.15543008
TRAIN_STEP task=put_the_bowl_on_the_plate seed=7 global_step=120 loss=0.14149567
TRAIN_STEP task=put_the_bowl_on_the_plate seed=7 global_step=140 loss=0.13081935
TRAIN_STEP task=put_the_bowl_on_the_plate seed=7 global_step=160 loss=0.11971557
TRAIN_STEP task=put_the_bowl_on_the_plate seed=7 global_step=180 loss=0.11981516
TRAIN_STEP task=put_the_bowl_on_the_plate seed=7 global_step=200 loss=0.10987184
TRAIN_STEP task=put_the_bowl_on_the_plate seed=7 global_step=220 loss=0.10470232
TRAIN_STEP task=put_the_bowl_on_the_plate seed=7 global_step=240 loss=0.08844896
TRAIN_STEP task=put_the_bowl_on_the_plate seed=7 global_step=260 loss=0.09379843
TRAIN_STEP task=put_the_bowl_on_the_plate seed=7 global_step=280 loss=0.08809629
TRAIN_STEP task=put_the_bowl_on_the_plate seed=7 global_step=300 loss=0.08620988
TRAIN_STEP task=put_the_bowl_on_the_plate seed=7 global_step=320 loss=0.08164810
TRAIN_STEP task=put_the_bowl_on_the_plate seed=7 global_step=340 loss=0.07976542
TRAIN_STEP task=put_the_bowl_on_the_plate seed=7 global_step=360 loss=0.07766604
TRAIN_STEP task=put_the_bowl_on_the_plate seed=7 global_step=380 loss=0.07536782
TRAIN_STEP task=put_the_bowl_on_the_plate seed=7 global_step=400 loss=0.07436342
TRAIN_STEP task=put_the_bowl_on_the_plate seed=7 global_step=420 loss=0.07301061
TRAIN_STEP task=put_the_bowl_on_the_plate seed=7 global_step=440 loss=0.06848413
TRAIN_STEP task=put_the_bowl_on_the_plate seed=7 global_step=460 loss=0.06740583
TRAIN_STEP task=put_the_bowl_on_the_plate seed=7 global_step=480 loss=0.06168744
TRAIN_STEP task=put_the_bowl_on_the_plate seed=7 global_step=500 loss=0.06304161
TRAIN_STEP task=put_the_bowl_on_the_plate seed=7 global_step=520 loss=0.06137202
TRAIN_STEP task=put_the_bowl_on_the_plate seed=7 global_step=540 loss=0.05764932
TRAIN_STEP task=put_the_bowl_on_the_plate seed=7 global_step=560 loss=0.06175892
TRAIN_STEP task=put_the_bowl_on_the_plate seed=7 global_step=580 loss=0.05171680
TRAIN_STEP task=put_the_bowl_on_the_plate seed=7 global_step=600 loss=0.05470465
TRAIN_STEP task=put_the_bowl_on_the_plate seed=7 global_step=620 loss=0.05457535
TRAIN_STEP task=put_the_bowl_on_the_plate seed=7 global_step=640 loss=0.05235483
TRAIN_STEP task=put_the_bowl_on_the_plate seed=7 global_step=660 loss=0.04959372
TRAIN_STEP task=put_the_bowl_on_the_plate seed=7 global_step=680 loss=0.04923711
TRAIN_STEP task=put_the_bowl_on_the_plate seed=7 global_step=700 loss=0.04801046
TRAIN_STEP task=put_the_bowl_on_the_plate seed=7 global_step=720 loss=0.04832359
TRAIN_STEP task=put_the_bowl_on_the_plate seed=7 global_step=740 loss=0.04909639
TRAIN_STEP task=put_the_bowl_on_the_plate seed=7 global_step=760 loss=0.04580542
TRAIN_STEP task=put_the_bowl_on_the_plate seed=7 global_step=780 loss=0.04533163
TRAIN_STEP task=put_the_bowl_on_the_plate seed=7 global_step=800 loss=0.04510010
TRAIN_STEP task=put_the_bowl_on_the_plate seed=7 global_step=820 loss=0.04268177
TRAIN_STEP task=put_the_bowl_on_the_plate seed=7 global_step=840 loss=0.04172723
TRAIN_STEP task=put_the_bowl_on_the_plate seed=7 global_step=860 loss=0.04380389
TRAIN_STEP task=put_the_bowl_on_the_plate seed=7 global_step=880 loss=0.04244719
TRAIN_STEP task=put_the_bowl_on_the_plate seed=7 global_step=900 loss=0.04141141
TRAIN_STEP task=put_the_bowl_on_the_plate seed=7 global_step=920 loss=0.03858850
TRAIN_STEP task=put_the_bowl_on_the_plate seed=7 global_step=940 loss=0.03628891
TRAIN_STEP task=put_the_bowl_on_the_plate seed=7 global_step=960 loss=0.03612804
TRAIN_STEP task=put_the_bowl_on_the_plate seed=7 global_step=980 loss=0.03674121
TRAIN_STEP task=put_the_bowl_on_the_plate seed=7 global_step=1000 loss=0.03526971
TRAIN_STEP task=put_the_bowl_on_the_plate seed=7 global_step=1020 loss=0.03652611
TRAIN_STEP task=put_the_bowl_on_the_plate seed=7 global_step=1040 loss=0.03457284
TRAIN_STEP task=put_the_bowl_on_the_plate seed=7 global_step=1060 loss=0.03490584
TRAIN_STEP task=put_the_bowl_on_the_plate seed=7 global_step=1080 loss=0.03356116
TRAIN_STEP task=put_the_bowl_on_the_plate seed=7 global_step=1100 loss=0.03314627
TRAIN_STEP task=put_the_bowl_on_the_plate seed=7 global_step=1120 loss=0.03366393
TRAIN_STEP task=put_the_bowl_on_the_plate seed=7 global_step=1140 loss=0.03083701
TRAIN_STEP task=put_the_bowl_on_the_plate seed=7 global_step=1160 loss=0.03150094
TRAIN_STEP task=put_the_bowl_on_the_plate seed=7 global_step=1180 loss=0.02996521
TRAIN_STEP task=put_the_bowl_on_the_plate seed=7 global_step=1200 loss=0.03150439
TRAIN_STEP task=put_the_bowl_on_the_plate seed=7 global_step=1220 loss=0.03086953
TRAIN_STEP task=put_the_bowl_on_the_plate seed=7 global_step=1240 loss=0.02896980
TRAIN_STEP task=put_the_bowl_on_the_plate seed=7 global_step=1260 loss=0.03071882
TRAIN_STEP task=put_the_bowl_on_the_plate seed=7 global_step=1280 loss=0.02805793
TRAIN_STEP task=put_the_bowl_on_the_plate seed=7 global_step=1300 loss=0.02808004
TRAIN_STEP task=put_the_bowl_on_the_plate seed=7 global_step=1320 loss=0.02872594
TRAIN_STEP task=put_the_bowl_on_the_plate seed=7 global_step=1340 loss=0.02741063
TRAIN_STEP task=put_the_bowl_on_the_plate seed=7 global_step=1360 loss=0.02645455
TRAIN_STEP task=put_the_bowl_on_the_plate seed=7 global_step=1380 loss=0.02596913
TRAIN_STEP task=put_the_bowl_on_the_plate seed=7 global_step=1400 loss=0.02668373
TRAIN_STEP task=put_the_bowl_on_the_plate seed=7 global_step=1420 loss=0.02627460
TRAIN_STEP task=put_the_bowl_on_the_plate seed=7 global_step=1440 loss=0.02557755
TRAIN_STEP task=put_the_bowl_on_the_plate seed=7 global_step=1460 loss=0.02432301
TRAIN_STEP task=put_the_bowl_on_the_plate seed=7 global_step=1480 loss=0.02545811
TRAIN_STEP task=put_the_bowl_on_the_plate seed=7 global_step=1500 loss=0.02417494
TRAIN_STEP task=put_the_bowl_on_the_plate seed=7 global_step=1520 loss=0.02368475
TRAIN_STEP task=put_the_bowl_on_the_plate seed=7 global_step=1540 loss=0.02465714
TRAIN_STEP task=put_the_bowl_on_the_plate seed=7 global_step=1560 loss=0.02403070
TRAIN_STEP task=put_the_bowl_on_the_plate seed=7 global_step=1580 loss=0.02404960
TRAIN_STEP task=put_the_bowl_on_the_plate seed=7 global_step=1600 loss=0.02345718
TRAIN_STEP task=put_the_bowl_on_the_plate seed=7 global_step=1620 loss=0.02247697
TRAIN_STEP task=put_the_bowl_on_the_plate seed=7 global_step=1640 loss=0.02247564
TRAIN_STEP task=put_the_bowl_on_the_plate seed=7 global_step=1660 loss=0.02302057
TRAIN_STEP task=put_the_bowl_on_the_plate seed=7 global_step=1680 loss=0.02256206
TRAIN_STEP task=put_the_bowl_on_the_plate seed=7 global_step=1700 loss=0.02083888
TRAIN_STEP task=put_the_bowl_on_the_plate seed=7 global_step=1720 loss=0.02231652
TRAIN_STEP task=put_the_bowl_on_the_plate seed=7 global_step=1740 loss=0.02191510
TRAIN_STEP task=put_the_bowl_on_the_plate seed=7 global_step=1760 loss=0.02125372
TRAIN_STEP task=put_the_bowl_on_the_plate seed=7 global_step=1780 loss=0.02028905
TRAIN_STEP task=put_the_bowl_on_the_plate seed=7 global_step=1800 loss=0.02099526
TRAIN_STEP task=put_the_bowl_on_the_plate seed=7 global_step=1820 loss=0.02030575
TRAIN_STEP task=put_the_bowl_on_the_plate seed=7 global_step=1840 loss=0.02012784
TRAIN_STEP task=put_the_bowl_on_the_plate seed=7 global_step=1860 loss=0.01998704
TRAIN_STEP task=put_the_bowl_on_the_plate seed=7 global_step=1880 loss=0.01946281
TRAIN_STEP task=put_the_bowl_on_the_plate seed=7 global_step=1900 loss=0.02001962
TRAIN_STEP task=put_the_bowl_on_the_plate seed=7 global_step=1920 loss=0.02120624
TRAIN_STEP task=put_the_bowl_on_the_plate seed=7 global_step=1940 loss=0.01948991
TRAIN_STEP task=put_the_bowl_on_the_plate seed=7 global_step=1960 loss=0.01938969
TRAIN_STEP task=put_the_bowl_on_the_plate seed=7 global_step=1980 loss=0.01922226
TRAIN_STEP task=put_the_bowl_on_the_plate seed=7 global_step=2000 loss=0.01868822
CHECKPOINT_COMPLETE step=2000 path=/mnt/cpfs/zbl-cpfs-new/CKPT/leon/torch/r16_p14_libero_stage1/r16p14-libero-stage1-pilot-v1/put_the_bowl_on_the_plate/seed_7/step_00002000
TRAIN_STEP task=put_the_bowl_on_the_plate seed=7 global_step=2020 loss=0.01792146
TRAIN_STEP task=put_the_bowl_on_the_plate seed=7 global_step=2040 loss=0.01817515
TRAIN_STEP task=put_the_bowl_on_the_plate seed=7 global_step=2060 loss=0.01802324
TRAIN_STEP task=put_the_bowl_on_the_plate seed=7 global_step=2080 loss=0.01831117
TRAIN_STEP task=put_the_bowl_on_the_plate seed=7 global_step=2100 loss=0.01870262
TRAIN_STEP task=put_the_bowl_on_the_plate seed=7 global_step=2120 loss=0.01872151
TRAIN_STEP task=put_the_bowl_on_the_plate seed=7 global_step=2140 loss=0.01884202
TRAIN_STEP task=put_the_bowl_on_the_plate seed=7 global_step=2160 loss=0.01974799
TRAIN_STEP task=put_the_bowl_on_the_plate seed=7 global_step=2180 loss=0.01678056
TRAIN_STEP task=put_the_bowl_on_the_plate seed=7 global_step=2200 loss=0.01658380
TRAIN_STEP task=put_the_bowl_on_the_plate seed=7 global_step=2220 loss=0.01743430
TRAIN_STEP task=put_the_bowl_on_the_plate seed=7 global_step=2240 loss=0.01646333
TRAIN_STEP task=put_the_bowl_on_the_plate seed=7 global_step=2260 loss=0.01640117
TRAIN_STEP task=put_the_bowl_on_the_plate seed=7 global_step=2280 loss=0.01633223
TRAIN_STEP task=put_the_bowl_on_the_plate seed=7 global_step=2300 loss=0.01730723
TRAIN_STEP task=put_the_bowl_on_the_plate seed=7 global_step=2320 loss=0.01699675
TRAIN_STEP task=put_the_bowl_on_the_plate seed=7 global_step=2340 loss=0.01657351
TRAIN_STEP task=put_the_bowl_on_the_plate seed=7 global_step=2360 loss=0.01649408
TRAIN_STEP task=put_the_bowl_on_the_plate seed=7 global_step=2380 loss=0.01737465
TRAIN_STEP task=put_the_bowl_on_the_plate seed=7 global_step=2400 loss=0.01629798
TRAIN_STEP task=put_the_bowl_on_the_plate seed=7 global_step=2420 loss=0.01617297
TRAIN_STEP task=put_the_bowl_on_the_plate seed=7 global_step=2440 loss=0.01616793
TRAIN_STEP task=put_the_bowl_on_the_plate seed=7 global_step=2460 loss=0.01577875
TRAIN_STEP task=put_the_bowl_on_the_plate seed=7 global_step=2480 loss=0.01596649
TRAIN_STEP task=put_the_bowl_on_the_plate seed=7 global_step=2500 loss=0.01567972
TRAIN_STEP task=put_the_bowl_on_the_plate seed=7 global_step=2520 loss=0.01635528
TRAIN_STEP task=put_the_bowl_on_the_plate seed=7 global_step=2540 loss=0.01562688
TRAIN_STEP task=put_the_bowl_on_the_plate seed=7 global_step=2560 loss=0.01544129
TRAIN_STEP task=put_the_bowl_on_the_plate seed=7 global_step=2580 loss=0.01497103
TRAIN_STEP task=put_the_bowl_on_the_plate seed=7 global_step=2600 loss=0.01511419
TRAIN_STEP task=put_the_bowl_on_the_plate seed=7 global_step=2620 loss=0.01501137
TRAIN_STEP task=put_the_bowl_on_the_plate seed=7 global_step=2640 loss=0.01497414
TRAIN_STEP task=put_the_bowl_on_the_plate seed=7 global_step=2660 loss=0.01471613
TRAIN_STEP task=put_the_bowl_on_the_plate seed=7 global_step=2680 loss=0.01458156
TRAIN_STEP task=put_the_bowl_on_the_plate seed=7 global_step=2700 loss=0.01372123
TRAIN_STEP task=put_the_bowl_on_the_plate seed=7 global_step=2720 loss=0.01401204
TRAIN_STEP task=put_the_bowl_on_the_plate seed=7 global_step=2740 loss=0.01454175
TRAIN_STEP task=put_the_bowl_on_the_plate seed=7 global_step=2760 loss=0.01429347
TRAIN_STEP task=put_the_bowl_on_the_plate seed=7 global_step=2780 loss=0.01447820
TRAIN_STEP task=put_the_bowl_on_the_plate seed=7 global_step=2800 loss=0.01389107
TRAIN_STEP task=put_the_bowl_on_the_plate seed=7 global_step=2820 loss=0.01440963
TRAIN_STEP task=put_the_bowl_on_the_plate seed=7 global_step=2840 loss=0.01405300
TRAIN_STEP task=put_the_bowl_on_the_plate seed=7 global_step=2860 loss=0.01365284
TRAIN_STEP task=put_the_bowl_on_the_plate seed=7 global_step=2880 loss=0.01451044
TRAIN_STEP task=put_the_bowl_on_the_plate seed=7 global_step=2900 loss=0.01361147
TRAIN_STEP task=put_the_bowl_on_the_plate seed=7 global_step=2920 loss=0.01284145
TRAIN_STEP task=put_the_bowl_on_the_plate seed=7 global_step=2940 loss=0.01382005
TRAIN_STEP task=put_the_bowl_on_the_plate seed=7 global_step=2960 loss=0.01328958
TRAIN_STEP task=put_the_bowl_on_the_plate seed=7 global_step=2980 loss=0.01370224
TRAIN_STEP task=put_the_bowl_on_the_plate seed=7 global_step=3000 loss=0.01307976
TRAIN_STEP task=put_the_bowl_on_the_plate seed=7 global_step=3020 loss=0.01252681
TRAIN_STEP task=put_the_bowl_on_the_plate seed=7 global_step=3040 loss=0.01316177
TRAIN_STEP task=put_the_bowl_on_the_plate seed=7 global_step=3060 loss=0.01295581
TRAIN_STEP task=put_the_bowl_on_the_plate seed=7 global_step=3080 loss=0.01236286
TRAIN_STEP task=put_the_bowl_on_the_plate seed=7 global_step=3100 loss=0.01322707
TRAIN_STEP task=put_the_bowl_on_the_plate seed=7 global_step=3120 loss=0.01361260
TRAIN_STEP task=put_the_bowl_on_the_plate seed=7 global_step=3140 loss=0.01286168
TRAIN_STEP task=put_the_bowl_on_the_plate seed=7 global_step=3160 loss=0.01186755
TRAIN_STEP task=put_the_bowl_on_the_plate seed=7 global_step=3180 loss=0.01343254
TRAIN_STEP task=put_the_bowl_on_the_plate seed=7 global_step=3200 loss=0.01250325
TRAIN_STEP task=put_the_bowl_on_the_plate seed=7 global_step=3220 loss=0.01288163
TRAIN_STEP task=put_the_bowl_on_the_plate seed=7 global_step=3240 loss=0.01239998
TRAIN_STEP task=put_the_bowl_on_the_plate seed=7 global_step=3260 loss=0.01280448
TRAIN_STEP task=put_the_bowl_on_the_plate seed=7 global_step=3280 loss=0.01220054
TRAIN_STEP task=put_the_bowl_on_the_plate seed=7 global_step=3300 loss=0.01157553
TRAIN_STEP task=put_the_bowl_on_the_plate seed=7 global_step=3320 loss=0.01255909
TRAIN_STEP task=put_the_bowl_on_the_plate seed=7 global_step=3340 loss=0.01182195
TRAIN_STEP task=put_the_bowl_on_the_plate seed=7 global_step=3360 loss=0.01225313
TRAIN_STEP task=put_the_bowl_on_the_plate seed=7 global_step=3380 loss=0.01222355
TRAIN_STEP task=put_the_bowl_on_the_plate seed=7 global_step=3400 loss=0.01211823
TRAIN_STEP task=put_the_bowl_on_the_plate seed=7 global_step=3420 loss=0.01231075
TRAIN_STEP task=put_the_bowl_on_the_plate seed=7 global_step=3440 loss=0.01222916
TRAIN_STEP task=put_the_bowl_on_the_plate seed=7 global_step=3460 loss=0.01133561
TRAIN_STEP task=put_the_bowl_on_the_plate seed=7 global_step=3480 loss=0.01223902
TRAIN_STEP task=put_the_bowl_on_the_plate seed=7 global_step=3500 loss=0.01199748
TRAIN_STEP task=put_the_bowl_on_the_plate seed=7 global_step=3520 loss=0.01149544
TRAIN_STEP task=put_the_bowl_on_the_plate seed=7 global_step=3540 loss=0.01156687
TRAIN_STEP task=put_the_bowl_on_the_plate seed=7 global_step=3560 loss=0.01174972
TRAIN_STEP task=put_the_bowl_on_the_plate seed=7 global_step=3580 loss=0.01200387
TRAIN_STEP task=put_the_bowl_on_the_plate seed=7 global_step=3600 loss=0.01175623
TRAIN_STEP task=put_the_bowl_on_the_plate seed=7 global_step=3620 loss=0.01176895
TRAIN_STEP task=put_the_bowl_on_the_plate seed=7 global_step=3640 loss=0.01159136
TRAIN_STEP task=put_the_bowl_on_the_plate seed=7 global_step=3660 loss=0.01139314
TRAIN_STEP task=put_the_bowl_on_the_plate seed=7 global_step=3680 loss=0.01208397
TRAIN_STEP task=put_the_bowl_on_the_plate seed=7 global_step=3700 loss=0.01147031
TRAIN_STEP task=put_the_bowl_on_the_plate seed=7 global_step=3720 loss=0.01098590
TRAIN_STEP task=put_the_bowl_on_the_plate seed=7 global_step=3740 loss=0.01105404
TRAIN_STEP task=put_the_bowl_on_the_plate seed=7 global_step=3760 loss=0.01122859
TRAIN_STEP task=put_the_bowl_on_the_plate seed=7 global_step=3780 loss=0.01168437
TRAIN_STEP task=put_the_bowl_on_the_plate seed=7 global_step=3800 loss=0.01151809
TRAIN_STEP task=put_the_bowl_on_the_plate seed=7 global_step=3820 loss=0.01100480
TRAIN_STEP task=put_the_bowl_on_the_plate seed=7 global_step=3840 loss=0.01071617
TRAIN_STEP task=put_the_bowl_on_the_plate seed=7 global_step=3860 loss=0.01100399
TRAIN_STEP task=put_the_bowl_on_the_plate seed=7 global_step=3880 loss=0.01050894
TRAIN_STEP task=put_the_bowl_on_the_plate seed=7 global_step=3900 loss=0.01145840
TRAIN_STEP task=put_the_bowl_on_the_plate seed=7 global_step=3920 loss=0.01107298
TRAIN_STEP task=put_the_bowl_on_the_plate seed=7 global_step=3940 loss=0.01122582
TRAIN_STEP task=put_the_bowl_on_the_plate seed=7 global_step=3960 loss=0.01099897
TRAIN_STEP task=put_the_bowl_on_the_plate seed=7 global_step=3980 loss=0.01059245
TRAIN_STEP task=put_the_bowl_on_the_plate seed=7 global_step=4000 loss=0.01014870
CHECKPOINT_COMPLETE step=4000 path=/mnt/cpfs/zbl-cpfs-new/CKPT/leon/torch/r16_p14_libero_stage1/r16p14-libero-stage1-pilot-v1/put_the_bowl_on_the_plate/seed_7/step_00004000
TRAIN_STEP task=put_the_bowl_on_the_plate seed=7 global_step=4020 loss=0.01035794
TRAIN_STEP task=put_the_bowl_on_the_plate seed=7 global_step=4040 loss=0.01105705
TRAIN_STEP task=put_the_bowl_on_the_plate seed=7 global_step=4060 loss=0.01099266
TRAIN_STEP task=put_the_bowl_on_the_plate seed=7 global_step=4080 loss=0.01086240
TRAIN_STEP task=put_the_bowl_on_the_plate seed=7 global_step=4100 loss=0.01083513
TRAIN_STEP task=put_the_bowl_on_the_plate seed=7 global_step=4120 loss=0.01033510
TRAIN_STEP task=put_the_bowl_on_the_plate seed=7 global_step=4140 loss=0.01056976
TRAIN_STEP task=put_the_bowl_on_the_plate seed=7 global_step=4160 loss=0.01058469
TRAIN_STEP task=put_the_bowl_on_the_plate seed=7 global_step=4180 loss=0.01069359
TRAIN_STEP task=put_the_bowl_on_the_plate seed=7 global_step=4200 loss=0.01080058
TRAIN_STEP task=put_the_bowl_on_the_plate seed=7 global_step=4220 loss=0.00994654
TRAIN_STEP task=put_the_bowl_on_the_plate seed=7 global_step=4240 loss=0.01065174
TRAIN_STEP task=put_the_bowl_on_the_plate seed=7 global_step=4260 loss=0.01009209
TRAIN_STEP task=put_the_bowl_on_the_plate seed=7 global_step=4280 loss=0.01019129
TRAIN_STEP task=put_the_bowl_on_the_plate seed=7 global_step=4300 loss=0.01059386
TRAIN_STEP task=put_the_bowl_on_the_plate seed=7 global_step=4320 loss=0.01055469
TRAIN_STEP task=put_the_bowl_on_the_plate seed=7 global_step=4340 loss=0.01054935
TRAIN_STEP task=put_the_bowl_on_the_plate seed=7 global_step=4360 loss=0.00977320
TRAIN_STEP task=put_the_bowl_on_the_plate seed=7 global_step=4380 loss=0.01043505
TRAIN_STEP task=put_the_bowl_on_the_plate seed=7 global_step=4400 loss=0.00998407
TRAIN_STEP task=put_the_bowl_on_the_plate seed=7 global_step=4420 loss=0.00985838
TRAIN_STEP task=put_the_bowl_on_the_plate seed=7 global_step=4440 loss=0.01009204
TRAIN_STEP task=put_the_bowl_on_the_plate seed=7 global_step=4460 loss=0.00965921
TRAIN_STEP task=put_the_bowl_on_the_plate seed=7 global_step=4480 loss=0.01001302
TRAIN_STEP task=put_the_bowl_on_the_plate seed=7 global_step=4500 loss=0.01025190
TRAIN_STEP task=put_the_bowl_on_the_plate seed=7 global_step=4520 loss=0.00995088
TRAIN_STEP task=put_the_bowl_on_the_plate seed=7 global_step=4540 loss=0.00947907
TRAIN_STEP task=put_the_bowl_on_the_plate seed=7 global_step=4560 loss=0.00975500
TRAIN_STEP task=put_the_bowl_on_the_plate seed=7 global_step=4580 loss=0.00965434
TRAIN_STEP task=put_the_bowl_on_the_plate seed=7 global_step=4600 loss=0.00988711
TRAIN_STEP task=put_the_bowl_on_the_plate seed=7 global_step=4620 loss=0.00940707
TRAIN_STEP task=put_the_bowl_on_the_plate seed=7 global_step=4640 loss=0.01001494
TRAIN_STEP task=put_the_bowl_on_the_plate seed=7 global_step=4660 loss=0.01040032
TRAIN_STEP task=put_the_bowl_on_the_plate seed=7 global_step=4680 loss=0.00957955
TRAIN_STEP task=put_the_bowl_on_the_plate seed=7 global_step=4700 loss=0.00980834
TRAIN_STEP task=put_the_bowl_on_the_plate seed=7 global_step=4720 loss=0.00947958
TRAIN_STEP task=put_the_bowl_on_the_plate seed=7 global_step=4740 loss=0.00979867
TRAIN_STEP task=put_the_bowl_on_the_plate seed=7 global_step=4760 loss=0.00961614
TRAIN_STEP task=put_the_bowl_on_the_plate seed=7 global_step=4780 loss=0.00937177
TRAIN_STEP task=put_the_bowl_on_the_plate seed=7 global_step=4800 loss=0.01004520
TRAIN_STEP task=put_the_bowl_on_the_plate seed=7 global_step=4820 loss=0.01017615
TRAIN_STEP task=put_the_bowl_on_the_plate seed=7 global_step=4840 loss=0.00950729
TRAIN_STEP task=put_the_bowl_on_the_plate seed=7 global_step=4860 loss=0.00930038
TRAIN_STEP task=put_the_bowl_on_the_plate seed=7 global_step=4880 loss=0.00946457
TRAIN_STEP task=put_the_bowl_on_the_plate seed=7 global_step=4900 loss=0.00895736
TRAIN_STEP task=put_the_bowl_on_the_plate seed=7 global_step=4920 loss=0.00978598
TRAIN_STEP task=put_the_bowl_on_the_plate seed=7 global_step=4940 loss=0.00965623
TRAIN_STEP task=put_the_bowl_on_the_plate seed=7 global_step=4960 loss=0.00966194
TRAIN_STEP task=put_the_bowl_on_the_plate seed=7 global_step=4980 loss=0.00912717
TRAIN_STEP task=put_the_bowl_on_the_plate seed=7 global_step=5000 loss=0.00959124
TRAIN_STEP task=put_the_bowl_on_the_plate seed=7 global_step=5020 loss=0.00937041
TRAIN_STEP task=put_the_bowl_on_the_plate seed=7 global_step=5040 loss=0.00956939
TRAIN_STEP task=put_the_bowl_on_the_plate seed=7 global_step=5060 loss=0.00944084
TRAIN_STEP task=put_the_bowl_on_the_plate seed=7 global_step=5080 loss=0.00979539
TRAIN_STEP task=put_the_bowl_on_the_plate seed=7 global_step=5100 loss=0.01007729
TRAIN_STEP task=put_the_bowl_on_the_plate seed=7 global_step=5120 loss=0.00909421
TRAIN_STEP task=put_the_bowl_on_the_plate seed=7 global_step=5140 loss=0.00921338
TRAIN_STEP task=put_the_bowl_on_the_plate seed=7 global_step=5160 loss=0.00874386
TRAIN_STEP task=put_the_bowl_on_the_plate seed=7 global_step=5180 loss=0.00927347
TRAIN_STEP task=put_the_bowl_on_the_plate seed=7 global_step=5200 loss=0.00924032
TRAIN_STEP task=put_the_bowl_on_the_plate seed=7 global_step=5220 loss=0.00871592
TRAIN_STEP task=put_the_bowl_on_the_plate seed=7 global_step=5240 loss=0.00952153
TRAIN_STEP task=put_the_bowl_on_the_plate seed=7 global_step=5260 loss=0.00880674
TRAIN_STEP task=put_the_bowl_on_the_plate seed=7 global_step=5280 loss=0.00924284
TRAIN_STEP task=put_the_bowl_on_the_plate seed=7 global_step=5300 loss=0.00924960
TRAIN_STEP task=put_the_bowl_on_the_plate seed=7 global_step=5320 loss=0.00902168
TRAIN_STEP task=put_the_bowl_on_the_plate seed=7 global_step=5340 loss=0.00961260
TRAIN_STEP task=put_the_bowl_on_the_plate seed=7 global_step=5360 loss=0.00920224
TRAIN_STEP task=put_the_bowl_on_the_plate seed=7 global_step=5380 loss=0.00880308
TRAIN_STEP task=put_the_bowl_on_the_plate seed=7 global_step=5400 loss=0.00916064
TRAIN_STEP task=put_the_bowl_on_the_plate seed=7 global_step=5420 loss=0.00894277
TRAIN_STEP task=put_the_bowl_on_the_plate seed=7 global_step=5440 loss=0.00887695
TRAIN_STEP task=put_the_bowl_on_the_plate seed=7 global_step=5460 loss=0.00898652
TRAIN_STEP task=put_the_bowl_on_the_plate seed=7 global_step=5480 loss=0.00885235
TRAIN_STEP task=put_the_bowl_on_the_plate seed=7 global_step=5500 loss=0.00881017
TRAIN_STEP task=put_the_bowl_on_the_plate seed=7 global_step=5520 loss=0.00910650
TRAIN_STEP task=put_the_bowl_on_the_plate seed=7 global_step=5540 loss=0.00869556
TRAIN_STEP task=put_the_bowl_on_the_plate seed=7 global_step=5560 loss=0.00902359
TRAIN_STEP task=put_the_bowl_on_the_plate seed=7 global_step=5580 loss=0.00910941
TRAIN_STEP task=put_the_bowl_on_the_plate seed=7 global_step=5600 loss=0.00886037
TRAIN_STEP task=put_the_bowl_on_the_plate seed=7 global_step=5620 loss=0.00855809
TRAIN_STEP task=put_the_bowl_on_the_plate seed=7 global_step=5640 loss=0.00850729
TRAIN_STEP task=put_the_bowl_on_the_plate seed=7 global_step=5660 loss=0.00907127
TRAIN_STEP task=put_the_bowl_on_the_plate seed=7 global_step=5680 loss=0.00943015
TRAIN_STEP task=put_the_bowl_on_the_plate seed=7 global_step=5700 loss=0.00877238
TRAIN_STEP task=put_the_bowl_on_the_plate seed=7 global_step=5720 loss=0.00824311
TRAIN_STEP task=put_the_bowl_on_the_plate seed=7 global_step=5740 loss=0.00860268
TRAIN_STEP task=put_the_bowl_on_the_plate seed=7 global_step=5760 loss=0.00893488
TRAIN_STEP task=put_the_bowl_on_the_plate seed=7 global_step=5780 loss=0.00872381
TRAIN_STEP task=put_the_bowl_on_the_plate seed=7 global_step=5800 loss=0.00831643
TRAIN_STEP task=put_the_bowl_on_the_plate seed=7 global_step=5820 loss=0.00853752
TRAIN_STEP task=put_the_bowl_on_the_plate seed=7 global_step=5840 loss=0.00857645
TRAIN_STEP task=put_the_bowl_on_the_plate seed=7 global_step=5860 loss=0.00816271
TRAIN_STEP task=put_the_bowl_on_the_plate seed=7 global_step=5880 loss=0.00909713
TRAIN_STEP task=put_the_bowl_on_the_plate seed=7 global_step=5900 loss=0.00798283
TRAIN_STEP task=put_the_bowl_on_the_plate seed=7 global_step=5920 loss=0.00882917
TRAIN_STEP task=put_the_bowl_on_the_plate seed=7 global_step=5940 loss=0.00857976
TRAIN_STEP task=put_the_bowl_on_the_plate seed=7 global_step=5960 loss=0.00856532
TRAIN_STEP task=put_the_bowl_on_the_plate seed=7 global_step=5980 loss=0.00860300
TRAIN_STEP task=put_the_bowl_on_the_plate seed=7 global_step=6000 loss=0.00869128
CHECKPOINT_COMPLETE step=6000 path=/mnt/cpfs/zbl-cpfs-new/CKPT/leon/torch/r16_p14_libero_stage1/r16p14-libero-stage1-pilot-v1/put_the_bowl_on_the_plate/seed_7/step_00006000
TRAIN_STEP task=put_the_bowl_on_the_plate seed=7 global_step=6020 loss=0.00854978
TRAIN_STEP task=put_the_bowl_on_the_plate seed=7 global_step=6040 loss=0.00823223
TRAIN_STEP task=put_the_bowl_on_the_plate seed=7 global_step=6060 loss=0.00904405
TRAIN_STEP task=put_the_bowl_on_the_plate seed=7 global_step=6080 loss=0.00827130
TRAIN_STEP task=put_the_bowl_on_the_plate seed=7 global_step=6100 loss=0.00860748
TRAIN_STEP task=put_the_bowl_on_the_plate seed=7 global_step=6120 loss=0.00840431
TRAIN_STEP task=put_the_bowl_on_the_plate seed=7 global_step=6140 loss=0.00891025
TRAIN_STEP task=put_the_bowl_on_the_plate seed=7 global_step=6160 loss=0.00861148
TRAIN_STEP task=put_the_bowl_on_the_plate seed=7 global_step=6180 loss=0.00811384
TRAIN_STEP task=put_the_bowl_on_the_plate seed=7 global_step=6200 loss=0.00826144
TRAIN_STEP task=put_the_bowl_on_the_plate seed=7 global_step=6220 loss=0.00834884
TRAIN_STEP task=put_the_bowl_on_the_plate seed=7 global_step=6240 loss=0.00858852
TRAIN_STEP task=put_the_bowl_on_the_plate seed=7 global_step=6260 loss=0.00890777
TRAIN_STEP task=put_the_bowl_on_the_plate seed=7 global_step=6280 loss=0.00848087
TRAIN_STEP task=put_the_bowl_on_the_plate seed=7 global_step=6300 loss=0.00834031
TRAIN_STEP task=put_the_bowl_on_the_plate seed=7 global_step=6320 loss=0.00839751
TRAIN_STEP task=put_the_bowl_on_the_plate seed=7 global_step=6340 loss=0.00839286
TRAIN_STEP task=put_the_bowl_on_the_plate seed=7 global_step=6360 loss=0.00868589
TRAIN_STEP task=put_the_bowl_on_the_plate seed=7 global_step=6380 loss=0.00875862
TRAIN_STEP task=put_the_bowl_on_the_plate seed=7 global_step=6400 loss=0.00851555
TRAIN_STEP task=put_the_bowl_on_the_plate seed=7 global_step=6420 loss=0.00813141
TRAIN_STEP task=put_the_bowl_on_the_plate seed=7 global_step=6440 loss=0.00820970
TRAIN_STEP task=put_the_bowl_on_the_plate seed=7 global_step=6460 loss=0.00848979
TRAIN_STEP task=put_the_bowl_on_the_plate seed=7 global_step=6480 loss=0.00818697
TRAIN_STEP task=put_the_bowl_on_the_plate seed=7 global_step=6500 loss=0.00822643
TRAIN_STEP task=put_the_bowl_on_the_plate seed=7 global_step=6520 loss=0.00842147
TRAIN_STEP task=put_the_bowl_on_the_plate seed=7 global_step=6540 loss=0.00876509
TRAIN_STEP task=put_the_bowl_on_the_plate seed=7 global_step=6560 loss=0.00827426
TRAIN_STEP task=put_the_bowl_on_the_plate seed=7 global_step=6580 loss=0.00778910
TRAIN_STEP task=put_the_bowl_on_the_plate seed=7 global_step=6600 loss=0.00847607
TRAIN_STEP task=put_the_bowl_on_the_plate seed=7 global_step=6620 loss=0.00845657
TRAIN_STEP task=put_the_bowl_on_the_plate seed=7 global_step=6640 loss=0.00843654
TRAIN_STEP task=put_the_bowl_on_the_plate seed=7 global_step=6660 loss=0.00840237
TRAIN_STEP task=put_the_bowl_on_the_plate seed=7 global_step=6680 loss=0.00825525
TRAIN_STEP task=put_the_bowl_on_the_plate seed=7 global_step=6700 loss=0.00825412
TRAIN_STEP task=put_the_bowl_on_the_plate seed=7 global_step=6720 loss=0.00833622
TRAIN_STEP task=put_the_bowl_on_the_plate seed=7 global_step=6740 loss=0.00799701
TRAIN_STEP task=put_the_bowl_on_the_plate seed=7 global_step=6760 loss=0.00817123
TRAIN_STEP task=put_the_bowl_on_the_plate seed=7 global_step=6780 loss=0.00826501
TRAIN_STEP task=put_the_bowl_on_the_plate seed=7 global_step=6800 loss=0.00839545
TRAIN_STEP task=put_the_bowl_on_the_plate seed=7 global_step=6820 loss=0.00862415
TRAIN_STEP task=put_the_bowl_on_the_plate seed=7 global_step=6840 loss=0.00848454
TRAIN_STEP task=put_the_bowl_on_the_plate seed=7 global_step=6860 loss=0.00828814
TRAIN_STEP task=put_the_bowl_on_the_plate seed=7 global_step=6880 loss=0.00870677
TRAIN_STEP task=put_the_bowl_on_the_plate seed=7 global_step=6900 loss=0.00799372
TRAIN_STEP task=put_the_bowl_on_the_plate seed=7 global_step=6920 loss=0.00862865
TRAIN_STEP task=put_the_bowl_on_the_plate seed=7 global_step=6940 loss=0.00833224
TRAIN_STEP task=put_the_bowl_on_the_plate seed=7 global_step=6960 loss=0.00791893
TRAIN_STEP task=put_the_bowl_on_the_plate seed=7 global_step=6980 loss=0.00810015
TRAIN_STEP task=put_the_bowl_on_the_plate seed=7 global_step=7000 loss=0.00838590
TRAIN_STEP task=put_the_bowl_on_the_plate seed=7 global_step=7020 loss=0.00758895
TRAIN_STEP task=put_the_bowl_on_the_plate seed=7 global_step=7040 loss=0.00838153
TRAIN_STEP task=put_the_bowl_on_the_plate seed=7 global_step=7060 loss=0.00877272
TRAIN_STEP task=put_the_bowl_on_the_plate seed=7 global_step=7080 loss=0.00857853
TRAIN_STEP task=put_the_bowl_on_the_plate seed=7 global_step=7100 loss=0.00821591
TRAIN_STEP task=put_the_bowl_on_the_plate seed=7 global_step=7120 loss=0.00839619
TRAIN_STEP task=put_the_bowl_on_the_plate seed=7 global_step=7140 loss=0.00846418
TRAIN_STEP task=put_the_bowl_on_the_plate seed=7 global_step=7160 loss=0.00868164
TRAIN_STEP task=put_the_bowl_on_the_plate seed=7 global_step=7180 loss=0.00836011
TRAIN_STEP task=put_the_bowl_on_the_plate seed=7 global_step=7200 loss=0.00816974
TRAIN_STEP task=put_the_bowl_on_the_plate seed=7 global_step=7220 loss=0.00843258
TRAIN_STEP task=put_the_bowl_on_the_plate seed=7 global_step=7240 loss=0.00800553
TRAIN_STEP task=put_the_bowl_on_the_plate seed=7 global_step=7260 loss=0.00821966
TRAIN_STEP task=put_the_bowl_on_the_plate seed=7 global_step=7280 loss=0.00820996
TRAIN_STEP task=put_the_bowl_on_the_plate seed=7 global_step=7300 loss=0.00812906
TRAIN_STEP task=put_the_bowl_on_the_plate seed=7 global_step=7320 loss=0.00808460
TRAIN_STEP task=put_the_bowl_on_the_plate seed=7 global_step=7340 loss=0.00792071
TRAIN_STEP task=put_the_bowl_on_the_plate seed=7 global_step=7360 loss=0.00825110
TRAIN_STEP task=put_the_bowl_on_the_plate seed=7 global_step=7380 loss=0.00803734
TRAIN_STEP task=put_the_bowl_on_the_plate seed=7 global_step=7400 loss=0.00817868
TRAIN_STEP task=put_the_bowl_on_the_plate seed=7 global_step=7420 loss=0.00788206
TRAIN_STEP task=put_the_bowl_on_the_plate seed=7 global_step=7440 loss=0.00841653
TRAIN_STEP task=put_the_bowl_on_the_plate seed=7 global_step=7460 loss=0.00830192
TRAIN_STEP task=put_the_bowl_on_the_plate seed=7 global_step=7480 loss=0.00806474
TRAIN_STEP task=put_the_bowl_on_the_plate seed=7 global_step=7500 loss=0.00827746
TRAIN_STEP task=put_the_bowl_on_the_plate seed=7 global_step=7520 loss=0.00813948
TRAIN_STEP task=put_the_bowl_on_the_plate seed=7 global_step=7540 loss=0.00792754
TRAIN_STEP task=put_the_bowl_on_the_plate seed=7 global_step=7560 loss=0.00821499
TRAIN_STEP task=put_the_bowl_on_the_plate seed=7 global_step=7580 loss=0.00769432
TRAIN_STEP task=put_the_bowl_on_the_plate seed=7 global_step=7600 loss=0.00875590
TRAIN_STEP task=put_the_bowl_on_the_plate seed=7 global_step=7620 loss=0.00828741
TRAIN_STEP task=put_the_bowl_on_the_plate seed=7 global_step=7640 loss=0.00790547
TRAIN_STEP task=put_the_bowl_on_the_plate seed=7 global_step=7660 loss=0.00837087
TRAIN_STEP task=put_the_bowl_on_the_plate seed=7 global_step=7680 loss=0.00799244
TRAIN_STEP task=put_the_bowl_on_the_plate seed=7 global_step=7700 loss=0.00885858
TRAIN_STEP task=put_the_bowl_on_the_plate seed=7 global_step=7720 loss=0.00865756
TRAIN_STEP task=put_the_bowl_on_the_plate seed=7 global_step=7740 loss=0.00896625
TRAIN_STEP task=put_the_bowl_on_the_plate seed=7 global_step=7760 loss=0.00853171
TRAIN_STEP task=put_the_bowl_on_the_plate seed=7 global_step=7780 loss=0.00836394
TRAIN_STEP task=put_the_bowl_on_the_plate seed=7 global_step=7800 loss=0.00805528
TRAIN_STEP task=put_the_bowl_on_the_plate seed=7 global_step=7820 loss=0.00785911
TRAIN_STEP task=put_the_bowl_on_the_plate seed=7 global_step=7840 loss=0.00859672
TRAIN_STEP task=put_the_bowl_on_the_plate seed=7 global_step=7860 loss=0.00830238
TRAIN_STEP task=put_the_bowl_on_the_plate seed=7 global_step=7880 loss=0.00775538
TRAIN_STEP task=put_the_bowl_on_the_plate seed=7 global_step=7900 loss=0.00774215
TRAIN_STEP task=put_the_bowl_on_the_plate seed=7 global_step=7920 loss=0.00815762
TRAIN_STEP task=put_the_bowl_on_the_plate seed=7 global_step=7940 loss=0.00774755
TRAIN_STEP task=put_the_bowl_on_the_plate seed=7 global_step=7960 loss=0.00820679
TRAIN_STEP task=put_the_bowl_on_the_plate seed=7 global_step=7980 loss=0.00786907
TRAIN_STEP task=put_the_bowl_on_the_plate seed=7 global_step=8000 loss=0.00876543
CHECKPOINT_COMPLETE step=8000 path=/mnt/cpfs/zbl-cpfs-new/CKPT/leon/torch/r16_p14_libero_stage1/r16p14-libero-stage1-pilot-v1/put_the_bowl_on_the_plate/seed_7/step_00008000
wandb: - 0.003 MB of 0.003 MB uploadedwandb: \ 0.004 MB of 0.041 MB uploadedwandb: | 0.041 MB of 0.041 MB uploadedwandb: / 0.041 MB of 0.041 MB uploadedwandb: - 0.041 MB of 0.041 MB uploadedwandb:                                                                                
wandb: 
wandb: Run history:
wandb:   train/global_step ▁▁▁▁▂▂▂▂▂▃▃▃▃▃▃▄▄▄▄▄▅▅▅▅▅▅▆▆▆▆▆▇▇▇▇▇▇███
wandb: train/learning_rate ███████▇▇▇▇▇▆▆▆▆▆▅▅▅▄▄▄▄▃▃▃▃▂▂▂▂▂▁▁▁▁▁▁▁
wandb:          train/loss █▅▃▃▂▂▂▂▂▁▁▁▁▁▁▁▁▁▁▁▁▁▁▁▁▁▁▁▁▁▁▁▁▁▁▁▁▁▁▁
wandb: 
wandb: Run summary:
wandb:   latest_checkpoint /mnt/cpfs/zbl-cpfs-n...
wandb:                loss 0.00877
wandb:              run_id r16p14-libero-stage1...
wandb:                seed 7
wandb:                step 8000
wandb:                task put_the_bowl_on_the_...
wandb:   train/global_step 8000
wandb: train/learning_rate 0.0
wandb:          train/loss 0.00877
wandb: 
wandb: 🚀 View run put_the_bowl_on_the_plate-seed-7 at: https://wandb.ai/chen_jian-cj-workspace/r16-p14-libero-stage1/runs/r16p14-libero-stage1-pilot-v1-put_the_bowl_on_the_plate-seed-7
wandb: ⭐️ View project at: https://wandb.ai/chen_jian-cj-workspace/r16-p14-libero-stage1
wandb: Synced 5 W&B file(s), 0 media file(s), 0 artifact file(s) and 0 other file(s)
wandb: Find logs at: ./cache/wandb/wandb/run-20260812_224818-r16p14-libero-stage1-pilot-v1-put_the_bowl_on_the_plate-seed-7/logs
AUTO_RESUME=0 RUN_ID=r16p14-libero-stage1-pilot-v1 task=put_the_bowl_on_the_plate seed=17 RESUME_FLAG=false checkpoint=none
wandb: - Waiting for wandb.init()...wandb: \ Waiting for wandb.init()...wandb: Tracking run with wandb version 0.16.6
wandb: Run data is saved locally in /mnt/cpfs/zbl-cpfs-new/USERS/leon/logs/r16_p14_libero_stage1/pai/r16p14-libero-stage1-20260812-144626/cache/wandb/wandb/run-20260812_225154-r16p14-libero-stage1-pilot-v1-put_the_bowl_on_the_plate-seed-17
wandb: Run `wandb offline` to turn off syncing.
wandb: Syncing run put_the_bowl_on_the_plate-seed-17
wandb: ⭐️ View project at https://wandb.ai/chen_jian-cj-workspace/r16-p14-libero-stage1
wandb: 🚀 View run at https://wandb.ai/chen_jian-cj-workspace/r16-p14-libero-stage1/runs/r16p14-libero-stage1-pilot-v1-put_the_bowl_on_the_plate-seed-17
TRAIN_STEP task=put_the_bowl_on_the_plate seed=17 global_step=1 loss=0.43097407
TRAIN_STEP task=put_the_bowl_on_the_plate seed=17 global_step=20 loss=0.31719595
TRAIN_STEP task=put_the_bowl_on_the_plate seed=17 global_step=40 loss=0.20975654
TRAIN_STEP task=put_the_bowl_on_the_plate seed=17 global_step=60 loss=0.18780778
TRAIN_STEP task=put_the_bowl_on_the_plate seed=17 global_step=80 loss=0.16793944
TRAIN_STEP task=put_the_bowl_on_the_plate seed=17 global_step=100 loss=0.15570094
TRAIN_STEP task=put_the_bowl_on_the_plate seed=17 global_step=120 loss=0.14780031
TRAIN_STEP task=put_the_bowl_on_the_plate seed=17 global_step=140 loss=0.13314763
TRAIN_STEP task=put_the_bowl_on_the_plate seed=17 global_step=160 loss=0.12968850
TRAIN_STEP task=put_the_bowl_on_the_plate seed=17 global_step=180 loss=0.11189251
TRAIN_STEP task=put_the_bowl_on_the_plate seed=17 global_step=200 loss=0.10886859
TRAIN_STEP task=put_the_bowl_on_the_plate seed=17 global_step=220 loss=0.10541932
TRAIN_STEP task=put_the_bowl_on_the_plate seed=17 global_step=240 loss=0.10626692
TRAIN_STEP task=put_the_bowl_on_the_plate seed=17 global_step=260 loss=0.08858762
TRAIN_STEP task=put_the_bowl_on_the_plate seed=17 global_step=280 loss=0.09134844
TRAIN_STEP task=put_the_bowl_on_the_plate seed=17 global_step=300 loss=0.08541998
TRAIN_STEP task=put_the_bowl_on_the_plate seed=17 global_step=320 loss=0.08366507
TRAIN_STEP task=put_the_bowl_on_the_plate seed=17 global_step=340 loss=0.08126552
TRAIN_STEP task=put_the_bowl_on_the_plate seed=17 global_step=360 loss=0.07908683
TRAIN_STEP task=put_the_bowl_on_the_plate seed=17 global_step=380 loss=0.08021924
TRAIN_STEP task=put_the_bowl_on_the_plate seed=17 global_step=400 loss=0.07635199
TRAIN_STEP task=put_the_bowl_on_the_plate seed=17 global_step=420 loss=0.07786149
TRAIN_STEP task=put_the_bowl_on_the_plate seed=17 global_step=440 loss=0.06822584
TRAIN_STEP task=put_the_bowl_on_the_plate seed=17 global_step=460 loss=0.06773861
TRAIN_STEP task=put_the_bowl_on_the_plate seed=17 global_step=480 loss=0.06407394
TRAIN_STEP task=put_the_bowl_on_the_plate seed=17 global_step=500 loss=0.06161759
TRAIN_STEP task=put_the_bowl_on_the_plate seed=17 global_step=520 loss=0.06007936
TRAIN_STEP task=put_the_bowl_on_the_plate seed=17 global_step=540 loss=0.05849843
TRAIN_STEP task=put_the_bowl_on_the_plate seed=17 global_step=560 loss=0.05688237
TRAIN_STEP task=put_the_bowl_on_the_plate seed=17 global_step=580 loss=0.05598002
TRAIN_STEP task=put_the_bowl_on_the_plate seed=17 global_step=600 loss=0.05887897
TRAIN_STEP task=put_the_bowl_on_the_plate seed=17 global_step=620 loss=0.05341313
TRAIN_STEP task=put_the_bowl_on_the_plate seed=17 global_step=640 loss=0.05254598
TRAIN_STEP task=put_the_bowl_on_the_plate seed=17 global_step=660 loss=0.05192027
TRAIN_STEP task=put_the_bowl_on_the_plate seed=17 global_step=680 loss=0.05004418
TRAIN_STEP task=put_the_bowl_on_the_plate seed=17 global_step=700 loss=0.04958663
TRAIN_STEP task=put_the_bowl_on_the_plate seed=17 global_step=720 loss=0.04761622
TRAIN_STEP task=put_the_bowl_on_the_plate seed=17 global_step=740 loss=0.05021068
TRAIN_STEP task=put_the_bowl_on_the_plate seed=17 global_step=760 loss=0.04686270
TRAIN_STEP task=put_the_bowl_on_the_plate seed=17 global_step=780 loss=0.04469661
TRAIN_STEP task=put_the_bowl_on_the_plate seed=17 global_step=800 loss=0.04319585
TRAIN_STEP task=put_the_bowl_on_the_plate seed=17 global_step=820 loss=0.04342744
TRAIN_STEP task=put_the_bowl_on_the_plate seed=17 global_step=840 loss=0.04200092
TRAIN_STEP task=put_the_bowl_on_the_plate seed=17 global_step=860 loss=0.04538712
TRAIN_STEP task=put_the_bowl_on_the_plate seed=17 global_step=880 loss=0.04147131
TRAIN_STEP task=put_the_bowl_on_the_plate seed=17 global_step=900 loss=0.04016146
TRAIN_STEP task=put_the_bowl_on_the_plate seed=17 global_step=920 loss=0.04107763
TRAIN_STEP task=put_the_bowl_on_the_plate seed=17 global_step=940 loss=0.03848312
TRAIN_STEP task=put_the_bowl_on_the_plate seed=17 global_step=960 loss=0.03871961
TRAIN_STEP task=put_the_bowl_on_the_plate seed=17 global_step=980 loss=0.03720326
TRAIN_STEP task=put_the_bowl_on_the_plate seed=17 global_step=1000 loss=0.03553520
TRAIN_STEP task=put_the_bowl_on_the_plate seed=17 global_step=1020 loss=0.03431819
TRAIN_STEP task=put_the_bowl_on_the_plate seed=17 global_step=1040 loss=0.03600446
TRAIN_STEP task=put_the_bowl_on_the_plate seed=17 global_step=1060 loss=0.03536906
TRAIN_STEP task=put_the_bowl_on_the_plate seed=17 global_step=1080 loss=0.03366177
TRAIN_STEP task=put_the_bowl_on_the_plate seed=17 global_step=1100 loss=0.03378644
TRAIN_STEP task=put_the_bowl_on_the_plate seed=17 global_step=1120 loss=0.03360745
TRAIN_STEP task=put_the_bowl_on_the_plate seed=17 global_step=1140 loss=0.03520333
TRAIN_STEP task=put_the_bowl_on_the_plate seed=17 global_step=1160 loss=0.03096156
TRAIN_STEP task=put_the_bowl_on_the_plate seed=17 global_step=1180 loss=0.03166238
TRAIN_STEP task=put_the_bowl_on_the_plate seed=17 global_step=1200 loss=0.02959657
TRAIN_STEP task=put_the_bowl_on_the_plate seed=17 global_step=1220 loss=0.02986992
TRAIN_STEP task=put_the_bowl_on_the_plate seed=17 global_step=1240 loss=0.02949410
TRAIN_STEP task=put_the_bowl_on_the_plate seed=17 global_step=1260 loss=0.02923613
TRAIN_STEP task=put_the_bowl_on_the_plate seed=17 global_step=1280 loss=0.02797914
TRAIN_STEP task=put_the_bowl_on_the_plate seed=17 global_step=1300 loss=0.02779840
TRAIN_STEP task=put_the_bowl_on_the_plate seed=17 global_step=1320 loss=0.02814011
TRAIN_STEP task=put_the_bowl_on_the_plate seed=17 global_step=1340 loss=0.02867557
TRAIN_STEP task=put_the_bowl_on_the_plate seed=17 global_step=1360 loss=0.02817011
TRAIN_STEP task=put_the_bowl_on_the_plate seed=17 global_step=1380 loss=0.02860274
TRAIN_STEP task=put_the_bowl_on_the_plate seed=17 global_step=1400 loss=0.02597395
TRAIN_STEP task=put_the_bowl_on_the_plate seed=17 global_step=1420 loss=0.02664453
TRAIN_STEP task=put_the_bowl_on_the_plate seed=17 global_step=1440 loss=0.02549515
TRAIN_STEP task=put_the_bowl_on_the_plate seed=17 global_step=1460 loss=0.02543803
TRAIN_STEP task=put_the_bowl_on_the_plate seed=17 global_step=1480 loss=0.02516798
TRAIN_STEP task=put_the_bowl_on_the_plate seed=17 global_step=1500 loss=0.02495982
TRAIN_STEP task=put_the_bowl_on_the_plate seed=17 global_step=1520 loss=0.02511786
TRAIN_STEP task=put_the_bowl_on_the_plate seed=17 global_step=1540 loss=0.02409687
TRAIN_STEP task=put_the_bowl_on_the_plate seed=17 global_step=1560 loss=0.02395026
TRAIN_STEP task=put_the_bowl_on_the_plate seed=17 global_step=1580 loss=0.02347243
TRAIN_STEP task=put_the_bowl_on_the_plate seed=17 global_step=1600 loss=0.02340113
TRAIN_STEP task=put_the_bowl_on_the_plate seed=17 global_step=1620 loss=0.02431609
TRAIN_STEP task=put_the_bowl_on_the_plate seed=17 global_step=1640 loss=0.02349078
TRAIN_STEP task=put_the_bowl_on_the_plate seed=17 global_step=1660 loss=0.02150204
TRAIN_STEP task=put_the_bowl_on_the_plate seed=17 global_step=1680 loss=0.02377715
TRAIN_STEP task=put_the_bowl_on_the_plate seed=17 global_step=1700 loss=0.02273338
TRAIN_STEP task=put_the_bowl_on_the_plate seed=17 global_step=1720 loss=0.02282635
TRAIN_STEP task=put_the_bowl_on_the_plate seed=17 global_step=1740 loss=0.02308796
TRAIN_STEP task=put_the_bowl_on_the_plate seed=17 global_step=1760 loss=0.02118091
TRAIN_STEP task=put_the_bowl_on_the_plate seed=17 global_step=1780 loss=0.02175038
TRAIN_STEP task=put_the_bowl_on_the_plate seed=17 global_step=1800 loss=0.02077566
TRAIN_STEP task=put_the_bowl_on_the_plate seed=17 global_step=1820 loss=0.02083911
TRAIN_STEP task=put_the_bowl_on_the_plate seed=17 global_step=1840 loss=0.02131666
TRAIN_STEP task=put_the_bowl_on_the_plate seed=17 global_step=1860 loss=0.02010285
TRAIN_STEP task=put_the_bowl_on_the_plate seed=17 global_step=1880 loss=0.02137764
TRAIN_STEP task=put_the_bowl_on_the_plate seed=17 global_step=1900 loss=0.02016582
TRAIN_STEP task=put_the_bowl_on_the_plate seed=17 global_step=1920 loss=0.01991616
TRAIN_STEP task=put_the_bowl_on_the_plate seed=17 global_step=1940 loss=0.02018502
TRAIN_STEP task=put_the_bowl_on_the_plate seed=17 global_step=1960 loss=0.01899636
TRAIN_STEP task=put_the_bowl_on_the_plate seed=17 global_step=1980 loss=0.02079234
TRAIN_STEP task=put_the_bowl_on_the_plate seed=17 global_step=2000 loss=0.01986518
CHECKPOINT_COMPLETE step=2000 path=/mnt/cpfs/zbl-cpfs-new/CKPT/leon/torch/r16_p14_libero_stage1/r16p14-libero-stage1-pilot-v1/put_the_bowl_on_the_plate/seed_17/step_00002000
TRAIN_STEP task=put_the_bowl_on_the_plate seed=17 global_step=2020 loss=0.01944572
TRAIN_STEP task=put_the_bowl_on_the_plate seed=17 global_step=2040 loss=0.01905495
TRAIN_STEP task=put_the_bowl_on_the_plate seed=17 global_step=2060 loss=0.01954528
TRAIN_STEP task=put_the_bowl_on_the_plate seed=17 global_step=2080 loss=0.01833879
TRAIN_STEP task=put_the_bowl_on_the_plate seed=17 global_step=2100 loss=0.01823997
TRAIN_STEP task=put_the_bowl_on_the_plate seed=17 global_step=2120 loss=0.01810881
TRAIN_STEP task=put_the_bowl_on_the_plate seed=17 global_step=2140 loss=0.01936475
TRAIN_STEP task=put_the_bowl_on_the_plate seed=17 global_step=2160 loss=0.01813359
TRAIN_STEP task=put_the_bowl_on_the_plate seed=17 global_step=2180 loss=0.01784023
TRAIN_STEP task=put_the_bowl_on_the_plate seed=17 global_step=2200 loss=0.01773686
TRAIN_STEP task=put_the_bowl_on_the_plate seed=17 global_step=2220 loss=0.01796915
TRAIN_STEP task=put_the_bowl_on_the_plate seed=17 global_step=2240 loss=0.01710825
TRAIN_STEP task=put_the_bowl_on_the_plate seed=17 global_step=2260 loss=0.01844020
TRAIN_STEP task=put_the_bowl_on_the_plate seed=17 global_step=2280 loss=0.01694918
TRAIN_STEP task=put_the_bowl_on_the_plate seed=17 global_step=2300 loss=0.01636019
TRAIN_STEP task=put_the_bowl_on_the_plate seed=17 global_step=2320 loss=0.01673515
TRAIN_STEP task=put_the_bowl_on_the_plate seed=17 global_step=2340 loss=0.01716682
TRAIN_STEP task=put_the_bowl_on_the_plate seed=17 global_step=2360 loss=0.01730948
TRAIN_STEP task=put_the_bowl_on_the_plate seed=17 global_step=2380 loss=0.01650005
TRAIN_STEP task=put_the_bowl_on_the_plate seed=17 global_step=2400 loss=0.01691202
TRAIN_STEP task=put_the_bowl_on_the_plate seed=17 global_step=2420 loss=0.01588516
TRAIN_STEP task=put_the_bowl_on_the_plate seed=17 global_step=2440 loss=0.01678021
TRAIN_STEP task=put_the_bowl_on_the_plate seed=17 global_step=2460 loss=0.01619519
TRAIN_STEP task=put_the_bowl_on_the_plate seed=17 global_step=2480 loss=0.01619104
TRAIN_STEP task=put_the_bowl_on_the_plate seed=17 global_step=2500 loss=0.01607529
TRAIN_STEP task=put_the_bowl_on_the_plate seed=17 global_step=2520 loss=0.01619047
TRAIN_STEP task=put_the_bowl_on_the_plate seed=17 global_step=2540 loss=0.01566305
TRAIN_STEP task=put_the_bowl_on_the_plate seed=17 global_step=2560 loss=0.01488811
TRAIN_STEP task=put_the_bowl_on_the_plate seed=17 global_step=2580 loss=0.01514726
TRAIN_STEP task=put_the_bowl_on_the_plate seed=17 global_step=2600 loss=0.01587976
TRAIN_STEP task=put_the_bowl_on_the_plate seed=17 global_step=2620 loss=0.01543004
TRAIN_STEP task=put_the_bowl_on_the_plate seed=17 global_step=2640 loss=0.01456062
TRAIN_STEP task=put_the_bowl_on_the_plate seed=17 global_step=2660 loss=0.01513484
TRAIN_STEP task=put_the_bowl_on_the_plate seed=17 global_step=2680 loss=0.01491933
TRAIN_STEP task=put_the_bowl_on_the_plate seed=17 global_step=2700 loss=0.01526329
TRAIN_STEP task=put_the_bowl_on_the_plate seed=17 global_step=2720 loss=0.01464332
TRAIN_STEP task=put_the_bowl_on_the_plate seed=17 global_step=2740 loss=0.01568061
TRAIN_STEP task=put_the_bowl_on_the_plate seed=17 global_step=2760 loss=0.01415411
TRAIN_STEP task=put_the_bowl_on_the_plate seed=17 global_step=2780 loss=0.01431404
TRAIN_STEP task=put_the_bowl_on_the_plate seed=17 global_step=2800 loss=0.01426776
TRAIN_STEP task=put_the_bowl_on_the_plate seed=17 global_step=2820 loss=0.01468613
TRAIN_STEP task=put_the_bowl_on_the_plate seed=17 global_step=2840 loss=0.01395238
TRAIN_STEP task=put_the_bowl_on_the_plate seed=17 global_step=2860 loss=0.01447251
TRAIN_STEP task=put_the_bowl_on_the_plate seed=17 global_step=2880 loss=0.01428646
TRAIN_STEP task=put_the_bowl_on_the_plate seed=17 global_step=2900 loss=0.01416609
TRAIN_STEP task=put_the_bowl_on_the_plate seed=17 global_step=2920 loss=0.01379451
TRAIN_STEP task=put_the_bowl_on_the_plate seed=17 global_step=2940 loss=0.01357884
TRAIN_STEP task=put_the_bowl_on_the_plate seed=17 global_step=2960 loss=0.01395857
TRAIN_STEP task=put_the_bowl_on_the_plate seed=17 global_step=2980 loss=0.01352469
TRAIN_STEP task=put_the_bowl_on_the_plate seed=17 global_step=3000 loss=0.01345461
TRAIN_STEP task=put_the_bowl_on_the_plate seed=17 global_step=3020 loss=0.01381027
TRAIN_STEP task=put_the_bowl_on_the_plate seed=17 global_step=3040 loss=0.01291285
TRAIN_STEP task=put_the_bowl_on_the_plate seed=17 global_step=3060 loss=0.01363819
TRAIN_STEP task=put_the_bowl_on_the_plate seed=17 global_step=3080 loss=0.01394168
TRAIN_STEP task=put_the_bowl_on_the_plate seed=17 global_step=3100 loss=0.01333109
TRAIN_STEP task=put_the_bowl_on_the_plate seed=17 global_step=3120 loss=0.01354699
TRAIN_STEP task=put_the_bowl_on_the_plate seed=17 global_step=3140 loss=0.01295588
TRAIN_STEP task=put_the_bowl_on_the_plate seed=17 global_step=3160 loss=0.01238947
TRAIN_STEP task=put_the_bowl_on_the_plate seed=17 global_step=3180 loss=0.01289859
TRAIN_STEP task=put_the_bowl_on_the_plate seed=17 global_step=3200 loss=0.01371525
TRAIN_STEP task=put_the_bowl_on_the_plate seed=17 global_step=3220 loss=0.01246029
TRAIN_STEP task=put_the_bowl_on_the_plate seed=17 global_step=3240 loss=0.01305674
TRAIN_STEP task=put_the_bowl_on_the_plate seed=17 global_step=3260 loss=0.01209457
TRAIN_STEP task=put_the_bowl_on_the_plate seed=17 global_step=3280 loss=0.01281520
TRAIN_STEP task=put_the_bowl_on_the_plate seed=17 global_step=3300 loss=0.01339535
TRAIN_STEP task=put_the_bowl_on_the_plate seed=17 global_step=3320 loss=0.01318304
TRAIN_STEP task=put_the_bowl_on_the_plate seed=17 global_step=3340 loss=0.01275963
TRAIN_STEP task=put_the_bowl_on_the_plate seed=17 global_step=3360 loss=0.01232962
TRAIN_STEP task=put_the_bowl_on_the_plate seed=17 global_step=3380 loss=0.01244200
TRAIN_STEP task=put_the_bowl_on_the_plate seed=17 global_step=3400 loss=0.01189877
TRAIN_STEP task=put_the_bowl_on_the_plate seed=17 global_step=3420 loss=0.01247834
TRAIN_STEP task=put_the_bowl_on_the_plate seed=17 global_step=3440 loss=0.01240993
TRAIN_STEP task=put_the_bowl_on_the_plate seed=17 global_step=3460 loss=0.01216128
TRAIN_STEP task=put_the_bowl_on_the_plate seed=17 global_step=3480 loss=0.01210057
TRAIN_STEP task=put_the_bowl_on_the_plate seed=17 global_step=3500 loss=0.01229235
TRAIN_STEP task=put_the_bowl_on_the_plate seed=17 global_step=3520 loss=0.01196942
TRAIN_STEP task=put_the_bowl_on_the_plate seed=17 global_step=3540 loss=0.01287948
TRAIN_STEP task=put_the_bowl_on_the_plate seed=17 global_step=3560 loss=0.01261064
TRAIN_STEP task=put_the_bowl_on_the_plate seed=17 global_step=3580 loss=0.01171498
TRAIN_STEP task=put_the_bowl_on_the_plate seed=17 global_step=3600 loss=0.01193934
TRAIN_STEP task=put_the_bowl_on_the_plate seed=17 global_step=3620 loss=0.01181309
TRAIN_STEP task=put_the_bowl_on_the_plate seed=17 global_step=3640 loss=0.01160881
TRAIN_STEP task=put_the_bowl_on_the_plate seed=17 global_step=3660 loss=0.01117437
TRAIN_STEP task=put_the_bowl_on_the_plate seed=17 global_step=3680 loss=0.01154193
TRAIN_STEP task=put_the_bowl_on_the_plate seed=17 global_step=3700 loss=0.01178404
TRAIN_STEP task=put_the_bowl_on_the_plate seed=17 global_step=3720 loss=0.01109760
TRAIN_STEP task=put_the_bowl_on_the_plate seed=17 global_step=3740 loss=0.01163816
TRAIN_STEP task=put_the_bowl_on_the_plate seed=17 global_step=3760 loss=0.01176102
TRAIN_STEP task=put_the_bowl_on_the_plate seed=17 global_step=3780 loss=0.01148821
TRAIN_STEP task=put_the_bowl_on_the_plate seed=17 global_step=3800 loss=0.01147203
TRAIN_STEP task=put_the_bowl_on_the_plate seed=17 global_step=3820 loss=0.01123927
TRAIN_STEP task=put_the_bowl_on_the_plate seed=17 global_step=3840 loss=0.01134872
TRAIN_STEP task=put_the_bowl_on_the_plate seed=17 global_step=3860 loss=0.01102185
TRAIN_STEP task=put_the_bowl_on_the_plate seed=17 global_step=3880 loss=0.01123981
TRAIN_STEP task=put_the_bowl_on_the_plate seed=17 global_step=3900 loss=0.01112150
TRAIN_STEP task=put_the_bowl_on_the_plate seed=17 global_step=3920 loss=0.01096052
TRAIN_STEP task=put_the_bowl_on_the_plate seed=17 global_step=3940 loss=0.01085286
TRAIN_STEP task=put_the_bowl_on_the_plate seed=17 global_step=3960 loss=0.01166373
TRAIN_STEP task=put_the_bowl_on_the_plate seed=17 global_step=3980 loss=0.01086020
TRAIN_STEP task=put_the_bowl_on_the_plate seed=17 global_step=4000 loss=0.01063657
CHECKPOINT_COMPLETE step=4000 path=/mnt/cpfs/zbl-cpfs-new/CKPT/leon/torch/r16_p14_libero_stage1/r16p14-libero-stage1-pilot-v1/put_the_bowl_on_the_plate/seed_17/step_00004000
TRAIN_STEP task=put_the_bowl_on_the_plate seed=17 global_step=4020 loss=0.01124692
TRAIN_STEP task=put_the_bowl_on_the_plate seed=17 global_step=4040 loss=0.01052769
TRAIN_STEP task=put_the_bowl_on_the_plate seed=17 global_step=4060 loss=0.01112026
TRAIN_STEP task=put_the_bowl_on_the_plate seed=17 global_step=4080 loss=0.01113405
TRAIN_STEP task=put_the_bowl_on_the_plate seed=17 global_step=4100 loss=0.01097650
TRAIN_STEP task=put_the_bowl_on_the_plate seed=17 global_step=4120 loss=0.01075196
TRAIN_STEP task=put_the_bowl_on_the_plate seed=17 global_step=4140 loss=0.01118557
TRAIN_STEP task=put_the_bowl_on_the_plate seed=17 global_step=4160 loss=0.01095041
TRAIN_STEP task=put_the_bowl_on_the_plate seed=17 global_step=4180 loss=0.01077971
TRAIN_STEP task=put_the_bowl_on_the_plate seed=17 global_step=4200 loss=0.01034978
TRAIN_STEP task=put_the_bowl_on_the_plate seed=17 global_step=4220 loss=0.01066021
TRAIN_STEP task=put_the_bowl_on_the_plate seed=17 global_step=4240 loss=0.00997271
TRAIN_STEP task=put_the_bowl_on_the_plate seed=17 global_step=4260 loss=0.00992501
TRAIN_STEP task=put_the_bowl_on_the_plate seed=17 global_step=4280 loss=0.01009173
TRAIN_STEP task=put_the_bowl_on_the_plate seed=17 global_step=4300 loss=0.01049155
TRAIN_STEP task=put_the_bowl_on_the_plate seed=17 global_step=4320 loss=0.01053065
TRAIN_STEP task=put_the_bowl_on_the_plate seed=17 global_step=4340 loss=0.01035567
TRAIN_STEP task=put_the_bowl_on_the_plate seed=17 global_step=4360 loss=0.01039550
TRAIN_STEP task=put_the_bowl_on_the_plate seed=17 global_step=4380 loss=0.01019208
TRAIN_STEP task=put_the_bowl_on_the_plate seed=17 global_step=4400 loss=0.00972973
TRAIN_STEP task=put_the_bowl_on_the_plate seed=17 global_step=4420 loss=0.01048556
TRAIN_STEP task=put_the_bowl_on_the_plate seed=17 global_step=4440 loss=0.00960804
TRAIN_STEP task=put_the_bowl_on_the_plate seed=17 global_step=4460 loss=0.01054445
TRAIN_STEP task=put_the_bowl_on_the_plate seed=17 global_step=4480 loss=0.01011786
TRAIN_STEP task=put_the_bowl_on_the_plate seed=17 global_step=4500 loss=0.00995714
TRAIN_STEP task=put_the_bowl_on_the_plate seed=17 global_step=4520 loss=0.01057221
TRAIN_STEP task=put_the_bowl_on_the_plate seed=17 global_step=4540 loss=0.01000721
TRAIN_STEP task=put_the_bowl_on_the_plate seed=17 global_step=4560 loss=0.00985116
TRAIN_STEP task=put_the_bowl_on_the_plate seed=17 global_step=4580 loss=0.00931814
TRAIN_STEP task=put_the_bowl_on_the_plate seed=17 global_step=4600 loss=0.01017784
TRAIN_STEP task=put_the_bowl_on_the_plate seed=17 global_step=4620 loss=0.01062008
TRAIN_STEP task=put_the_bowl_on_the_plate seed=17 global_step=4640 loss=0.01018433
TRAIN_STEP task=put_the_bowl_on_the_plate seed=17 global_step=4660 loss=0.00997590
TRAIN_STEP task=put_the_bowl_on_the_plate seed=17 global_step=4680 loss=0.01028054
TRAIN_STEP task=put_the_bowl_on_the_plate seed=17 global_step=4700 loss=0.01004242
TRAIN_STEP task=put_the_bowl_on_the_plate seed=17 global_step=4720 loss=0.00971230
TRAIN_STEP task=put_the_bowl_on_the_plate seed=17 global_step=4740 loss=0.00960664
TRAIN_STEP task=put_the_bowl_on_the_plate seed=17 global_step=4760 loss=0.00989197
TRAIN_STEP task=put_the_bowl_on_the_plate seed=17 global_step=4780 loss=0.00952481
TRAIN_STEP task=put_the_bowl_on_the_plate seed=17 global_step=4800 loss=0.00973960
TRAIN_STEP task=put_the_bowl_on_the_plate seed=17 global_step=4820 loss=0.00990969
TRAIN_STEP task=put_the_bowl_on_the_plate seed=17 global_step=4840 loss=0.00964939
TRAIN_STEP task=put_the_bowl_on_the_plate seed=17 global_step=4860 loss=0.01049262
TRAIN_STEP task=put_the_bowl_on_the_plate seed=17 global_step=4880 loss=0.00913499
TRAIN_STEP task=put_the_bowl_on_the_plate seed=17 global_step=4900 loss=0.00969306
TRAIN_STEP task=put_the_bowl_on_the_plate seed=17 global_step=4920 loss=0.00964082
TRAIN_STEP task=put_the_bowl_on_the_plate seed=17 global_step=4940 loss=0.00941145
TRAIN_STEP task=put_the_bowl_on_the_plate seed=17 global_step=4960 loss=0.00943089
TRAIN_STEP task=put_the_bowl_on_the_plate seed=17 global_step=4980 loss=0.00973249
TRAIN_STEP task=put_the_bowl_on_the_plate seed=17 global_step=5000 loss=0.00933295
TRAIN_STEP task=put_the_bowl_on_the_plate seed=17 global_step=5020 loss=0.00926226
TRAIN_STEP task=put_the_bowl_on_the_plate seed=17 global_step=5040 loss=0.00962452
TRAIN_STEP task=put_the_bowl_on_the_plate seed=17 global_step=5060 loss=0.00952686
TRAIN_STEP task=put_the_bowl_on_the_plate seed=17 global_step=5080 loss=0.00933152
TRAIN_STEP task=put_the_bowl_on_the_plate seed=17 global_step=5100 loss=0.00956770
TRAIN_STEP task=put_the_bowl_on_the_plate seed=17 global_step=5120 loss=0.01005209
TRAIN_STEP task=put_the_bowl_on_the_plate seed=17 global_step=5140 loss=0.00920069
TRAIN_STEP task=put_the_bowl_on_the_plate seed=17 global_step=5160 loss=0.00925434
TRAIN_STEP task=put_the_bowl_on_the_plate seed=17 global_step=5180 loss=0.00935692
TRAIN_STEP task=put_the_bowl_on_the_plate seed=17 global_step=5200 loss=0.00966756
TRAIN_STEP task=put_the_bowl_on_the_plate seed=17 global_step=5220 loss=0.00927668
TRAIN_STEP task=put_the_bowl_on_the_plate seed=17 global_step=5240 loss=0.00977769
TRAIN_STEP task=put_the_bowl_on_the_plate seed=17 global_step=5260 loss=0.00903183
TRAIN_STEP task=put_the_bowl_on_the_plate seed=17 global_step=5280 loss=0.00891303
TRAIN_STEP task=put_the_bowl_on_the_plate seed=17 global_step=5300 loss=0.00924034
TRAIN_STEP task=put_the_bowl_on_the_plate seed=17 global_step=5320 loss=0.00882632
TRAIN_STEP task=put_the_bowl_on_the_plate seed=17 global_step=5340 loss=0.00955677
TRAIN_STEP task=put_the_bowl_on_the_plate seed=17 global_step=5360 loss=0.00937798
TRAIN_STEP task=put_the_bowl_on_the_plate seed=17 global_step=5380 loss=0.00971558
TRAIN_STEP task=put_the_bowl_on_the_plate seed=17 global_step=5400 loss=0.00940628
TRAIN_STEP task=put_the_bowl_on_the_plate seed=17 global_step=5420 loss=0.00924429
TRAIN_STEP task=put_the_bowl_on_the_plate seed=17 global_step=5440 loss=0.00959222
TRAIN_STEP task=put_the_bowl_on_the_plate seed=17 global_step=5460 loss=0.00911947
TRAIN_STEP task=put_the_bowl_on_the_plate seed=17 global_step=5480 loss=0.00953781
TRAIN_STEP task=put_the_bowl_on_the_plate seed=17 global_step=5500 loss=0.00918313
TRAIN_STEP task=put_the_bowl_on_the_plate seed=17 global_step=5520 loss=0.00878548
TRAIN_STEP task=put_the_bowl_on_the_plate seed=17 global_step=5540 loss=0.00927055
TRAIN_STEP task=put_the_bowl_on_the_plate seed=17 global_step=5560 loss=0.00949084
TRAIN_STEP task=put_the_bowl_on_the_plate seed=17 global_step=5580 loss=0.00883403
TRAIN_STEP task=put_the_bowl_on_the_plate seed=17 global_step=5600 loss=0.00845349
TRAIN_STEP task=put_the_bowl_on_the_plate seed=17 global_step=5620 loss=0.00884830
TRAIN_STEP task=put_the_bowl_on_the_plate seed=17 global_step=5640 loss=0.00872946
TRAIN_STEP task=put_the_bowl_on_the_plate seed=17 global_step=5660 loss=0.00926068
TRAIN_STEP task=put_the_bowl_on_the_plate seed=17 global_step=5680 loss=0.00882160
TRAIN_STEP task=put_the_bowl_on_the_plate seed=17 global_step=5700 loss=0.00891262
TRAIN_STEP task=put_the_bowl_on_the_plate seed=17 global_step=5720 loss=0.00861503
TRAIN_STEP task=put_the_bowl_on_the_plate seed=17 global_step=5740 loss=0.00981130
TRAIN_STEP task=put_the_bowl_on_the_plate seed=17 global_step=5760 loss=0.00845785
TRAIN_STEP task=put_the_bowl_on_the_plate seed=17 global_step=5780 loss=0.00868581
TRAIN_STEP task=put_the_bowl_on_the_plate seed=17 global_step=5800 loss=0.00954351
TRAIN_STEP task=put_the_bowl_on_the_plate seed=17 global_step=5820 loss=0.00887731
TRAIN_STEP task=put_the_bowl_on_the_plate seed=17 global_step=5840 loss=0.00876876
TRAIN_STEP task=put_the_bowl_on_the_plate seed=17 global_step=5860 loss=0.00906546
TRAIN_STEP task=put_the_bowl_on_the_plate seed=17 global_step=5880 loss=0.00887316
TRAIN_STEP task=put_the_bowl_on_the_plate seed=17 global_step=5900 loss=0.00825476
TRAIN_STEP task=put_the_bowl_on_the_plate seed=17 global_step=5920 loss=0.00895106
TRAIN_STEP task=put_the_bowl_on_the_plate seed=17 global_step=5940 loss=0.00931430
TRAIN_STEP task=put_the_bowl_on_the_plate seed=17 global_step=5960 loss=0.00883632
TRAIN_STEP task=put_the_bowl_on_the_plate seed=17 global_step=5980 loss=0.00864045
TRAIN_STEP task=put_the_bowl_on_the_plate seed=17 global_step=6000 loss=0.00875450
CHECKPOINT_COMPLETE step=6000 path=/mnt/cpfs/zbl-cpfs-new/CKPT/leon/torch/r16_p14_libero_stage1/r16p14-libero-stage1-pilot-v1/put_the_bowl_on_the_plate/seed_17/step_00006000
TRAIN_STEP task=put_the_bowl_on_the_plate seed=17 global_step=6020 loss=0.00865900
TRAIN_STEP task=put_the_bowl_on_the_plate seed=17 global_step=6040 loss=0.00856907
TRAIN_STEP task=put_the_bowl_on_the_plate seed=17 global_step=6060 loss=0.00914951
TRAIN_STEP task=put_the_bowl_on_the_plate seed=17 global_step=6080 loss=0.00884477
TRAIN_STEP task=put_the_bowl_on_the_plate seed=17 global_step=6100 loss=0.00930975
TRAIN_STEP task=put_the_bowl_on_the_plate seed=17 global_step=6120 loss=0.00870110
TRAIN_STEP task=put_the_bowl_on_the_plate seed=17 global_step=6140 loss=0.00875137
TRAIN_STEP task=put_the_bowl_on_the_plate seed=17 global_step=6160 loss=0.00894553
TRAIN_STEP task=put_the_bowl_on_the_plate seed=17 global_step=6180 loss=0.00786930
TRAIN_STEP task=put_the_bowl_on_the_plate seed=17 global_step=6200 loss=0.00872745
TRAIN_STEP task=put_the_bowl_on_the_plate seed=17 global_step=6220 loss=0.00803599
TRAIN_STEP task=put_the_bowl_on_the_plate seed=17 global_step=6240 loss=0.00848084
TRAIN_STEP task=put_the_bowl_on_the_plate seed=17 global_step=6260 loss=0.00883110
TRAIN_STEP task=put_the_bowl_on_the_plate seed=17 global_step=6280 loss=0.00915448
TRAIN_STEP task=put_the_bowl_on_the_plate seed=17 global_step=6300 loss=0.00874097
TRAIN_STEP task=put_the_bowl_on_the_plate seed=17 global_step=6320 loss=0.00834913
TRAIN_STEP task=put_the_bowl_on_the_plate seed=17 global_step=6340 loss=0.00851164
TRAIN_STEP task=put_the_bowl_on_the_plate seed=17 global_step=6360 loss=0.00887554
TRAIN_STEP task=put_the_bowl_on_the_plate seed=17 global_step=6380 loss=0.00918142
TRAIN_STEP task=put_the_bowl_on_the_plate seed=17 global_step=6400 loss=0.00838675
TRAIN_STEP task=put_the_bowl_on_the_plate seed=17 global_step=6420 loss=0.00821385
TRAIN_STEP task=put_the_bowl_on_the_plate seed=17 global_step=6440 loss=0.00880854
TRAIN_STEP task=put_the_bowl_on_the_plate seed=17 global_step=6460 loss=0.00856036
TRAIN_STEP task=put_the_bowl_on_the_plate seed=17 global_step=6480 loss=0.00845107
TRAIN_STEP task=put_the_bowl_on_the_plate seed=17 global_step=6500 loss=0.00853863
TRAIN_STEP task=put_the_bowl_on_the_plate seed=17 global_step=6520 loss=0.00870033
TRAIN_STEP task=put_the_bowl_on_the_plate seed=17 global_step=6540 loss=0.00859207
TRAIN_STEP task=put_the_bowl_on_the_plate seed=17 global_step=6560 loss=0.00890724
TRAIN_STEP task=put_the_bowl_on_the_plate seed=17 global_step=6580 loss=0.00847068
TRAIN_STEP task=put_the_bowl_on_the_plate seed=17 global_step=6600 loss=0.00842067
TRAIN_STEP task=put_the_bowl_on_the_plate seed=17 global_step=6620 loss=0.00850767
TRAIN_STEP task=put_the_bowl_on_the_plate seed=17 global_step=6640 loss=0.00837440
TRAIN_STEP task=put_the_bowl_on_the_plate seed=17 global_step=6660 loss=0.00880068
TRAIN_STEP task=put_the_bowl_on_the_plate seed=17 global_step=6680 loss=0.00819962
TRAIN_STEP task=put_the_bowl_on_the_plate seed=17 global_step=6700 loss=0.00859640
TRAIN_STEP task=put_the_bowl_on_the_plate seed=17 global_step=6720 loss=0.00870939
TRAIN_STEP task=put_the_bowl_on_the_plate seed=17 global_step=6740 loss=0.00843698
TRAIN_STEP task=put_the_bowl_on_the_plate seed=17 global_step=6760 loss=0.00823267
TRAIN_STEP task=put_the_bowl_on_the_plate seed=17 global_step=6780 loss=0.00872958
TRAIN_STEP task=put_the_bowl_on_the_plate seed=17 global_step=6800 loss=0.00879246
TRAIN_STEP task=put_the_bowl_on_the_plate seed=17 global_step=6820 loss=0.00818317
TRAIN_STEP task=put_the_bowl_on_the_plate seed=17 global_step=6840 loss=0.00838405
TRAIN_STEP task=put_the_bowl_on_the_plate seed=17 global_step=6860 loss=0.00877387
TRAIN_STEP task=put_the_bowl_on_the_plate seed=17 global_step=6880 loss=0.00856000
TRAIN_STEP task=put_the_bowl_on_the_plate seed=17 global_step=6900 loss=0.00823159
TRAIN_STEP task=put_the_bowl_on_the_plate seed=17 global_step=6920 loss=0.00835585
TRAIN_STEP task=put_the_bowl_on_the_plate seed=17 global_step=6940 loss=0.00880103
TRAIN_STEP task=put_the_bowl_on_the_plate seed=17 global_step=6960 loss=0.00841779
TRAIN_STEP task=put_the_bowl_on_the_plate seed=17 global_step=6980 loss=0.00820112
TRAIN_STEP task=put_the_bowl_on_the_plate seed=17 global_step=7000 loss=0.00825328
TRAIN_STEP task=put_the_bowl_on_the_plate seed=17 global_step=7020 loss=0.00820669
TRAIN_STEP task=put_the_bowl_on_the_plate seed=17 global_step=7040 loss=0.00874123
TRAIN_STEP task=put_the_bowl_on_the_plate seed=17 global_step=7060 loss=0.00814380
TRAIN_STEP task=put_the_bowl_on_the_plate seed=17 global_step=7080 loss=0.00869023
TRAIN_STEP task=put_the_bowl_on_the_plate seed=17 global_step=7100 loss=0.00841296
TRAIN_STEP task=put_the_bowl_on_the_plate seed=17 global_step=7120 loss=0.00851893
TRAIN_STEP task=put_the_bowl_on_the_plate seed=17 global_step=7140 loss=0.00790325
TRAIN_STEP task=put_the_bowl_on_the_plate seed=17 global_step=7160 loss=0.00879422
TRAIN_STEP task=put_the_bowl_on_the_plate seed=17 global_step=7180 loss=0.00832756
TRAIN_STEP task=put_the_bowl_on_the_plate seed=17 global_step=7200 loss=0.00838938
TRAIN_STEP task=put_the_bowl_on_the_plate seed=17 global_step=7220 loss=0.00834218
TRAIN_STEP task=put_the_bowl_on_the_plate seed=17 global_step=7240 loss=0.00802926
TRAIN_STEP task=put_the_bowl_on_the_plate seed=17 global_step=7260 loss=0.00826281
TRAIN_STEP task=put_the_bowl_on_the_plate seed=17 global_step=7280 loss=0.00837051
TRAIN_STEP task=put_the_bowl_on_the_plate seed=17 global_step=7300 loss=0.00808992
TRAIN_STEP task=put_the_bowl_on_the_plate seed=17 global_step=7320 loss=0.00825043
TRAIN_STEP task=put_the_bowl_on_the_plate seed=17 global_step=7340 loss=0.00852235
TRAIN_STEP task=put_the_bowl_on_the_plate seed=17 global_step=7360 loss=0.00817119
TRAIN_STEP task=put_the_bowl_on_the_plate seed=17 global_step=7380 loss=0.00806216
TRAIN_STEP task=put_the_bowl_on_the_plate seed=17 global_step=7400 loss=0.00870175
TRAIN_STEP task=put_the_bowl_on_the_plate seed=17 global_step=7420 loss=0.00825375
TRAIN_STEP task=put_the_bowl_on_the_plate seed=17 global_step=7440 loss=0.00861681
TRAIN_STEP task=put_the_bowl_on_the_plate seed=17 global_step=7460 loss=0.00832913
TRAIN_STEP task=put_the_bowl_on_the_plate seed=17 global_step=7480 loss=0.00822918
TRAIN_STEP task=put_the_bowl_on_the_plate seed=17 global_step=7500 loss=0.00815309
TRAIN_STEP task=put_the_bowl_on_the_plate seed=17 global_step=7520 loss=0.00840003
TRAIN_STEP task=put_the_bowl_on_the_plate seed=17 global_step=7540 loss=0.00815077
TRAIN_STEP task=put_the_bowl_on_the_plate seed=17 global_step=7560 loss=0.00822332
TRAIN_STEP task=put_the_bowl_on_the_plate seed=17 global_step=7580 loss=0.00829591
TRAIN_STEP task=put_the_bowl_on_the_plate seed=17 global_step=7600 loss=0.00891827
TRAIN_STEP task=put_the_bowl_on_the_plate seed=17 global_step=7620 loss=0.00780306
TRAIN_STEP task=put_the_bowl_on_the_plate seed=17 global_step=7640 loss=0.00882879
TRAIN_STEP task=put_the_bowl_on_the_plate seed=17 global_step=7660 loss=0.00871241
TRAIN_STEP task=put_the_bowl_on_the_plate seed=17 global_step=7680 loss=0.00819019
TRAIN_STEP task=put_the_bowl_on_the_plate seed=17 global_step=7700 loss=0.00843545
TRAIN_STEP task=put_the_bowl_on_the_plate seed=17 global_step=7720 loss=0.00835609
TRAIN_STEP task=put_the_bowl_on_the_plate seed=17 global_step=7740 loss=0.00816034
TRAIN_STEP task=put_the_bowl_on_the_plate seed=17 global_step=7760 loss=0.00836323
TRAIN_STEP task=put_the_bowl_on_the_plate seed=17 global_step=7780 loss=0.00841874
TRAIN_STEP task=put_the_bowl_on_the_plate seed=17 global_step=7800 loss=0.00802669
TRAIN_STEP task=put_the_bowl_on_the_plate seed=17 global_step=7820 loss=0.00844290
TRAIN_STEP task=put_the_bowl_on_the_plate seed=17 global_step=7840 loss=0.00831076
TRAIN_STEP task=put_the_bowl_on_the_plate seed=17 global_step=7860 loss=0.00866500
TRAIN_STEP task=put_the_bowl_on_the_plate seed=17 global_step=7880 loss=0.00799987
TRAIN_STEP task=put_the_bowl_on_the_plate seed=17 global_step=7900 loss=0.00824345
TRAIN_STEP task=put_the_bowl_on_the_plate seed=17 global_step=7920 loss=0.00824456
TRAIN_STEP task=put_the_bowl_on_the_plate seed=17 global_step=7940 loss=0.00816558
TRAIN_STEP task=put_the_bowl_on_the_plate seed=17 global_step=7960 loss=0.00871465
TRAIN_STEP task=put_the_bowl_on_the_plate seed=17 global_step=7980 loss=0.00828807
TRAIN_STEP task=put_the_bowl_on_the_plate seed=17 global_step=8000 loss=0.00847660
CHECKPOINT_COMPLETE step=8000 path=/mnt/cpfs/zbl-cpfs-new/CKPT/leon/torch/r16_p14_libero_stage1/r16p14-libero-stage1-pilot-v1/put_the_bowl_on_the_plate/seed_17/step_00008000
wandb: - 0.003 MB of 0.003 MB uploadedwandb: \ 0.004 MB of 0.042 MB uploadedwandb: | 0.041 MB of 0.042 MB uploadedwandb: / 0.041 MB of 0.042 MB uploadedwandb: - 0.041 MB of 0.042 MB uploadedwandb: \ 0.041 MB of 0.042 MB uploadedwandb: | 0.042 MB of 0.042 MB uploadedwandb:                                                                                
wandb: 
wandb: Run history:
wandb:   train/global_step ▁▁▁▁▂▂▂▂▂▃▃▃▃▃▃▄▄▄▄▄▅▅▅▅▅▅▆▆▆▆▆▇▇▇▇▇▇███
wandb: train/learning_rate ███████▇▇▇▇▇▆▆▆▆▆▅▅▅▄▄▄▄▃▃▃▃▂▂▂▂▂▁▁▁▁▁▁▁
wandb:          train/loss █▅▃▃▂▂▂▂▂▁▁▁▁▁▁▁▁▁▁▁▁▁▁▁▁▁▁▁▁▁▁▁▁▁▁▁▁▁▁▁
wandb: 
wandb: Run summary:
wandb:   latest_checkpoint /mnt/cpfs/zbl-cpfs-n...
wandb:                loss 0.00848
wandb:              run_id r16p14-libero-stage1...
wandb:                seed 17
wandb:                step 8000
wandb:                task put_the_bowl_on_the_...
wandb:   train/global_step 8000
wandb: train/learning_rate 0.0
wandb:          train/loss 0.00848
wandb: 
wandb: 🚀 View run put_the_bowl_on_the_plate-seed-17 at: https://wandb.ai/chen_jian-cj-workspace/r16-p14-libero-stage1/runs/r16p14-libero-stage1-pilot-v1-put_the_bowl_on_the_plate-seed-17
wandb: ⭐️ View project at: https://wandb.ai/chen_jian-cj-workspace/r16-p14-libero-stage1
wandb: Synced 5 W&B file(s), 0 media file(s), 0 artifact file(s) and 0 other file(s)
wandb: Find logs at: ./cache/wandb/wandb/run-20260812_225154-r16p14-libero-stage1-pilot-v1-put_the_bowl_on_the_plate-seed-17/logs
AUTO_RESUME=0 RUN_ID=r16p14-libero-stage1-pilot-v1 task=put_the_bowl_on_the_plate seed=29 RESUME_FLAG=false checkpoint=none
wandb: - Waiting for wandb.init()...wandb: \ Waiting for wandb.init()...wandb: Tracking run with wandb version 0.16.6
wandb: Run data is saved locally in /mnt/cpfs/zbl-cpfs-new/USERS/leon/logs/r16_p14_libero_stage1/pai/r16p14-libero-stage1-20260812-144626/cache/wandb/wandb/run-20260812_225507-r16p14-libero-stage1-pilot-v1-put_the_bowl_on_the_plate-seed-29
wandb: Run `wandb offline` to turn off syncing.
wandb: Syncing run put_the_bowl_on_the_plate-seed-29
wandb: ⭐️ View project at https://wandb.ai/chen_jian-cj-workspace/r16-p14-libero-stage1
wandb: 🚀 View run at https://wandb.ai/chen_jian-cj-workspace/r16-p14-libero-stage1/runs/r16p14-libero-stage1-pilot-v1-put_the_bowl_on_the_plate-seed-29
TRAIN_STEP task=put_the_bowl_on_the_plate seed=29 global_step=1 loss=0.42067736
TRAIN_STEP task=put_the_bowl_on_the_plate seed=29 global_step=20 loss=0.30759850
TRAIN_STEP task=put_the_bowl_on_the_plate seed=29 global_step=40 loss=0.22032556
TRAIN_STEP task=put_the_bowl_on_the_plate seed=29 global_step=60 loss=0.17861731
TRAIN_STEP task=put_the_bowl_on_the_plate seed=29 global_step=80 loss=0.18237095
TRAIN_STEP task=put_the_bowl_on_the_plate seed=29 global_step=100 loss=0.14812902
TRAIN_STEP task=put_the_bowl_on_the_plate seed=29 global_step=120 loss=0.14915019
TRAIN_STEP task=put_the_bowl_on_the_plate seed=29 global_step=140 loss=0.13156247
TRAIN_STEP task=put_the_bowl_on_the_plate seed=29 global_step=160 loss=0.12465191
TRAIN_STEP task=put_the_bowl_on_the_plate seed=29 global_step=180 loss=0.11671109
TRAIN_STEP task=put_the_bowl_on_the_plate seed=29 global_step=200 loss=0.10416660
TRAIN_STEP task=put_the_bowl_on_the_plate seed=29 global_step=220 loss=0.10319050
TRAIN_STEP task=put_the_bowl_on_the_plate seed=29 global_step=240 loss=0.09324334
TRAIN_STEP task=put_the_bowl_on_the_plate seed=29 global_step=260 loss=0.09459034
TRAIN_STEP task=put_the_bowl_on_the_plate seed=29 global_step=280 loss=0.09457896
TRAIN_STEP task=put_the_bowl_on_the_plate seed=29 global_step=300 loss=0.08454394
TRAIN_STEP task=put_the_bowl_on_the_plate seed=29 global_step=320 loss=0.07905185
TRAIN_STEP task=put_the_bowl_on_the_plate seed=29 global_step=340 loss=0.07846332
TRAIN_STEP task=put_the_bowl_on_the_plate seed=29 global_step=360 loss=0.07528504
TRAIN_STEP task=put_the_bowl_on_the_plate seed=29 global_step=380 loss=0.07941785
TRAIN_STEP task=put_the_bowl_on_the_plate seed=29 global_step=400 loss=0.07385831
TRAIN_STEP task=put_the_bowl_on_the_plate seed=29 global_step=420 loss=0.06774127
TRAIN_STEP task=put_the_bowl_on_the_plate seed=29 global_step=440 loss=0.06793638
TRAIN_STEP task=put_the_bowl_on_the_plate seed=29 global_step=460 loss=0.06624646
TRAIN_STEP task=put_the_bowl_on_the_plate seed=29 global_step=480 loss=0.06452329
TRAIN_STEP task=put_the_bowl_on_the_plate seed=29 global_step=500 loss=0.06582960
TRAIN_STEP task=put_the_bowl_on_the_plate seed=29 global_step=520 loss=0.06270999
TRAIN_STEP task=put_the_bowl_on_the_plate seed=29 global_step=540 loss=0.05972093
TRAIN_STEP task=put_the_bowl_on_the_plate seed=29 global_step=560 loss=0.05870266
TRAIN_STEP task=put_the_bowl_on_the_plate seed=29 global_step=580 loss=0.05415068
TRAIN_STEP task=put_the_bowl_on_the_plate seed=29 global_step=600 loss=0.05682521
TRAIN_STEP task=put_the_bowl_on_the_plate seed=29 global_step=620 loss=0.05213833
TRAIN_STEP task=put_the_bowl_on_the_plate seed=29 global_step=640 loss=0.05142486
TRAIN_STEP task=put_the_bowl_on_the_plate seed=29 global_step=660 loss=0.05135258
TRAIN_STEP task=put_the_bowl_on_the_plate seed=29 global_step=680 loss=0.05420478
TRAIN_STEP task=put_the_bowl_on_the_plate seed=29 global_step=700 loss=0.05085912
TRAIN_STEP task=put_the_bowl_on_the_plate seed=29 global_step=720 loss=0.04764391
TRAIN_STEP task=put_the_bowl_on_the_plate seed=29 global_step=740 loss=0.04786048
TRAIN_STEP task=put_the_bowl_on_the_plate seed=29 global_step=760 loss=0.04663317
TRAIN_STEP task=put_the_bowl_on_the_plate seed=29 global_step=780 loss=0.04671561
TRAIN_STEP task=put_the_bowl_on_the_plate seed=29 global_step=800 loss=0.04289076
TRAIN_STEP task=put_the_bowl_on_the_plate seed=29 global_step=820 loss=0.04313452
TRAIN_STEP task=put_the_bowl_on_the_plate seed=29 global_step=840 loss=0.04302843
TRAIN_STEP task=put_the_bowl_on_the_plate seed=29 global_step=860 loss=0.04219962
TRAIN_STEP task=put_the_bowl_on_the_plate seed=29 global_step=880 loss=0.04021248
TRAIN_STEP task=put_the_bowl_on_the_plate seed=29 global_step=900 loss=0.03831100
TRAIN_STEP task=put_the_bowl_on_the_plate seed=29 global_step=920 loss=0.03786167
TRAIN_STEP task=put_the_bowl_on_the_plate seed=29 global_step=940 loss=0.03574591
TRAIN_STEP task=put_the_bowl_on_the_plate seed=29 global_step=960 loss=0.03620888
TRAIN_STEP task=put_the_bowl_on_the_plate seed=29 global_step=980 loss=0.03828319
TRAIN_STEP task=put_the_bowl_on_the_plate seed=29 global_step=1000 loss=0.03456483
TRAIN_STEP task=put_the_bowl_on_the_plate seed=29 global_step=1020 loss=0.03594135
TRAIN_STEP task=put_the_bowl_on_the_plate seed=29 global_step=1040 loss=0.03364052
TRAIN_STEP task=put_the_bowl_on_the_plate seed=29 global_step=1060 loss=0.03618343
TRAIN_STEP task=put_the_bowl_on_the_plate seed=29 global_step=1080 loss=0.03451440
TRAIN_STEP task=put_the_bowl_on_the_plate seed=29 global_step=1100 loss=0.03288027
TRAIN_STEP task=put_the_bowl_on_the_plate seed=29 global_step=1120 loss=0.03330628
TRAIN_STEP task=put_the_bowl_on_the_plate seed=29 global_step=1140 loss=0.03137078
TRAIN_STEP task=put_the_bowl_on_the_plate seed=29 global_step=1160 loss=0.03096071
TRAIN_STEP task=put_the_bowl_on_the_plate seed=29 global_step=1180 loss=0.03114347
TRAIN_STEP task=put_the_bowl_on_the_plate seed=29 global_step=1200 loss=0.03166445
TRAIN_STEP task=put_the_bowl_on_the_plate seed=29 global_step=1220 loss=0.02921129
TRAIN_STEP task=put_the_bowl_on_the_plate seed=29 global_step=1240 loss=0.03008665
TRAIN_STEP task=put_the_bowl_on_the_plate seed=29 global_step=1260 loss=0.03047257
TRAIN_STEP task=put_the_bowl_on_the_plate seed=29 global_step=1280 loss=0.02782541
TRAIN_STEP task=put_the_bowl_on_the_plate seed=29 global_step=1300 loss=0.02735832
TRAIN_STEP task=put_the_bowl_on_the_plate seed=29 global_step=1320 loss=0.02727951
TRAIN_STEP task=put_the_bowl_on_the_plate seed=29 global_step=1340 loss=0.02627720
TRAIN_STEP task=put_the_bowl_on_the_plate seed=29 global_step=1360 loss=0.02737711
TRAIN_STEP task=put_the_bowl_on_the_plate seed=29 global_step=1380 loss=0.02628681
TRAIN_STEP task=put_the_bowl_on_the_plate seed=29 global_step=1400 loss=0.02637487
TRAIN_STEP task=put_the_bowl_on_the_plate seed=29 global_step=1420 loss=0.02644958
TRAIN_STEP task=put_the_bowl_on_the_plate seed=29 global_step=1440 loss=0.02742316
TRAIN_STEP task=put_the_bowl_on_the_plate seed=29 global_step=1460 loss=0.02484467
TRAIN_STEP task=put_the_bowl_on_the_plate seed=29 global_step=1480 loss=0.02379210
TRAIN_STEP task=put_the_bowl_on_the_plate seed=29 global_step=1500 loss=0.02528329
TRAIN_STEP task=put_the_bowl_on_the_plate seed=29 global_step=1520 loss=0.02414643
TRAIN_STEP task=put_the_bowl_on_the_plate seed=29 global_step=1540 loss=0.02437823
TRAIN_STEP task=put_the_bowl_on_the_plate seed=29 global_step=1560 loss=0.02346847
TRAIN_STEP task=put_the_bowl_on_the_plate seed=29 global_step=1580 loss=0.02371709
TRAIN_STEP task=put_the_bowl_on_the_plate seed=29 global_step=1600 loss=0.02352062
TRAIN_STEP task=put_the_bowl_on_the_plate seed=29 global_step=1620 loss=0.02294279
TRAIN_STEP task=put_the_bowl_on_the_plate seed=29 global_step=1640 loss=0.02311300
TRAIN_STEP task=put_the_bowl_on_the_plate seed=29 global_step=1660 loss=0.02225065
TRAIN_STEP task=put_the_bowl_on_the_plate seed=29 global_step=1680 loss=0.02217462
TRAIN_STEP task=put_the_bowl_on_the_plate seed=29 global_step=1700 loss=0.02131994
TRAIN_STEP task=put_the_bowl_on_the_plate seed=29 global_step=1720 loss=0.02275087
TRAIN_STEP task=put_the_bowl_on_the_plate seed=29 global_step=1740 loss=0.02128254
TRAIN_STEP task=put_the_bowl_on_the_plate seed=29 global_step=1760 loss=0.02161206
TRAIN_STEP task=put_the_bowl_on_the_plate seed=29 global_step=1780 loss=0.02104863
TRAIN_STEP task=put_the_bowl_on_the_plate seed=29 global_step=1800 loss=0.02057031
TRAIN_STEP task=put_the_bowl_on_the_plate seed=29 global_step=1820 loss=0.02034525
TRAIN_STEP task=put_the_bowl_on_the_plate seed=29 global_step=1840 loss=0.02019164
TRAIN_STEP task=put_the_bowl_on_the_plate seed=29 global_step=1860 loss=0.02022210
TRAIN_STEP task=put_the_bowl_on_the_plate seed=29 global_step=1880 loss=0.02089942
TRAIN_STEP task=put_the_bowl_on_the_plate seed=29 global_step=1900 loss=0.02066336
TRAIN_STEP task=put_the_bowl_on_the_plate seed=29 global_step=1920 loss=0.02073586
TRAIN_STEP task=put_the_bowl_on_the_plate seed=29 global_step=1940 loss=0.01955609
TRAIN_STEP task=put_the_bowl_on_the_plate seed=29 global_step=1960 loss=0.01856571
TRAIN_STEP task=put_the_bowl_on_the_plate seed=29 global_step=1980 loss=0.01909701
TRAIN_STEP task=put_the_bowl_on_the_plate seed=29 global_step=2000 loss=0.01873484
CHECKPOINT_COMPLETE step=2000 path=/mnt/cpfs/zbl-cpfs-new/CKPT/leon/torch/r16_p14_libero_stage1/r16p14-libero-stage1-pilot-v1/put_the_bowl_on_the_plate/seed_29/step_00002000
TRAIN_STEP task=put_the_bowl_on_the_plate seed=29 global_step=2020 loss=0.01922906
TRAIN_STEP task=put_the_bowl_on_the_plate seed=29 global_step=2040 loss=0.01764758
TRAIN_STEP task=put_the_bowl_on_the_plate seed=29 global_step=2060 loss=0.01768564
TRAIN_STEP task=put_the_bowl_on_the_plate seed=29 global_step=2080 loss=0.01887300
TRAIN_STEP task=put_the_bowl_on_the_plate seed=29 global_step=2100 loss=0.01824551
TRAIN_STEP task=put_the_bowl_on_the_plate seed=29 global_step=2120 loss=0.01753164
TRAIN_STEP task=put_the_bowl_on_the_plate seed=29 global_step=2140 loss=0.01791493
TRAIN_STEP task=put_the_bowl_on_the_plate seed=29 global_step=2160 loss=0.01828176
TRAIN_STEP task=put_the_bowl_on_the_plate seed=29 global_step=2180 loss=0.01676612
TRAIN_STEP task=put_the_bowl_on_the_plate seed=29 global_step=2200 loss=0.01754480
TRAIN_STEP task=put_the_bowl_on_the_plate seed=29 global_step=2220 loss=0.01745840
TRAIN_STEP task=put_the_bowl_on_the_plate seed=29 global_step=2240 loss=0.01668595
TRAIN_STEP task=put_the_bowl_on_the_plate seed=29 global_step=2260 loss=0.01670953
TRAIN_STEP task=put_the_bowl_on_the_plate seed=29 global_step=2280 loss=0.01657890
TRAIN_STEP task=put_the_bowl_on_the_plate seed=29 global_step=2300 loss=0.01650583
TRAIN_STEP task=put_the_bowl_on_the_plate seed=29 global_step=2320 loss=0.01608039
TRAIN_STEP task=put_the_bowl_on_the_plate seed=29 global_step=2340 loss=0.01673772
TRAIN_STEP task=put_the_bowl_on_the_plate seed=29 global_step=2360 loss=0.01615903
TRAIN_STEP task=put_the_bowl_on_the_plate seed=29 global_step=2380 loss=0.01608245
TRAIN_STEP task=put_the_bowl_on_the_plate seed=29 global_step=2400 loss=0.01575168
TRAIN_STEP task=put_the_bowl_on_the_plate seed=29 global_step=2420 loss=0.01626480
TRAIN_STEP task=put_the_bowl_on_the_plate seed=29 global_step=2440 loss=0.01589087
TRAIN_STEP task=put_the_bowl_on_the_plate seed=29 global_step=2460 loss=0.01601021
TRAIN_STEP task=put_the_bowl_on_the_plate seed=29 global_step=2480 loss=0.01661631
TRAIN_STEP task=put_the_bowl_on_the_plate seed=29 global_step=2500 loss=0.01498257
TRAIN_STEP task=put_the_bowl_on_the_plate seed=29 global_step=2520 loss=0.01592749
TRAIN_STEP task=put_the_bowl_on_the_plate seed=29 global_step=2540 loss=0.01589423
TRAIN_STEP task=put_the_bowl_on_the_plate seed=29 global_step=2560 loss=0.01484401
TRAIN_STEP task=put_the_bowl_on_the_plate seed=29 global_step=2580 loss=0.01566441
TRAIN_STEP task=put_the_bowl_on_the_plate seed=29 global_step=2600 loss=0.01524477
TRAIN_STEP task=put_the_bowl_on_the_plate seed=29 global_step=2620 loss=0.01454153
TRAIN_STEP task=put_the_bowl_on_the_plate seed=29 global_step=2640 loss=0.01518284
TRAIN_STEP task=put_the_bowl_on_the_plate seed=29 global_step=2660 loss=0.01386199
TRAIN_STEP task=put_the_bowl_on_the_plate seed=29 global_step=2680 loss=0.01495475
TRAIN_STEP task=put_the_bowl_on_the_plate seed=29 global_step=2700 loss=0.01439320
TRAIN_STEP task=put_the_bowl_on_the_plate seed=29 global_step=2720 loss=0.01471863
TRAIN_STEP task=put_the_bowl_on_the_plate seed=29 global_step=2740 loss=0.01486111
TRAIN_STEP task=put_the_bowl_on_the_plate seed=29 global_step=2760 loss=0.01454466
TRAIN_STEP task=put_the_bowl_on_the_plate seed=29 global_step=2780 loss=0.01354362
TRAIN_STEP task=put_the_bowl_on_the_plate seed=29 global_step=2800 loss=0.01400100
TRAIN_STEP task=put_the_bowl_on_the_plate seed=29 global_step=2820 loss=0.01374772
TRAIN_STEP task=put_the_bowl_on_the_plate seed=29 global_step=2840 loss=0.01388003
TRAIN_STEP task=put_the_bowl_on_the_plate seed=29 global_step=2860 loss=0.01395995
TRAIN_STEP task=put_the_bowl_on_the_plate seed=29 global_step=2880 loss=0.01479607
TRAIN_STEP task=put_the_bowl_on_the_plate seed=29 global_step=2900 loss=0.01356987
TRAIN_STEP task=put_the_bowl_on_the_plate seed=29 global_step=2920 loss=0.01344281
TRAIN_STEP task=put_the_bowl_on_the_plate seed=29 global_step=2940 loss=0.01291186
TRAIN_STEP task=put_the_bowl_on_the_plate seed=29 global_step=2960 loss=0.01306414
TRAIN_STEP task=put_the_bowl_on_the_plate seed=29 global_step=2980 loss=0.01293314
TRAIN_STEP task=put_the_bowl_on_the_plate seed=29 global_step=3000 loss=0.01305529
TRAIN_STEP task=put_the_bowl_on_the_plate seed=29 global_step=3020 loss=0.01335456
TRAIN_STEP task=put_the_bowl_on_the_plate seed=29 global_step=3040 loss=0.01289483
TRAIN_STEP task=put_the_bowl_on_the_plate seed=29 global_step=3060 loss=0.01325120
TRAIN_STEP task=put_the_bowl_on_the_plate seed=29 global_step=3080 loss=0.01266557
TRAIN_STEP task=put_the_bowl_on_the_plate seed=29 global_step=3100 loss=0.01308845
TRAIN_STEP task=put_the_bowl_on_the_plate seed=29 global_step=3120 loss=0.01282805
TRAIN_STEP task=put_the_bowl_on_the_plate seed=29 global_step=3140 loss=0.01271808
TRAIN_STEP task=put_the_bowl_on_the_plate seed=29 global_step=3160 loss=0.01219395
TRAIN_STEP task=put_the_bowl_on_the_plate seed=29 global_step=3180 loss=0.01241932
TRAIN_STEP task=put_the_bowl_on_the_plate seed=29 global_step=3200 loss=0.01235764
TRAIN_STEP task=put_the_bowl_on_the_plate seed=29 global_step=3220 loss=0.01232042
TRAIN_STEP task=put_the_bowl_on_the_plate seed=29 global_step=3240 loss=0.01232845
TRAIN_STEP task=put_the_bowl_on_the_plate seed=29 global_step=3260 loss=0.01262839
TRAIN_STEP task=put_the_bowl_on_the_plate seed=29 global_step=3280 loss=0.01218557
TRAIN_STEP task=put_the_bowl_on_the_plate seed=29 global_step=3300 loss=0.01253745
TRAIN_STEP task=put_the_bowl_on_the_plate seed=29 global_step=3320 loss=0.01259862
TRAIN_STEP task=put_the_bowl_on_the_plate seed=29 global_step=3340 loss=0.01218052
TRAIN_STEP task=put_the_bowl_on_the_plate seed=29 global_step=3360 loss=0.01297638
TRAIN_STEP task=put_the_bowl_on_the_plate seed=29 global_step=3380 loss=0.01227201
TRAIN_STEP task=put_the_bowl_on_the_plate seed=29 global_step=3400 loss=0.01252757
TRAIN_STEP task=put_the_bowl_on_the_plate seed=29 global_step=3420 loss=0.01193617
TRAIN_STEP task=put_the_bowl_on_the_plate seed=29 global_step=3440 loss=0.01136001
TRAIN_STEP task=put_the_bowl_on_the_plate seed=29 global_step=3460 loss=0.01218850
TRAIN_STEP task=put_the_bowl_on_the_plate seed=29 global_step=3480 loss=0.01163279
TRAIN_STEP task=put_the_bowl_on_the_plate seed=29 global_step=3500 loss=0.01156478
TRAIN_STEP task=put_the_bowl_on_the_plate seed=29 global_step=3520 loss=0.01197004
TRAIN_STEP task=put_the_bowl_on_the_plate seed=29 global_step=3540 loss=0.01172563
TRAIN_STEP task=put_the_bowl_on_the_plate seed=29 global_step=3560 loss=0.01181974
TRAIN_STEP task=put_the_bowl_on_the_plate seed=29 global_step=3580 loss=0.01177865
TRAIN_STEP task=put_the_bowl_on_the_plate seed=29 global_step=3600 loss=0.01107315
TRAIN_STEP task=put_the_bowl_on_the_plate seed=29 global_step=3620 loss=0.01142049
TRAIN_STEP task=put_the_bowl_on_the_plate seed=29 global_step=3640 loss=0.01179867
TRAIN_STEP task=put_the_bowl_on_the_plate seed=29 global_step=3660 loss=0.01181723
TRAIN_STEP task=put_the_bowl_on_the_plate seed=29 global_step=3680 loss=0.01169825
TRAIN_STEP task=put_the_bowl_on_the_plate seed=29 global_step=3700 loss=0.01144015
TRAIN_STEP task=put_the_bowl_on_the_plate seed=29 global_step=3720 loss=0.01165834
TRAIN_STEP task=put_the_bowl_on_the_plate seed=29 global_step=3740 loss=0.01123662
TRAIN_STEP task=put_the_bowl_on_the_plate seed=29 global_step=3760 loss=0.01104968
TRAIN_STEP task=put_the_bowl_on_the_plate seed=29 global_step=3780 loss=0.01141436
TRAIN_STEP task=put_the_bowl_on_the_plate seed=29 global_step=3800 loss=0.01116841
TRAIN_STEP task=put_the_bowl_on_the_plate seed=29 global_step=3820 loss=0.01118398
TRAIN_STEP task=put_the_bowl_on_the_plate seed=29 global_step=3840 loss=0.01099135
TRAIN_STEP task=put_the_bowl_on_the_plate seed=29 global_step=3860 loss=0.01095341
TRAIN_STEP task=put_the_bowl_on_the_plate seed=29 global_step=3880 loss=0.01130163
TRAIN_STEP task=put_the_bowl_on_the_plate seed=29 global_step=3900 loss=0.01120547
TRAIN_STEP task=put_the_bowl_on_the_plate seed=29 global_step=3920 loss=0.01083875
TRAIN_STEP task=put_the_bowl_on_the_plate seed=29 global_step=3940 loss=0.01007400
TRAIN_STEP task=put_the_bowl_on_the_plate seed=29 global_step=3960 loss=0.01101550
TRAIN_STEP task=put_the_bowl_on_the_plate seed=29 global_step=3980 loss=0.01071671
TRAIN_STEP task=put_the_bowl_on_the_plate seed=29 global_step=4000 loss=0.01003391
CHECKPOINT_COMPLETE step=4000 path=/mnt/cpfs/zbl-cpfs-new/CKPT/leon/torch/r16_p14_libero_stage1/r16p14-libero-stage1-pilot-v1/put_the_bowl_on_the_plate/seed_29/step_00004000
TRAIN_STEP task=put_the_bowl_on_the_plate seed=29 global_step=4020 loss=0.01099321
TRAIN_STEP task=put_the_bowl_on_the_plate seed=29 global_step=4040 loss=0.01080997
TRAIN_STEP task=put_the_bowl_on_the_plate seed=29 global_step=4060 loss=0.01079144
TRAIN_STEP task=put_the_bowl_on_the_plate seed=29 global_step=4080 loss=0.01033032
TRAIN_STEP task=put_the_bowl_on_the_plate seed=29 global_step=4100 loss=0.01023207
TRAIN_STEP task=put_the_bowl_on_the_plate seed=29 global_step=4120 loss=0.01022714
TRAIN_STEP task=put_the_bowl_on_the_plate seed=29 global_step=4140 loss=0.01069299
TRAIN_STEP task=put_the_bowl_on_the_plate seed=29 global_step=4160 loss=0.01078548
TRAIN_STEP task=put_the_bowl_on_the_plate seed=29 global_step=4180 loss=0.01026607
TRAIN_STEP task=put_the_bowl_on_the_plate seed=29 global_step=4200 loss=0.01020653
TRAIN_STEP task=put_the_bowl_on_the_plate seed=29 global_step=4220 loss=0.01003366
TRAIN_STEP task=put_the_bowl_on_the_plate seed=29 global_step=4240 loss=0.01056070
TRAIN_STEP task=put_the_bowl_on_the_plate seed=29 global_step=4260 loss=0.00949478
TRAIN_STEP task=put_the_bowl_on_the_plate seed=29 global_step=4280 loss=0.00985720
TRAIN_STEP task=put_the_bowl_on_the_plate seed=29 global_step=4300 loss=0.01049436
TRAIN_STEP task=put_the_bowl_on_the_plate seed=29 global_step=4320 loss=0.01008708
TRAIN_STEP task=put_the_bowl_on_the_plate seed=29 global_step=4340 loss=0.01024081
TRAIN_STEP task=put_the_bowl_on_the_plate seed=29 global_step=4360 loss=0.01030284
TRAIN_STEP task=put_the_bowl_on_the_plate seed=29 global_step=4380 loss=0.01016897
TRAIN_STEP task=put_the_bowl_on_the_plate seed=29 global_step=4400 loss=0.00983061
TRAIN_STEP task=put_the_bowl_on_the_plate seed=29 global_step=4420 loss=0.00988134
TRAIN_STEP task=put_the_bowl_on_the_plate seed=29 global_step=4440 loss=0.00964550
TRAIN_STEP task=put_the_bowl_on_the_plate seed=29 global_step=4460 loss=0.01035277
TRAIN_STEP task=put_the_bowl_on_the_plate seed=29 global_step=4480 loss=0.00989953
TRAIN_STEP task=put_the_bowl_on_the_plate seed=29 global_step=4500 loss=0.00964614
TRAIN_STEP task=put_the_bowl_on_the_plate seed=29 global_step=4520 loss=0.00966388
TRAIN_STEP task=put_the_bowl_on_the_plate seed=29 global_step=4540 loss=0.00997755
TRAIN_STEP task=put_the_bowl_on_the_plate seed=29 global_step=4560 loss=0.01002745
TRAIN_STEP task=put_the_bowl_on_the_plate seed=29 global_step=4580 loss=0.00992513
TRAIN_STEP task=put_the_bowl_on_the_plate seed=29 global_step=4600 loss=0.00959636
TRAIN_STEP task=put_the_bowl_on_the_plate seed=29 global_step=4620 loss=0.00941695
TRAIN_STEP task=put_the_bowl_on_the_plate seed=29 global_step=4640 loss=0.00961741
TRAIN_STEP task=put_the_bowl_on_the_plate seed=29 global_step=4660 loss=0.00960360
TRAIN_STEP task=put_the_bowl_on_the_plate seed=29 global_step=4680 loss=0.00972399
TRAIN_STEP task=put_the_bowl_on_the_plate seed=29 global_step=4700 loss=0.00944915
TRAIN_STEP task=put_the_bowl_on_the_plate seed=29 global_step=4720 loss=0.00964259
TRAIN_STEP task=put_the_bowl_on_the_plate seed=29 global_step=4740 loss=0.00976566
TRAIN_STEP task=put_the_bowl_on_the_plate seed=29 global_step=4760 loss=0.00971689
TRAIN_STEP task=put_the_bowl_on_the_plate seed=29 global_step=4780 loss=0.00911488
TRAIN_STEP task=put_the_bowl_on_the_plate seed=29 global_step=4800 loss=0.00928507
TRAIN_STEP task=put_the_bowl_on_the_plate seed=29 global_step=4820 loss=0.00891977
TRAIN_STEP task=put_the_bowl_on_the_plate seed=29 global_step=4840 loss=0.00980294
TRAIN_STEP task=put_the_bowl_on_the_plate seed=29 global_step=4860 loss=0.00938620
TRAIN_STEP task=put_the_bowl_on_the_plate seed=29 global_step=4880 loss=0.00956311
TRAIN_STEP task=put_the_bowl_on_the_plate seed=29 global_step=4900 loss=0.00945488
TRAIN_STEP task=put_the_bowl_on_the_plate seed=29 global_step=4920 loss=0.00909240
TRAIN_STEP task=put_the_bowl_on_the_plate seed=29 global_step=4940 loss=0.00933351
TRAIN_STEP task=put_the_bowl_on_the_plate seed=29 global_step=4960 loss=0.00922162
TRAIN_STEP task=put_the_bowl_on_the_plate seed=29 global_step=4980 loss=0.00939322
TRAIN_STEP task=put_the_bowl_on_the_plate seed=29 global_step=5000 loss=0.00936464
TRAIN_STEP task=put_the_bowl_on_the_plate seed=29 global_step=5020 loss=0.00897912
TRAIN_STEP task=put_the_bowl_on_the_plate seed=29 global_step=5040 loss=0.00980644
TRAIN_STEP task=put_the_bowl_on_the_plate seed=29 global_step=5060 loss=0.00843854
TRAIN_STEP task=put_the_bowl_on_the_plate seed=29 global_step=5080 loss=0.00880780
TRAIN_STEP task=put_the_bowl_on_the_plate seed=29 global_step=5100 loss=0.00929838
TRAIN_STEP task=put_the_bowl_on_the_plate seed=29 global_step=5120 loss=0.00901950
TRAIN_STEP task=put_the_bowl_on_the_plate seed=29 global_step=5140 loss=0.00906956
TRAIN_STEP task=put_the_bowl_on_the_plate seed=29 global_step=5160 loss=0.00951359
TRAIN_STEP task=put_the_bowl_on_the_plate seed=29 global_step=5180 loss=0.00916105
TRAIN_STEP task=put_the_bowl_on_the_plate seed=29 global_step=5200 loss=0.00906633
TRAIN_STEP task=put_the_bowl_on_the_plate seed=29 global_step=5220 loss=0.00920779
TRAIN_STEP task=put_the_bowl_on_the_plate seed=29 global_step=5240 loss=0.00917749
TRAIN_STEP task=put_the_bowl_on_the_plate seed=29 global_step=5260 loss=0.00914027
TRAIN_STEP task=put_the_bowl_on_the_plate seed=29 global_step=5280 loss=0.00899046
TRAIN_STEP task=put_the_bowl_on_the_plate seed=29 global_step=5300 loss=0.00905142
TRAIN_STEP task=put_the_bowl_on_the_plate seed=29 global_step=5320 loss=0.00869336
TRAIN_STEP task=put_the_bowl_on_the_plate seed=29 global_step=5340 loss=0.00890405
TRAIN_STEP task=put_the_bowl_on_the_plate seed=29 global_step=5360 loss=0.00853860
TRAIN_STEP task=put_the_bowl_on_the_plate seed=29 global_step=5380 loss=0.00887344
TRAIN_STEP task=put_the_bowl_on_the_plate seed=29 global_step=5400 loss=0.00890503
TRAIN_STEP task=put_the_bowl_on_the_plate seed=29 global_step=5420 loss=0.00911579
TRAIN_STEP task=put_the_bowl_on_the_plate seed=29 global_step=5440 loss=0.00883664
TRAIN_STEP task=put_the_bowl_on_the_plate seed=29 global_step=5460 loss=0.00867458
TRAIN_STEP task=put_the_bowl_on_the_plate seed=29 global_step=5480 loss=0.00841804
TRAIN_STEP task=put_the_bowl_on_the_plate seed=29 global_step=5500 loss=0.00910080
TRAIN_STEP task=put_the_bowl_on_the_plate seed=29 global_step=5520 loss=0.00893096
TRAIN_STEP task=put_the_bowl_on_the_plate seed=29 global_step=5540 loss=0.00859486
TRAIN_STEP task=put_the_bowl_on_the_plate seed=29 global_step=5560 loss=0.00937452
TRAIN_STEP task=put_the_bowl_on_the_plate seed=29 global_step=5580 loss=0.00865559
TRAIN_STEP task=put_the_bowl_on_the_plate seed=29 global_step=5600 loss=0.00914068
TRAIN_STEP task=put_the_bowl_on_the_plate seed=29 global_step=5620 loss=0.00836404
TRAIN_STEP task=put_the_bowl_on_the_plate seed=29 global_step=5640 loss=0.00940189
TRAIN_STEP task=put_the_bowl_on_the_plate seed=29 global_step=5660 loss=0.00878902
TRAIN_STEP task=put_the_bowl_on_the_plate seed=29 global_step=5680 loss=0.00894911
TRAIN_STEP task=put_the_bowl_on_the_plate seed=29 global_step=5700 loss=0.00832153
TRAIN_STEP task=put_the_bowl_on_the_plate seed=29 global_step=5720 loss=0.00845784
TRAIN_STEP task=put_the_bowl_on_the_plate seed=29 global_step=5740 loss=0.00868201
TRAIN_STEP task=put_the_bowl_on_the_plate seed=29 global_step=5760 loss=0.00854904
TRAIN_STEP task=put_the_bowl_on_the_plate seed=29 global_step=5780 loss=0.00877006
TRAIN_STEP task=put_the_bowl_on_the_plate seed=29 global_step=5800 loss=0.00849283
TRAIN_STEP task=put_the_bowl_on_the_plate seed=29 global_step=5820 loss=0.00831689
TRAIN_STEP task=put_the_bowl_on_the_plate seed=29 global_step=5840 loss=0.00815842
TRAIN_STEP task=put_the_bowl_on_the_plate seed=29 global_step=5860 loss=0.00872856
TRAIN_STEP task=put_the_bowl_on_the_plate seed=29 global_step=5880 loss=0.00839494
TRAIN_STEP task=put_the_bowl_on_the_plate seed=29 global_step=5900 loss=0.00814519
TRAIN_STEP task=put_the_bowl_on_the_plate seed=29 global_step=5920 loss=0.00881950
TRAIN_STEP task=put_the_bowl_on_the_plate seed=29 global_step=5940 loss=0.00812397
TRAIN_STEP task=put_the_bowl_on_the_plate seed=29 global_step=5960 loss=0.00839673
TRAIN_STEP task=put_the_bowl_on_the_plate seed=29 global_step=5980 loss=0.00863095
TRAIN_STEP task=put_the_bowl_on_the_plate seed=29 global_step=6000 loss=0.00849831
CHECKPOINT_COMPLETE step=6000 path=/mnt/cpfs/zbl-cpfs-new/CKPT/leon/torch/r16_p14_libero_stage1/r16p14-libero-stage1-pilot-v1/put_the_bowl_on_the_plate/seed_29/step_00006000
TRAIN_STEP task=put_the_bowl_on_the_plate seed=29 global_step=6020 loss=0.00881536
TRAIN_STEP task=put_the_bowl_on_the_plate seed=29 global_step=6040 loss=0.00826729
TRAIN_STEP task=put_the_bowl_on_the_plate seed=29 global_step=6060 loss=0.00872407
TRAIN_STEP task=put_the_bowl_on_the_plate seed=29 global_step=6080 loss=0.00894498
TRAIN_STEP task=put_the_bowl_on_the_plate seed=29 global_step=6100 loss=0.00877683
TRAIN_STEP task=put_the_bowl_on_the_plate seed=29 global_step=6120 loss=0.00882286
TRAIN_STEP task=put_the_bowl_on_the_plate seed=29 global_step=6140 loss=0.00874858
TRAIN_STEP task=put_the_bowl_on_the_plate seed=29 global_step=6160 loss=0.00854477
TRAIN_STEP task=put_the_bowl_on_the_plate seed=29 global_step=6180 loss=0.00872708
TRAIN_STEP task=put_the_bowl_on_the_plate seed=29 global_step=6200 loss=0.00785635
TRAIN_STEP task=put_the_bowl_on_the_plate seed=29 global_step=6220 loss=0.00868648
TRAIN_STEP task=put_the_bowl_on_the_plate seed=29 global_step=6240 loss=0.00848258
TRAIN_STEP task=put_the_bowl_on_the_plate seed=29 global_step=6260 loss=0.00826917
TRAIN_STEP task=put_the_bowl_on_the_plate seed=29 global_step=6280 loss=0.00835658
TRAIN_STEP task=put_the_bowl_on_the_plate seed=29 global_step=6300 loss=0.00840358
TRAIN_STEP task=put_the_bowl_on_the_plate seed=29 global_step=6320 loss=0.00813337
TRAIN_STEP task=put_the_bowl_on_the_plate seed=29 global_step=6340 loss=0.00819449
TRAIN_STEP task=put_the_bowl_on_the_plate seed=29 global_step=6360 loss=0.00844346
TRAIN_STEP task=put_the_bowl_on_the_plate seed=29 global_step=6380 loss=0.00823668
TRAIN_STEP task=put_the_bowl_on_the_plate seed=29 global_step=6400 loss=0.00861833
TRAIN_STEP task=put_the_bowl_on_the_plate seed=29 global_step=6420 loss=0.00823112
TRAIN_STEP task=put_the_bowl_on_the_plate seed=29 global_step=6440 loss=0.00817339
TRAIN_STEP task=put_the_bowl_on_the_plate seed=29 global_step=6460 loss=0.00817544
TRAIN_STEP task=put_the_bowl_on_the_plate seed=29 global_step=6480 loss=0.00779911
TRAIN_STEP task=put_the_bowl_on_the_plate seed=29 global_step=6500 loss=0.00857682
TRAIN_STEP task=put_the_bowl_on_the_plate seed=29 global_step=6520 loss=0.00843852
TRAIN_STEP task=put_the_bowl_on_the_plate seed=29 global_step=6540 loss=0.00798885
TRAIN_STEP task=put_the_bowl_on_the_plate seed=29 global_step=6560 loss=0.00834162
TRAIN_STEP task=put_the_bowl_on_the_plate seed=29 global_step=6580 loss=0.00844529
TRAIN_STEP task=put_the_bowl_on_the_plate seed=29 global_step=6600 loss=0.00836300
TRAIN_STEP task=put_the_bowl_on_the_plate seed=29 global_step=6620 loss=0.00827303
TRAIN_STEP task=put_the_bowl_on_the_plate seed=29 global_step=6640 loss=0.00840649
TRAIN_STEP task=put_the_bowl_on_the_plate seed=29 global_step=6660 loss=0.00848646
TRAIN_STEP task=put_the_bowl_on_the_plate seed=29 global_step=6680 loss=0.00816420
TRAIN_STEP task=put_the_bowl_on_the_plate seed=29 global_step=6700 loss=0.00856698
TRAIN_STEP task=put_the_bowl_on_the_plate seed=29 global_step=6720 loss=0.00797975
TRAIN_STEP task=put_the_bowl_on_the_plate seed=29 global_step=6740 loss=0.00847251
TRAIN_STEP task=put_the_bowl_on_the_plate seed=29 global_step=6760 loss=0.00866819
TRAIN_STEP task=put_the_bowl_on_the_plate seed=29 global_step=6780 loss=0.00811019
TRAIN_STEP task=put_the_bowl_on_the_plate seed=29 global_step=6800 loss=0.00793431
TRAIN_STEP task=put_the_bowl_on_the_plate seed=29 global_step=6820 loss=0.00799403
TRAIN_STEP task=put_the_bowl_on_the_plate seed=29 global_step=6840 loss=0.00821489
TRAIN_STEP task=put_the_bowl_on_the_plate seed=29 global_step=6860 loss=0.00852640
TRAIN_STEP task=put_the_bowl_on_the_plate seed=29 global_step=6880 loss=0.00842765
TRAIN_STEP task=put_the_bowl_on_the_plate seed=29 global_step=6900 loss=0.00826430
TRAIN_STEP task=put_the_bowl_on_the_plate seed=29 global_step=6920 loss=0.00814443
TRAIN_STEP task=put_the_bowl_on_the_plate seed=29 global_step=6940 loss=0.00834244
TRAIN_STEP task=put_the_bowl_on_the_plate seed=29 global_step=6960 loss=0.00782741
TRAIN_STEP task=put_the_bowl_on_the_plate seed=29 global_step=6980 loss=0.00819734
TRAIN_STEP task=put_the_bowl_on_the_plate seed=29 global_step=7000 loss=0.00825137
TRAIN_STEP task=put_the_bowl_on_the_plate seed=29 global_step=7020 loss=0.00825443
TRAIN_STEP task=put_the_bowl_on_the_plate seed=29 global_step=7040 loss=0.00792950
TRAIN_STEP task=put_the_bowl_on_the_plate seed=29 global_step=7060 loss=0.00814295
TRAIN_STEP task=put_the_bowl_on_the_plate seed=29 global_step=7080 loss=0.00818417
TRAIN_STEP task=put_the_bowl_on_the_plate seed=29 global_step=7100 loss=0.00819542
TRAIN_STEP task=put_the_bowl_on_the_plate seed=29 global_step=7120 loss=0.00816170
TRAIN_STEP task=put_the_bowl_on_the_plate seed=29 global_step=7140 loss=0.00827899
TRAIN_STEP task=put_the_bowl_on_the_plate seed=29 global_step=7160 loss=0.00898759
TRAIN_STEP task=put_the_bowl_on_the_plate seed=29 global_step=7180 loss=0.00775344
TRAIN_STEP task=put_the_bowl_on_the_plate seed=29 global_step=7200 loss=0.00803122
TRAIN_STEP task=put_the_bowl_on_the_plate seed=29 global_step=7220 loss=0.00804055
TRAIN_STEP task=put_the_bowl_on_the_plate seed=29 global_step=7240 loss=0.00828503
TRAIN_STEP task=put_the_bowl_on_the_plate seed=29 global_step=7260 loss=0.00836908
TRAIN_STEP task=put_the_bowl_on_the_plate seed=29 global_step=7280 loss=0.00811176
TRAIN_STEP task=put_the_bowl_on_the_plate seed=29 global_step=7300 loss=0.00826523
TRAIN_STEP task=put_the_bowl_on_the_plate seed=29 global_step=7320 loss=0.00752536
TRAIN_STEP task=put_the_bowl_on_the_plate seed=29 global_step=7340 loss=0.00871324
TRAIN_STEP task=put_the_bowl_on_the_plate seed=29 global_step=7360 loss=0.00857932
TRAIN_STEP task=put_the_bowl_on_the_plate seed=29 global_step=7380 loss=0.00813836
TRAIN_STEP task=put_the_bowl_on_the_plate seed=29 global_step=7400 loss=0.00839825
TRAIN_STEP task=put_the_bowl_on_the_plate seed=29 global_step=7420 loss=0.00823304
TRAIN_STEP task=put_the_bowl_on_the_plate seed=29 global_step=7440 loss=0.00841689
TRAIN_STEP task=put_the_bowl_on_the_plate seed=29 global_step=7460 loss=0.00788615
TRAIN_STEP task=put_the_bowl_on_the_plate seed=29 global_step=7480 loss=0.00810136
TRAIN_STEP task=put_the_bowl_on_the_plate seed=29 global_step=7500 loss=0.00845073
TRAIN_STEP task=put_the_bowl_on_the_plate seed=29 global_step=7520 loss=0.00826227
TRAIN_STEP task=put_the_bowl_on_the_plate seed=29 global_step=7540 loss=0.00839855
TRAIN_STEP task=put_the_bowl_on_the_plate seed=29 global_step=7560 loss=0.00858967
TRAIN_STEP task=put_the_bowl_on_the_plate seed=29 global_step=7580 loss=0.00798076
TRAIN_STEP task=put_the_bowl_on_the_plate seed=29 global_step=7600 loss=0.00889089
TRAIN_STEP task=put_the_bowl_on_the_plate seed=29 global_step=7620 loss=0.00835407
TRAIN_STEP task=put_the_bowl_on_the_plate seed=29 global_step=7640 loss=0.00832452
TRAIN_STEP task=put_the_bowl_on_the_plate seed=29 global_step=7660 loss=0.00858801
TRAIN_STEP task=put_the_bowl_on_the_plate seed=29 global_step=7680 loss=0.00824381
TRAIN_STEP task=put_the_bowl_on_the_plate seed=29 global_step=7700 loss=0.00753093
TRAIN_STEP task=put_the_bowl_on_the_plate seed=29 global_step=7720 loss=0.00820739
TRAIN_STEP task=put_the_bowl_on_the_plate seed=29 global_step=7740 loss=0.00821126
TRAIN_STEP task=put_the_bowl_on_the_plate seed=29 global_step=7760 loss=0.00811414
TRAIN_STEP task=put_the_bowl_on_the_plate seed=29 global_step=7780 loss=0.00791561
TRAIN_STEP task=put_the_bowl_on_the_plate seed=29 global_step=7800 loss=0.00818096
TRAIN_STEP task=put_the_bowl_on_the_plate seed=29 global_step=7820 loss=0.00838695
TRAIN_STEP task=put_the_bowl_on_the_plate seed=29 global_step=7840 loss=0.00824094
TRAIN_STEP task=put_the_bowl_on_the_plate seed=29 global_step=7860 loss=0.00788658
TRAIN_STEP task=put_the_bowl_on_the_plate seed=29 global_step=7880 loss=0.00840083
TRAIN_STEP task=put_the_bowl_on_the_plate seed=29 global_step=7900 loss=0.00878441
TRAIN_STEP task=put_the_bowl_on_the_plate seed=29 global_step=7920 loss=0.00800185
TRAIN_STEP task=put_the_bowl_on_the_plate seed=29 global_step=7940 loss=0.00838472
TRAIN_STEP task=put_the_bowl_on_the_plate seed=29 global_step=7960 loss=0.00818067
TRAIN_STEP task=put_the_bowl_on_the_plate seed=29 global_step=7980 loss=0.00827547
TRAIN_STEP task=put_the_bowl_on_the_plate seed=29 global_step=8000 loss=0.00833777
CHECKPOINT_COMPLETE step=8000 path=/mnt/cpfs/zbl-cpfs-new/CKPT/leon/torch/r16_p14_libero_stage1/r16p14-libero-stage1-pilot-v1/put_the_bowl_on_the_plate/seed_29/step_00008000
wandb: - 0.003 MB of 0.003 MB uploadedwandb: \ 0.003 MB of 0.042 MB uploadedwandb: | 0.042 MB of 0.042 MB uploadedwandb: / 0.042 MB of 0.042 MB uploadedwandb: - 0.042 MB of 0.042 MB uploadedwandb: \ 0.042 MB of 0.042 MB uploadedwandb:                                                                                
wandb: 
wandb: Run history:
wandb:   train/global_step ▁▁▁▁▂▂▂▂▂▃▃▃▃▃▃▄▄▄▄▄▅▅▅▅▅▅▆▆▆▆▆▇▇▇▇▇▇███
wandb: train/learning_rate ███████▇▇▇▇▇▆▆▆▆▆▅▅▅▄▄▄▄▃▃▃▃▂▂▂▂▂▁▁▁▁▁▁▁
wandb:          train/loss █▅▃▃▂▂▂▂▂▂▁▁▁▁▁▁▁▁▁▁▁▁▁▁▁▁▁▁▁▁▁▁▁▁▁▁▁▁▁▁
wandb: 
wandb: Run summary:
wandb:   latest_checkpoint /mnt/cpfs/zbl-cpfs-n...
wandb:                loss 0.00834
wandb:              run_id r16p14-libero-stage1...
wandb:                seed 29
wandb:                step 8000
wandb:                task put_the_bowl_on_the_...
wandb:   train/global_step 8000
wandb: train/learning_rate 0.0
wandb:          train/loss 0.00834
wandb: 
wandb: 🚀 View run put_the_bowl_on_the_plate-seed-29 at: https://wandb.ai/chen_jian-cj-workspace/r16-p14-libero-stage1/runs/r16p14-libero-stage1-pilot-v1-put_the_bowl_on_the_plate-seed-29
wandb: ⭐️ View project at: https://wandb.ai/chen_jian-cj-workspace/r16-p14-libero-stage1
wandb: Synced 5 W&B file(s), 0 media file(s), 0 artifact file(s) and 0 other file(s)
wandb: Find logs at: ./cache/wandb/wandb/run-20260812_225507-r16p14-libero-stage1-pilot-v1-put_the_bowl_on_the_plate-seed-29/logs
TRAINING_SUITE_COMPLETE summary=/mnt/cpfs/zbl-cpfs-new/USERS/leon/logs/r16_p14_libero_stage1/pai/r16p14-libero-stage1-20260812-144626/training/r16p14-libero-stage1-pilot-v1/training_summary.json
