AUTO_RESUME=0 RUN_ID=r16p14-libero-stage1-pilot-v1 task=open_the_middle_drawer_of_the_cabinet seed=7 RESUME_FLAG=false checkpoint=none
Unable to read the token file at /var/run/secrets/kubernetes.io/serviceaccount/token due to permission error ([Errno 13] Permission denied: '/var/run/secrets/kubernetes.io/serviceaccount/token').The current user id is 2254. Consider changing the securityContext to run the container as the current user.
wandb: WARNING Unable to read the token file at /var/run/secrets/kubernetes.io/serviceaccount/token due to permission error ([Errno 13] Permission denied: '/var/run/secrets/kubernetes.io/serviceaccount/token').The current user id is 2254. Consider changing the securityContext to run the container as the current user.
wandb: Currently logged in as: chen_jian (chen_jian-cj-workspace). Use `wandb login --relogin` to force relogin
wandb: - Waiting for wandb.init()...wandb: \ Waiting for wandb.init()...wandb: Tracking run with wandb version 0.16.6
wandb: Run data is saved locally in /mnt/cpfs/zbl-cpfs-new/USERS/leon/logs/r16_p14_libero_stage1/pai/r16p14-libero-stage1-20260812-144626/cache/wandb/wandb/run-20260812_224817-r16p14-libero-stage1-pilot-v1-open_the_middle_drawer_of_the_cabinet-seed-7
wandb: Run `wandb offline` to turn off syncing.
wandb: Syncing run open_the_middle_drawer_of_the_cabinet-seed-7
wandb: ⭐️ View project at https://wandb.ai/chen_jian-cj-workspace/r16-p14-libero-stage1
wandb: 🚀 View run at https://wandb.ai/chen_jian-cj-workspace/r16-p14-libero-stage1/runs/r16p14-libero-stage1-pilot-v1-open_the_middle_drawer_of_the_cabinet-seed-7
TRAIN_STEP task=open_the_middle_drawer_of_the_cabinet seed=7 global_step=1 loss=0.36613411
TRAIN_STEP task=open_the_middle_drawer_of_the_cabinet seed=7 global_step=20 loss=0.23419558
TRAIN_STEP task=open_the_middle_drawer_of_the_cabinet seed=7 global_step=40 loss=0.18456498
TRAIN_STEP task=open_the_middle_drawer_of_the_cabinet seed=7 global_step=60 loss=0.13227117
TRAIN_STEP task=open_the_middle_drawer_of_the_cabinet seed=7 global_step=80 loss=0.12079698
TRAIN_STEP task=open_the_middle_drawer_of_the_cabinet seed=7 global_step=100 loss=0.11079174
TRAIN_STEP task=open_the_middle_drawer_of_the_cabinet seed=7 global_step=120 loss=0.10116742
TRAIN_STEP task=open_the_middle_drawer_of_the_cabinet seed=7 global_step=140 loss=0.09928456
TRAIN_STEP task=open_the_middle_drawer_of_the_cabinet seed=7 global_step=160 loss=0.09746041
TRAIN_STEP task=open_the_middle_drawer_of_the_cabinet seed=7 global_step=180 loss=0.08429784
TRAIN_STEP task=open_the_middle_drawer_of_the_cabinet seed=7 global_step=200 loss=0.08295513
TRAIN_STEP task=open_the_middle_drawer_of_the_cabinet seed=7 global_step=220 loss=0.07095717
TRAIN_STEP task=open_the_middle_drawer_of_the_cabinet seed=7 global_step=240 loss=0.07486442
TRAIN_STEP task=open_the_middle_drawer_of_the_cabinet seed=7 global_step=260 loss=0.07110809
TRAIN_STEP task=open_the_middle_drawer_of_the_cabinet seed=7 global_step=280 loss=0.07926281
TRAIN_STEP task=open_the_middle_drawer_of_the_cabinet seed=7 global_step=300 loss=0.07551844
TRAIN_STEP task=open_the_middle_drawer_of_the_cabinet seed=7 global_step=320 loss=0.06836887
TRAIN_STEP task=open_the_middle_drawer_of_the_cabinet seed=7 global_step=340 loss=0.06112714
TRAIN_STEP task=open_the_middle_drawer_of_the_cabinet seed=7 global_step=360 loss=0.05515105
TRAIN_STEP task=open_the_middle_drawer_of_the_cabinet seed=7 global_step=380 loss=0.05820725
TRAIN_STEP task=open_the_middle_drawer_of_the_cabinet seed=7 global_step=400 loss=0.05674374
TRAIN_STEP task=open_the_middle_drawer_of_the_cabinet seed=7 global_step=420 loss=0.05194942
TRAIN_STEP task=open_the_middle_drawer_of_the_cabinet seed=7 global_step=440 loss=0.05050636
TRAIN_STEP task=open_the_middle_drawer_of_the_cabinet seed=7 global_step=460 loss=0.05505982
TRAIN_STEP task=open_the_middle_drawer_of_the_cabinet seed=7 global_step=480 loss=0.05030622
TRAIN_STEP task=open_the_middle_drawer_of_the_cabinet seed=7 global_step=500 loss=0.04930818
TRAIN_STEP task=open_the_middle_drawer_of_the_cabinet seed=7 global_step=520 loss=0.04573975
TRAIN_STEP task=open_the_middle_drawer_of_the_cabinet seed=7 global_step=540 loss=0.04713029
TRAIN_STEP task=open_the_middle_drawer_of_the_cabinet seed=7 global_step=560 loss=0.04490077
TRAIN_STEP task=open_the_middle_drawer_of_the_cabinet seed=7 global_step=580 loss=0.04459644
TRAIN_STEP task=open_the_middle_drawer_of_the_cabinet seed=7 global_step=600 loss=0.04201259
TRAIN_STEP task=open_the_middle_drawer_of_the_cabinet seed=7 global_step=620 loss=0.04055756
TRAIN_STEP task=open_the_middle_drawer_of_the_cabinet seed=7 global_step=640 loss=0.03912918
TRAIN_STEP task=open_the_middle_drawer_of_the_cabinet seed=7 global_step=660 loss=0.04053165
TRAIN_STEP task=open_the_middle_drawer_of_the_cabinet seed=7 global_step=680 loss=0.03730471
TRAIN_STEP task=open_the_middle_drawer_of_the_cabinet seed=7 global_step=700 loss=0.03521478
TRAIN_STEP task=open_the_middle_drawer_of_the_cabinet seed=7 global_step=720 loss=0.03537644
TRAIN_STEP task=open_the_middle_drawer_of_the_cabinet seed=7 global_step=740 loss=0.03609887
TRAIN_STEP task=open_the_middle_drawer_of_the_cabinet seed=7 global_step=760 loss=0.03212292
TRAIN_STEP task=open_the_middle_drawer_of_the_cabinet seed=7 global_step=780 loss=0.03194195
TRAIN_STEP task=open_the_middle_drawer_of_the_cabinet seed=7 global_step=800 loss=0.03069066
TRAIN_STEP task=open_the_middle_drawer_of_the_cabinet seed=7 global_step=820 loss=0.03221485
TRAIN_STEP task=open_the_middle_drawer_of_the_cabinet seed=7 global_step=840 loss=0.03131232
TRAIN_STEP task=open_the_middle_drawer_of_the_cabinet seed=7 global_step=860 loss=0.02861938
TRAIN_STEP task=open_the_middle_drawer_of_the_cabinet seed=7 global_step=880 loss=0.02751923
TRAIN_STEP task=open_the_middle_drawer_of_the_cabinet seed=7 global_step=900 loss=0.02940551
TRAIN_STEP task=open_the_middle_drawer_of_the_cabinet seed=7 global_step=920 loss=0.02648923
TRAIN_STEP task=open_the_middle_drawer_of_the_cabinet seed=7 global_step=940 loss=0.02606454
TRAIN_STEP task=open_the_middle_drawer_of_the_cabinet seed=7 global_step=960 loss=0.02595308
TRAIN_STEP task=open_the_middle_drawer_of_the_cabinet seed=7 global_step=980 loss=0.02853276
TRAIN_STEP task=open_the_middle_drawer_of_the_cabinet seed=7 global_step=1000 loss=0.02635759
TRAIN_STEP task=open_the_middle_drawer_of_the_cabinet seed=7 global_step=1020 loss=0.02558393
TRAIN_STEP task=open_the_middle_drawer_of_the_cabinet seed=7 global_step=1040 loss=0.02688438
TRAIN_STEP task=open_the_middle_drawer_of_the_cabinet seed=7 global_step=1060 loss=0.02313833
TRAIN_STEP task=open_the_middle_drawer_of_the_cabinet seed=7 global_step=1080 loss=0.02381089
TRAIN_STEP task=open_the_middle_drawer_of_the_cabinet seed=7 global_step=1100 loss=0.02487303
TRAIN_STEP task=open_the_middle_drawer_of_the_cabinet seed=7 global_step=1120 loss=0.02559953
TRAIN_STEP task=open_the_middle_drawer_of_the_cabinet seed=7 global_step=1140 loss=0.02305727
TRAIN_STEP task=open_the_middle_drawer_of_the_cabinet seed=7 global_step=1160 loss=0.02023139
TRAIN_STEP task=open_the_middle_drawer_of_the_cabinet seed=7 global_step=1180 loss=0.02392596
TRAIN_STEP task=open_the_middle_drawer_of_the_cabinet seed=7 global_step=1200 loss=0.02315262
TRAIN_STEP task=open_the_middle_drawer_of_the_cabinet seed=7 global_step=1220 loss=0.02128776
TRAIN_STEP task=open_the_middle_drawer_of_the_cabinet seed=7 global_step=1240 loss=0.02065931
TRAIN_STEP task=open_the_middle_drawer_of_the_cabinet seed=7 global_step=1260 loss=0.02298945
TRAIN_STEP task=open_the_middle_drawer_of_the_cabinet seed=7 global_step=1280 loss=0.02041839
TRAIN_STEP task=open_the_middle_drawer_of_the_cabinet seed=7 global_step=1300 loss=0.02081008
TRAIN_STEP task=open_the_middle_drawer_of_the_cabinet seed=7 global_step=1320 loss=0.02101948
TRAIN_STEP task=open_the_middle_drawer_of_the_cabinet seed=7 global_step=1340 loss=0.02157528
TRAIN_STEP task=open_the_middle_drawer_of_the_cabinet seed=7 global_step=1360 loss=0.02116869
TRAIN_STEP task=open_the_middle_drawer_of_the_cabinet seed=7 global_step=1380 loss=0.01897349
TRAIN_STEP task=open_the_middle_drawer_of_the_cabinet seed=7 global_step=1400 loss=0.01925513
TRAIN_STEP task=open_the_middle_drawer_of_the_cabinet seed=7 global_step=1420 loss=0.01658999
TRAIN_STEP task=open_the_middle_drawer_of_the_cabinet seed=7 global_step=1440 loss=0.01923179
TRAIN_STEP task=open_the_middle_drawer_of_the_cabinet seed=7 global_step=1460 loss=0.01800196
TRAIN_STEP task=open_the_middle_drawer_of_the_cabinet seed=7 global_step=1480 loss=0.01783619
TRAIN_STEP task=open_the_middle_drawer_of_the_cabinet seed=7 global_step=1500 loss=0.01660128
TRAIN_STEP task=open_the_middle_drawer_of_the_cabinet seed=7 global_step=1520 loss=0.01642179
TRAIN_STEP task=open_the_middle_drawer_of_the_cabinet seed=7 global_step=1540 loss=0.01739701
TRAIN_STEP task=open_the_middle_drawer_of_the_cabinet seed=7 global_step=1560 loss=0.01784152
TRAIN_STEP task=open_the_middle_drawer_of_the_cabinet seed=7 global_step=1580 loss=0.01805363
TRAIN_STEP task=open_the_middle_drawer_of_the_cabinet seed=7 global_step=1600 loss=0.01571002
TRAIN_STEP task=open_the_middle_drawer_of_the_cabinet seed=7 global_step=1620 loss=0.01569180
TRAIN_STEP task=open_the_middle_drawer_of_the_cabinet seed=7 global_step=1640 loss=0.01623498
TRAIN_STEP task=open_the_middle_drawer_of_the_cabinet seed=7 global_step=1660 loss=0.01453518
TRAIN_STEP task=open_the_middle_drawer_of_the_cabinet seed=7 global_step=1680 loss=0.01674167
TRAIN_STEP task=open_the_middle_drawer_of_the_cabinet seed=7 global_step=1700 loss=0.01696312
TRAIN_STEP task=open_the_middle_drawer_of_the_cabinet seed=7 global_step=1720 loss=0.01449879
TRAIN_STEP task=open_the_middle_drawer_of_the_cabinet seed=7 global_step=1740 loss=0.01531843
TRAIN_STEP task=open_the_middle_drawer_of_the_cabinet seed=7 global_step=1760 loss=0.01675259
TRAIN_STEP task=open_the_middle_drawer_of_the_cabinet seed=7 global_step=1780 loss=0.01480092
TRAIN_STEP task=open_the_middle_drawer_of_the_cabinet seed=7 global_step=1800 loss=0.01475527
TRAIN_STEP task=open_the_middle_drawer_of_the_cabinet seed=7 global_step=1820 loss=0.01377759
TRAIN_STEP task=open_the_middle_drawer_of_the_cabinet seed=7 global_step=1840 loss=0.01418110
TRAIN_STEP task=open_the_middle_drawer_of_the_cabinet seed=7 global_step=1860 loss=0.01435639
TRAIN_STEP task=open_the_middle_drawer_of_the_cabinet seed=7 global_step=1880 loss=0.01569512
TRAIN_STEP task=open_the_middle_drawer_of_the_cabinet seed=7 global_step=1900 loss=0.01319201
TRAIN_STEP task=open_the_middle_drawer_of_the_cabinet seed=7 global_step=1920 loss=0.01224754
TRAIN_STEP task=open_the_middle_drawer_of_the_cabinet seed=7 global_step=1940 loss=0.01410299
TRAIN_STEP task=open_the_middle_drawer_of_the_cabinet seed=7 global_step=1960 loss=0.01300460
TRAIN_STEP task=open_the_middle_drawer_of_the_cabinet seed=7 global_step=1980 loss=0.01356419
TRAIN_STEP task=open_the_middle_drawer_of_the_cabinet seed=7 global_step=2000 loss=0.01271152
CHECKPOINT_COMPLETE step=2000 path=/mnt/cpfs/zbl-cpfs-new/CKPT/leon/torch/r16_p14_libero_stage1/r16p14-libero-stage1-pilot-v1/open_the_middle_drawer_of_the_cabinet/seed_7/step_00002000
TRAIN_STEP task=open_the_middle_drawer_of_the_cabinet seed=7 global_step=2020 loss=0.01316560
TRAIN_STEP task=open_the_middle_drawer_of_the_cabinet seed=7 global_step=2040 loss=0.01263836
TRAIN_STEP task=open_the_middle_drawer_of_the_cabinet seed=7 global_step=2060 loss=0.01241520
TRAIN_STEP task=open_the_middle_drawer_of_the_cabinet seed=7 global_step=2080 loss=0.01291193
TRAIN_STEP task=open_the_middle_drawer_of_the_cabinet seed=7 global_step=2100 loss=0.01168122
TRAIN_STEP task=open_the_middle_drawer_of_the_cabinet seed=7 global_step=2120 loss=0.01285606
TRAIN_STEP task=open_the_middle_drawer_of_the_cabinet seed=7 global_step=2140 loss=0.01258887
TRAIN_STEP task=open_the_middle_drawer_of_the_cabinet seed=7 global_step=2160 loss=0.01327355
TRAIN_STEP task=open_the_middle_drawer_of_the_cabinet seed=7 global_step=2180 loss=0.01101742
TRAIN_STEP task=open_the_middle_drawer_of_the_cabinet seed=7 global_step=2200 loss=0.01120721
TRAIN_STEP task=open_the_middle_drawer_of_the_cabinet seed=7 global_step=2220 loss=0.01080179
TRAIN_STEP task=open_the_middle_drawer_of_the_cabinet seed=7 global_step=2240 loss=0.01270214
TRAIN_STEP task=open_the_middle_drawer_of_the_cabinet seed=7 global_step=2260 loss=0.01202486
TRAIN_STEP task=open_the_middle_drawer_of_the_cabinet seed=7 global_step=2280 loss=0.01072774
TRAIN_STEP task=open_the_middle_drawer_of_the_cabinet seed=7 global_step=2300 loss=0.01128380
TRAIN_STEP task=open_the_middle_drawer_of_the_cabinet seed=7 global_step=2320 loss=0.01099174
TRAIN_STEP task=open_the_middle_drawer_of_the_cabinet seed=7 global_step=2340 loss=0.01084056
TRAIN_STEP task=open_the_middle_drawer_of_the_cabinet seed=7 global_step=2360 loss=0.01147007
TRAIN_STEP task=open_the_middle_drawer_of_the_cabinet seed=7 global_step=2380 loss=0.01030853
TRAIN_STEP task=open_the_middle_drawer_of_the_cabinet seed=7 global_step=2400 loss=0.01137130
TRAIN_STEP task=open_the_middle_drawer_of_the_cabinet seed=7 global_step=2420 loss=0.00957638
TRAIN_STEP task=open_the_middle_drawer_of_the_cabinet seed=7 global_step=2440 loss=0.01094729
TRAIN_STEP task=open_the_middle_drawer_of_the_cabinet seed=7 global_step=2460 loss=0.01041518
TRAIN_STEP task=open_the_middle_drawer_of_the_cabinet seed=7 global_step=2480 loss=0.01133153
TRAIN_STEP task=open_the_middle_drawer_of_the_cabinet seed=7 global_step=2500 loss=0.01070674
TRAIN_STEP task=open_the_middle_drawer_of_the_cabinet seed=7 global_step=2520 loss=0.00967509
TRAIN_STEP task=open_the_middle_drawer_of_the_cabinet seed=7 global_step=2540 loss=0.00939985
TRAIN_STEP task=open_the_middle_drawer_of_the_cabinet seed=7 global_step=2560 loss=0.00916990
TRAIN_STEP task=open_the_middle_drawer_of_the_cabinet seed=7 global_step=2580 loss=0.01017463
TRAIN_STEP task=open_the_middle_drawer_of_the_cabinet seed=7 global_step=2600 loss=0.00987057
TRAIN_STEP task=open_the_middle_drawer_of_the_cabinet seed=7 global_step=2620 loss=0.00916148
TRAIN_STEP task=open_the_middle_drawer_of_the_cabinet seed=7 global_step=2640 loss=0.00958036
TRAIN_STEP task=open_the_middle_drawer_of_the_cabinet seed=7 global_step=2660 loss=0.00972850
TRAIN_STEP task=open_the_middle_drawer_of_the_cabinet seed=7 global_step=2680 loss=0.01017542
TRAIN_STEP task=open_the_middle_drawer_of_the_cabinet seed=7 global_step=2700 loss=0.00940540
TRAIN_STEP task=open_the_middle_drawer_of_the_cabinet seed=7 global_step=2720 loss=0.00874501
TRAIN_STEP task=open_the_middle_drawer_of_the_cabinet seed=7 global_step=2740 loss=0.00948179
TRAIN_STEP task=open_the_middle_drawer_of_the_cabinet seed=7 global_step=2760 loss=0.00972185
TRAIN_STEP task=open_the_middle_drawer_of_the_cabinet seed=7 global_step=2780 loss=0.00930998
TRAIN_STEP task=open_the_middle_drawer_of_the_cabinet seed=7 global_step=2800 loss=0.00862504
TRAIN_STEP task=open_the_middle_drawer_of_the_cabinet seed=7 global_step=2820 loss=0.00903211
TRAIN_STEP task=open_the_middle_drawer_of_the_cabinet seed=7 global_step=2840 loss=0.00891068
TRAIN_STEP task=open_the_middle_drawer_of_the_cabinet seed=7 global_step=2860 loss=0.00942677
TRAIN_STEP task=open_the_middle_drawer_of_the_cabinet seed=7 global_step=2880 loss=0.00856515
TRAIN_STEP task=open_the_middle_drawer_of_the_cabinet seed=7 global_step=2900 loss=0.00991444
TRAIN_STEP task=open_the_middle_drawer_of_the_cabinet seed=7 global_step=2920 loss=0.00858113
TRAIN_STEP task=open_the_middle_drawer_of_the_cabinet seed=7 global_step=2940 loss=0.00884301
TRAIN_STEP task=open_the_middle_drawer_of_the_cabinet seed=7 global_step=2960 loss=0.00830845
TRAIN_STEP task=open_the_middle_drawer_of_the_cabinet seed=7 global_step=2980 loss=0.00788593
TRAIN_STEP task=open_the_middle_drawer_of_the_cabinet seed=7 global_step=3000 loss=0.00892267
TRAIN_STEP task=open_the_middle_drawer_of_the_cabinet seed=7 global_step=3020 loss=0.00767030
TRAIN_STEP task=open_the_middle_drawer_of_the_cabinet seed=7 global_step=3040 loss=0.00807565
TRAIN_STEP task=open_the_middle_drawer_of_the_cabinet seed=7 global_step=3060 loss=0.00807786
TRAIN_STEP task=open_the_middle_drawer_of_the_cabinet seed=7 global_step=3080 loss=0.00936263
TRAIN_STEP task=open_the_middle_drawer_of_the_cabinet seed=7 global_step=3100 loss=0.00815188
TRAIN_STEP task=open_the_middle_drawer_of_the_cabinet seed=7 global_step=3120 loss=0.00792110
TRAIN_STEP task=open_the_middle_drawer_of_the_cabinet seed=7 global_step=3140 loss=0.00789229
TRAIN_STEP task=open_the_middle_drawer_of_the_cabinet seed=7 global_step=3160 loss=0.00841939
TRAIN_STEP task=open_the_middle_drawer_of_the_cabinet seed=7 global_step=3180 loss=0.00788936
TRAIN_STEP task=open_the_middle_drawer_of_the_cabinet seed=7 global_step=3200 loss=0.00716224
TRAIN_STEP task=open_the_middle_drawer_of_the_cabinet seed=7 global_step=3220 loss=0.00706237
TRAIN_STEP task=open_the_middle_drawer_of_the_cabinet seed=7 global_step=3240 loss=0.00795679
TRAIN_STEP task=open_the_middle_drawer_of_the_cabinet seed=7 global_step=3260 loss=0.00719716
TRAIN_STEP task=open_the_middle_drawer_of_the_cabinet seed=7 global_step=3280 loss=0.00833515
TRAIN_STEP task=open_the_middle_drawer_of_the_cabinet seed=7 global_step=3300 loss=0.00830128
TRAIN_STEP task=open_the_middle_drawer_of_the_cabinet seed=7 global_step=3320 loss=0.00752362
TRAIN_STEP task=open_the_middle_drawer_of_the_cabinet seed=7 global_step=3340 loss=0.00875635
TRAIN_STEP task=open_the_middle_drawer_of_the_cabinet seed=7 global_step=3360 loss=0.00812684
TRAIN_STEP task=open_the_middle_drawer_of_the_cabinet seed=7 global_step=3380 loss=0.00768203
TRAIN_STEP task=open_the_middle_drawer_of_the_cabinet seed=7 global_step=3400 loss=0.00756866
TRAIN_STEP task=open_the_middle_drawer_of_the_cabinet seed=7 global_step=3420 loss=0.00716694
TRAIN_STEP task=open_the_middle_drawer_of_the_cabinet seed=7 global_step=3440 loss=0.00698240
TRAIN_STEP task=open_the_middle_drawer_of_the_cabinet seed=7 global_step=3460 loss=0.00774508
TRAIN_STEP task=open_the_middle_drawer_of_the_cabinet seed=7 global_step=3480 loss=0.00679798
TRAIN_STEP task=open_the_middle_drawer_of_the_cabinet seed=7 global_step=3500 loss=0.00819914
TRAIN_STEP task=open_the_middle_drawer_of_the_cabinet seed=7 global_step=3520 loss=0.00726358
TRAIN_STEP task=open_the_middle_drawer_of_the_cabinet seed=7 global_step=3540 loss=0.00728054
TRAIN_STEP task=open_the_middle_drawer_of_the_cabinet seed=7 global_step=3560 loss=0.00676028
TRAIN_STEP task=open_the_middle_drawer_of_the_cabinet seed=7 global_step=3580 loss=0.00674833
TRAIN_STEP task=open_the_middle_drawer_of_the_cabinet seed=7 global_step=3600 loss=0.00705863
TRAIN_STEP task=open_the_middle_drawer_of_the_cabinet seed=7 global_step=3620 loss=0.00655681
TRAIN_STEP task=open_the_middle_drawer_of_the_cabinet seed=7 global_step=3640 loss=0.00686619
TRAIN_STEP task=open_the_middle_drawer_of_the_cabinet seed=7 global_step=3660 loss=0.00751769
TRAIN_STEP task=open_the_middle_drawer_of_the_cabinet seed=7 global_step=3680 loss=0.00702398
TRAIN_STEP task=open_the_middle_drawer_of_the_cabinet seed=7 global_step=3700 loss=0.00751861
TRAIN_STEP task=open_the_middle_drawer_of_the_cabinet seed=7 global_step=3720 loss=0.00692472
TRAIN_STEP task=open_the_middle_drawer_of_the_cabinet seed=7 global_step=3740 loss=0.00730794
TRAIN_STEP task=open_the_middle_drawer_of_the_cabinet seed=7 global_step=3760 loss=0.00764994
TRAIN_STEP task=open_the_middle_drawer_of_the_cabinet seed=7 global_step=3780 loss=0.00630281
TRAIN_STEP task=open_the_middle_drawer_of_the_cabinet seed=7 global_step=3800 loss=0.00767753
TRAIN_STEP task=open_the_middle_drawer_of_the_cabinet seed=7 global_step=3820 loss=0.00702807
TRAIN_STEP task=open_the_middle_drawer_of_the_cabinet seed=7 global_step=3840 loss=0.00716256
TRAIN_STEP task=open_the_middle_drawer_of_the_cabinet seed=7 global_step=3860 loss=0.00669470
TRAIN_STEP task=open_the_middle_drawer_of_the_cabinet seed=7 global_step=3880 loss=0.00680105
TRAIN_STEP task=open_the_middle_drawer_of_the_cabinet seed=7 global_step=3900 loss=0.00702203
TRAIN_STEP task=open_the_middle_drawer_of_the_cabinet seed=7 global_step=3920 loss=0.00710929
TRAIN_STEP task=open_the_middle_drawer_of_the_cabinet seed=7 global_step=3940 loss=0.00692658
TRAIN_STEP task=open_the_middle_drawer_of_the_cabinet seed=7 global_step=3960 loss=0.00677163
TRAIN_STEP task=open_the_middle_drawer_of_the_cabinet seed=7 global_step=3980 loss=0.00706828
TRAIN_STEP task=open_the_middle_drawer_of_the_cabinet seed=7 global_step=4000 loss=0.00654875
CHECKPOINT_COMPLETE step=4000 path=/mnt/cpfs/zbl-cpfs-new/CKPT/leon/torch/r16_p14_libero_stage1/r16p14-libero-stage1-pilot-v1/open_the_middle_drawer_of_the_cabinet/seed_7/step_00004000
TRAIN_STEP task=open_the_middle_drawer_of_the_cabinet seed=7 global_step=4020 loss=0.00627354
TRAIN_STEP task=open_the_middle_drawer_of_the_cabinet seed=7 global_step=4040 loss=0.00611550
TRAIN_STEP task=open_the_middle_drawer_of_the_cabinet seed=7 global_step=4060 loss=0.00683318
TRAIN_STEP task=open_the_middle_drawer_of_the_cabinet seed=7 global_step=4080 loss=0.00608174
TRAIN_STEP task=open_the_middle_drawer_of_the_cabinet seed=7 global_step=4100 loss=0.00665610
TRAIN_STEP task=open_the_middle_drawer_of_the_cabinet seed=7 global_step=4120 loss=0.00698364
TRAIN_STEP task=open_the_middle_drawer_of_the_cabinet seed=7 global_step=4140 loss=0.00624185
TRAIN_STEP task=open_the_middle_drawer_of_the_cabinet seed=7 global_step=4160 loss=0.00654199
TRAIN_STEP task=open_the_middle_drawer_of_the_cabinet seed=7 global_step=4180 loss=0.00615377
TRAIN_STEP task=open_the_middle_drawer_of_the_cabinet seed=7 global_step=4200 loss=0.00652201
TRAIN_STEP task=open_the_middle_drawer_of_the_cabinet seed=7 global_step=4220 loss=0.00606326
TRAIN_STEP task=open_the_middle_drawer_of_the_cabinet seed=7 global_step=4240 loss=0.00566609
TRAIN_STEP task=open_the_middle_drawer_of_the_cabinet seed=7 global_step=4260 loss=0.00706539
TRAIN_STEP task=open_the_middle_drawer_of_the_cabinet seed=7 global_step=4280 loss=0.00586557
TRAIN_STEP task=open_the_middle_drawer_of_the_cabinet seed=7 global_step=4300 loss=0.00640397
TRAIN_STEP task=open_the_middle_drawer_of_the_cabinet seed=7 global_step=4320 loss=0.00583364
TRAIN_STEP task=open_the_middle_drawer_of_the_cabinet seed=7 global_step=4340 loss=0.00615467
TRAIN_STEP task=open_the_middle_drawer_of_the_cabinet seed=7 global_step=4360 loss=0.00632744
TRAIN_STEP task=open_the_middle_drawer_of_the_cabinet seed=7 global_step=4380 loss=0.00581999
TRAIN_STEP task=open_the_middle_drawer_of_the_cabinet seed=7 global_step=4400 loss=0.00549966
TRAIN_STEP task=open_the_middle_drawer_of_the_cabinet seed=7 global_step=4420 loss=0.00550767
TRAIN_STEP task=open_the_middle_drawer_of_the_cabinet seed=7 global_step=4440 loss=0.00616085
TRAIN_STEP task=open_the_middle_drawer_of_the_cabinet seed=7 global_step=4460 loss=0.00643801
TRAIN_STEP task=open_the_middle_drawer_of_the_cabinet seed=7 global_step=4480 loss=0.00598447
TRAIN_STEP task=open_the_middle_drawer_of_the_cabinet seed=7 global_step=4500 loss=0.00586012
TRAIN_STEP task=open_the_middle_drawer_of_the_cabinet seed=7 global_step=4520 loss=0.00550902
TRAIN_STEP task=open_the_middle_drawer_of_the_cabinet seed=7 global_step=4540 loss=0.00609900
TRAIN_STEP task=open_the_middle_drawer_of_the_cabinet seed=7 global_step=4560 loss=0.00581013
TRAIN_STEP task=open_the_middle_drawer_of_the_cabinet seed=7 global_step=4580 loss=0.00614059
TRAIN_STEP task=open_the_middle_drawer_of_the_cabinet seed=7 global_step=4600 loss=0.00609909
TRAIN_STEP task=open_the_middle_drawer_of_the_cabinet seed=7 global_step=4620 loss=0.00566544
TRAIN_STEP task=open_the_middle_drawer_of_the_cabinet seed=7 global_step=4640 loss=0.00608052
TRAIN_STEP task=open_the_middle_drawer_of_the_cabinet seed=7 global_step=4660 loss=0.00568380
TRAIN_STEP task=open_the_middle_drawer_of_the_cabinet seed=7 global_step=4680 loss=0.00625045
TRAIN_STEP task=open_the_middle_drawer_of_the_cabinet seed=7 global_step=4700 loss=0.00585263
TRAIN_STEP task=open_the_middle_drawer_of_the_cabinet seed=7 global_step=4720 loss=0.00590045
TRAIN_STEP task=open_the_middle_drawer_of_the_cabinet seed=7 global_step=4740 loss=0.00572392
TRAIN_STEP task=open_the_middle_drawer_of_the_cabinet seed=7 global_step=4760 loss=0.00580782
TRAIN_STEP task=open_the_middle_drawer_of_the_cabinet seed=7 global_step=4780 loss=0.00566125
TRAIN_STEP task=open_the_middle_drawer_of_the_cabinet seed=7 global_step=4800 loss=0.00561800
TRAIN_STEP task=open_the_middle_drawer_of_the_cabinet seed=7 global_step=4820 loss=0.00487958
TRAIN_STEP task=open_the_middle_drawer_of_the_cabinet seed=7 global_step=4840 loss=0.00522707
TRAIN_STEP task=open_the_middle_drawer_of_the_cabinet seed=7 global_step=4860 loss=0.00572616
TRAIN_STEP task=open_the_middle_drawer_of_the_cabinet seed=7 global_step=4880 loss=0.00590248
TRAIN_STEP task=open_the_middle_drawer_of_the_cabinet seed=7 global_step=4900 loss=0.00531666
TRAIN_STEP task=open_the_middle_drawer_of_the_cabinet seed=7 global_step=4920 loss=0.00577142
TRAIN_STEP task=open_the_middle_drawer_of_the_cabinet seed=7 global_step=4940 loss=0.00545173
TRAIN_STEP task=open_the_middle_drawer_of_the_cabinet seed=7 global_step=4960 loss=0.00608863
TRAIN_STEP task=open_the_middle_drawer_of_the_cabinet seed=7 global_step=4980 loss=0.00519074
TRAIN_STEP task=open_the_middle_drawer_of_the_cabinet seed=7 global_step=5000 loss=0.00549333
TRAIN_STEP task=open_the_middle_drawer_of_the_cabinet seed=7 global_step=5020 loss=0.00608903
TRAIN_STEP task=open_the_middle_drawer_of_the_cabinet seed=7 global_step=5040 loss=0.00520935
TRAIN_STEP task=open_the_middle_drawer_of_the_cabinet seed=7 global_step=5060 loss=0.00568326
TRAIN_STEP task=open_the_middle_drawer_of_the_cabinet seed=7 global_step=5080 loss=0.00532758
TRAIN_STEP task=open_the_middle_drawer_of_the_cabinet seed=7 global_step=5100 loss=0.00505341
TRAIN_STEP task=open_the_middle_drawer_of_the_cabinet seed=7 global_step=5120 loss=0.00539840
TRAIN_STEP task=open_the_middle_drawer_of_the_cabinet seed=7 global_step=5140 loss=0.00616859
TRAIN_STEP task=open_the_middle_drawer_of_the_cabinet seed=7 global_step=5160 loss=0.00490724
TRAIN_STEP task=open_the_middle_drawer_of_the_cabinet seed=7 global_step=5180 loss=0.00531731
TRAIN_STEP task=open_the_middle_drawer_of_the_cabinet seed=7 global_step=5200 loss=0.00476435
TRAIN_STEP task=open_the_middle_drawer_of_the_cabinet seed=7 global_step=5220 loss=0.00601193
TRAIN_STEP task=open_the_middle_drawer_of_the_cabinet seed=7 global_step=5240 loss=0.00547962
TRAIN_STEP task=open_the_middle_drawer_of_the_cabinet seed=7 global_step=5260 loss=0.00569898
TRAIN_STEP task=open_the_middle_drawer_of_the_cabinet seed=7 global_step=5280 loss=0.00548742
TRAIN_STEP task=open_the_middle_drawer_of_the_cabinet seed=7 global_step=5300 loss=0.00489825
TRAIN_STEP task=open_the_middle_drawer_of_the_cabinet seed=7 global_step=5320 loss=0.00554894
TRAIN_STEP task=open_the_middle_drawer_of_the_cabinet seed=7 global_step=5340 loss=0.00635803
TRAIN_STEP task=open_the_middle_drawer_of_the_cabinet seed=7 global_step=5360 loss=0.00582941
TRAIN_STEP task=open_the_middle_drawer_of_the_cabinet seed=7 global_step=5380 loss=0.00562080
TRAIN_STEP task=open_the_middle_drawer_of_the_cabinet seed=7 global_step=5400 loss=0.00596240
TRAIN_STEP task=open_the_middle_drawer_of_the_cabinet seed=7 global_step=5420 loss=0.00540526
TRAIN_STEP task=open_the_middle_drawer_of_the_cabinet seed=7 global_step=5440 loss=0.00559377
TRAIN_STEP task=open_the_middle_drawer_of_the_cabinet seed=7 global_step=5460 loss=0.00524237
TRAIN_STEP task=open_the_middle_drawer_of_the_cabinet seed=7 global_step=5480 loss=0.00477884
TRAIN_STEP task=open_the_middle_drawer_of_the_cabinet seed=7 global_step=5500 loss=0.00498218
TRAIN_STEP task=open_the_middle_drawer_of_the_cabinet seed=7 global_step=5520 loss=0.00540298
TRAIN_STEP task=open_the_middle_drawer_of_the_cabinet seed=7 global_step=5540 loss=0.00518271
TRAIN_STEP task=open_the_middle_drawer_of_the_cabinet seed=7 global_step=5560 loss=0.00506859
TRAIN_STEP task=open_the_middle_drawer_of_the_cabinet seed=7 global_step=5580 loss=0.00567740
TRAIN_STEP task=open_the_middle_drawer_of_the_cabinet seed=7 global_step=5600 loss=0.00555870
TRAIN_STEP task=open_the_middle_drawer_of_the_cabinet seed=7 global_step=5620 loss=0.00511842
TRAIN_STEP task=open_the_middle_drawer_of_the_cabinet seed=7 global_step=5640 loss=0.00548401
TRAIN_STEP task=open_the_middle_drawer_of_the_cabinet seed=7 global_step=5660 loss=0.00511729
TRAIN_STEP task=open_the_middle_drawer_of_the_cabinet seed=7 global_step=5680 loss=0.00505740
TRAIN_STEP task=open_the_middle_drawer_of_the_cabinet seed=7 global_step=5700 loss=0.00506635
TRAIN_STEP task=open_the_middle_drawer_of_the_cabinet seed=7 global_step=5720 loss=0.00523430
TRAIN_STEP task=open_the_middle_drawer_of_the_cabinet seed=7 global_step=5740 loss=0.00470560
TRAIN_STEP task=open_the_middle_drawer_of_the_cabinet seed=7 global_step=5760 loss=0.00504714
TRAIN_STEP task=open_the_middle_drawer_of_the_cabinet seed=7 global_step=5780 loss=0.00522868
TRAIN_STEP task=open_the_middle_drawer_of_the_cabinet seed=7 global_step=5800 loss=0.00513156
TRAIN_STEP task=open_the_middle_drawer_of_the_cabinet seed=7 global_step=5820 loss=0.00509306
TRAIN_STEP task=open_the_middle_drawer_of_the_cabinet seed=7 global_step=5840 loss=0.00479549
TRAIN_STEP task=open_the_middle_drawer_of_the_cabinet seed=7 global_step=5860 loss=0.00485011
TRAIN_STEP task=open_the_middle_drawer_of_the_cabinet seed=7 global_step=5880 loss=0.00488807
TRAIN_STEP task=open_the_middle_drawer_of_the_cabinet seed=7 global_step=5900 loss=0.00500201
TRAIN_STEP task=open_the_middle_drawer_of_the_cabinet seed=7 global_step=5920 loss=0.00535608
TRAIN_STEP task=open_the_middle_drawer_of_the_cabinet seed=7 global_step=5940 loss=0.00519622
TRAIN_STEP task=open_the_middle_drawer_of_the_cabinet seed=7 global_step=5960 loss=0.00499895
TRAIN_STEP task=open_the_middle_drawer_of_the_cabinet seed=7 global_step=5980 loss=0.00482419
TRAIN_STEP task=open_the_middle_drawer_of_the_cabinet seed=7 global_step=6000 loss=0.00528407
CHECKPOINT_COMPLETE step=6000 path=/mnt/cpfs/zbl-cpfs-new/CKPT/leon/torch/r16_p14_libero_stage1/r16p14-libero-stage1-pilot-v1/open_the_middle_drawer_of_the_cabinet/seed_7/step_00006000
TRAIN_STEP task=open_the_middle_drawer_of_the_cabinet seed=7 global_step=6020 loss=0.00521358
TRAIN_STEP task=open_the_middle_drawer_of_the_cabinet seed=7 global_step=6040 loss=0.00517491
TRAIN_STEP task=open_the_middle_drawer_of_the_cabinet seed=7 global_step=6060 loss=0.00541326
TRAIN_STEP task=open_the_middle_drawer_of_the_cabinet seed=7 global_step=6080 loss=0.00469134
TRAIN_STEP task=open_the_middle_drawer_of_the_cabinet seed=7 global_step=6100 loss=0.00490243
TRAIN_STEP task=open_the_middle_drawer_of_the_cabinet seed=7 global_step=6120 loss=0.00509635
TRAIN_STEP task=open_the_middle_drawer_of_the_cabinet seed=7 global_step=6140 loss=0.00508830
TRAIN_STEP task=open_the_middle_drawer_of_the_cabinet seed=7 global_step=6160 loss=0.00495213
TRAIN_STEP task=open_the_middle_drawer_of_the_cabinet seed=7 global_step=6180 loss=0.00465191
TRAIN_STEP task=open_the_middle_drawer_of_the_cabinet seed=7 global_step=6200 loss=0.00486167
TRAIN_STEP task=open_the_middle_drawer_of_the_cabinet seed=7 global_step=6220 loss=0.00469941
TRAIN_STEP task=open_the_middle_drawer_of_the_cabinet seed=7 global_step=6240 loss=0.00524387
TRAIN_STEP task=open_the_middle_drawer_of_the_cabinet seed=7 global_step=6260 loss=0.00513622
TRAIN_STEP task=open_the_middle_drawer_of_the_cabinet seed=7 global_step=6280 loss=0.00505092
TRAIN_STEP task=open_the_middle_drawer_of_the_cabinet seed=7 global_step=6300 loss=0.00524084
TRAIN_STEP task=open_the_middle_drawer_of_the_cabinet seed=7 global_step=6320 loss=0.00510727
TRAIN_STEP task=open_the_middle_drawer_of_the_cabinet seed=7 global_step=6340 loss=0.00433065
TRAIN_STEP task=open_the_middle_drawer_of_the_cabinet seed=7 global_step=6360 loss=0.00440758
TRAIN_STEP task=open_the_middle_drawer_of_the_cabinet seed=7 global_step=6380 loss=0.00521672
TRAIN_STEP task=open_the_middle_drawer_of_the_cabinet seed=7 global_step=6400 loss=0.00504198
TRAIN_STEP task=open_the_middle_drawer_of_the_cabinet seed=7 global_step=6420 loss=0.00479766
TRAIN_STEP task=open_the_middle_drawer_of_the_cabinet seed=7 global_step=6440 loss=0.00511656
TRAIN_STEP task=open_the_middle_drawer_of_the_cabinet seed=7 global_step=6460 loss=0.00488767
TRAIN_STEP task=open_the_middle_drawer_of_the_cabinet seed=7 global_step=6480 loss=0.00484690
TRAIN_STEP task=open_the_middle_drawer_of_the_cabinet seed=7 global_step=6500 loss=0.00522012
TRAIN_STEP task=open_the_middle_drawer_of_the_cabinet seed=7 global_step=6520 loss=0.00558088
TRAIN_STEP task=open_the_middle_drawer_of_the_cabinet seed=7 global_step=6540 loss=0.00512905
TRAIN_STEP task=open_the_middle_drawer_of_the_cabinet seed=7 global_step=6560 loss=0.00535835
TRAIN_STEP task=open_the_middle_drawer_of_the_cabinet seed=7 global_step=6580 loss=0.00443329
TRAIN_STEP task=open_the_middle_drawer_of_the_cabinet seed=7 global_step=6600 loss=0.00499041
TRAIN_STEP task=open_the_middle_drawer_of_the_cabinet seed=7 global_step=6620 loss=0.00505899
TRAIN_STEP task=open_the_middle_drawer_of_the_cabinet seed=7 global_step=6640 loss=0.00473565
TRAIN_STEP task=open_the_middle_drawer_of_the_cabinet seed=7 global_step=6660 loss=0.00531843
TRAIN_STEP task=open_the_middle_drawer_of_the_cabinet seed=7 global_step=6680 loss=0.00444755
TRAIN_STEP task=open_the_middle_drawer_of_the_cabinet seed=7 global_step=6700 loss=0.00461706
TRAIN_STEP task=open_the_middle_drawer_of_the_cabinet seed=7 global_step=6720 loss=0.00460491
TRAIN_STEP task=open_the_middle_drawer_of_the_cabinet seed=7 global_step=6740 loss=0.00445217
TRAIN_STEP task=open_the_middle_drawer_of_the_cabinet seed=7 global_step=6760 loss=0.00522939
TRAIN_STEP task=open_the_middle_drawer_of_the_cabinet seed=7 global_step=6780 loss=0.00479334
TRAIN_STEP task=open_the_middle_drawer_of_the_cabinet seed=7 global_step=6800 loss=0.00500490
TRAIN_STEP task=open_the_middle_drawer_of_the_cabinet seed=7 global_step=6820 loss=0.00462371
TRAIN_STEP task=open_the_middle_drawer_of_the_cabinet seed=7 global_step=6840 loss=0.00487282
TRAIN_STEP task=open_the_middle_drawer_of_the_cabinet seed=7 global_step=6860 loss=0.00492721
TRAIN_STEP task=open_the_middle_drawer_of_the_cabinet seed=7 global_step=6880 loss=0.00460262
TRAIN_STEP task=open_the_middle_drawer_of_the_cabinet seed=7 global_step=6900 loss=0.00472790
TRAIN_STEP task=open_the_middle_drawer_of_the_cabinet seed=7 global_step=6920 loss=0.00511469
TRAIN_STEP task=open_the_middle_drawer_of_the_cabinet seed=7 global_step=6940 loss=0.00502243
TRAIN_STEP task=open_the_middle_drawer_of_the_cabinet seed=7 global_step=6960 loss=0.00455732
TRAIN_STEP task=open_the_middle_drawer_of_the_cabinet seed=7 global_step=6980 loss=0.00440820
TRAIN_STEP task=open_the_middle_drawer_of_the_cabinet seed=7 global_step=7000 loss=0.00554464
TRAIN_STEP task=open_the_middle_drawer_of_the_cabinet seed=7 global_step=7020 loss=0.00456985
TRAIN_STEP task=open_the_middle_drawer_of_the_cabinet seed=7 global_step=7040 loss=0.00461536
TRAIN_STEP task=open_the_middle_drawer_of_the_cabinet seed=7 global_step=7060 loss=0.00473583
TRAIN_STEP task=open_the_middle_drawer_of_the_cabinet seed=7 global_step=7080 loss=0.00470048
TRAIN_STEP task=open_the_middle_drawer_of_the_cabinet seed=7 global_step=7100 loss=0.00497286
TRAIN_STEP task=open_the_middle_drawer_of_the_cabinet seed=7 global_step=7120 loss=0.00451098
TRAIN_STEP task=open_the_middle_drawer_of_the_cabinet seed=7 global_step=7140 loss=0.00490191
TRAIN_STEP task=open_the_middle_drawer_of_the_cabinet seed=7 global_step=7160 loss=0.00453169
TRAIN_STEP task=open_the_middle_drawer_of_the_cabinet seed=7 global_step=7180 loss=0.00546181
TRAIN_STEP task=open_the_middle_drawer_of_the_cabinet seed=7 global_step=7200 loss=0.00539898
TRAIN_STEP task=open_the_middle_drawer_of_the_cabinet seed=7 global_step=7220 loss=0.00467100
TRAIN_STEP task=open_the_middle_drawer_of_the_cabinet seed=7 global_step=7240 loss=0.00456336
TRAIN_STEP task=open_the_middle_drawer_of_the_cabinet seed=7 global_step=7260 loss=0.00451460
TRAIN_STEP task=open_the_middle_drawer_of_the_cabinet seed=7 global_step=7280 loss=0.00527520
TRAIN_STEP task=open_the_middle_drawer_of_the_cabinet seed=7 global_step=7300 loss=0.00452717
TRAIN_STEP task=open_the_middle_drawer_of_the_cabinet seed=7 global_step=7320 loss=0.00447884
TRAIN_STEP task=open_the_middle_drawer_of_the_cabinet seed=7 global_step=7340 loss=0.00455701
TRAIN_STEP task=open_the_middle_drawer_of_the_cabinet seed=7 global_step=7360 loss=0.00511292
TRAIN_STEP task=open_the_middle_drawer_of_the_cabinet seed=7 global_step=7380 loss=0.00466798
TRAIN_STEP task=open_the_middle_drawer_of_the_cabinet seed=7 global_step=7400 loss=0.00479959
TRAIN_STEP task=open_the_middle_drawer_of_the_cabinet seed=7 global_step=7420 loss=0.00428547
TRAIN_STEP task=open_the_middle_drawer_of_the_cabinet seed=7 global_step=7440 loss=0.00461504
TRAIN_STEP task=open_the_middle_drawer_of_the_cabinet seed=7 global_step=7460 loss=0.00478313
TRAIN_STEP task=open_the_middle_drawer_of_the_cabinet seed=7 global_step=7480 loss=0.00501443
TRAIN_STEP task=open_the_middle_drawer_of_the_cabinet seed=7 global_step=7500 loss=0.00505815
TRAIN_STEP task=open_the_middle_drawer_of_the_cabinet seed=7 global_step=7520 loss=0.00487159
TRAIN_STEP task=open_the_middle_drawer_of_the_cabinet seed=7 global_step=7540 loss=0.00441203
TRAIN_STEP task=open_the_middle_drawer_of_the_cabinet seed=7 global_step=7560 loss=0.00429065
TRAIN_STEP task=open_the_middle_drawer_of_the_cabinet seed=7 global_step=7580 loss=0.00430968
TRAIN_STEP task=open_the_middle_drawer_of_the_cabinet seed=7 global_step=7600 loss=0.00495363
TRAIN_STEP task=open_the_middle_drawer_of_the_cabinet seed=7 global_step=7620 loss=0.00460131
TRAIN_STEP task=open_the_middle_drawer_of_the_cabinet seed=7 global_step=7640 loss=0.00439007
TRAIN_STEP task=open_the_middle_drawer_of_the_cabinet seed=7 global_step=7660 loss=0.00434979
TRAIN_STEP task=open_the_middle_drawer_of_the_cabinet seed=7 global_step=7680 loss=0.00492483
TRAIN_STEP task=open_the_middle_drawer_of_the_cabinet seed=7 global_step=7700 loss=0.00433610
TRAIN_STEP task=open_the_middle_drawer_of_the_cabinet seed=7 global_step=7720 loss=0.00447755
TRAIN_STEP task=open_the_middle_drawer_of_the_cabinet seed=7 global_step=7740 loss=0.00462114
TRAIN_STEP task=open_the_middle_drawer_of_the_cabinet seed=7 global_step=7760 loss=0.00429410
TRAIN_STEP task=open_the_middle_drawer_of_the_cabinet seed=7 global_step=7780 loss=0.00463451
TRAIN_STEP task=open_the_middle_drawer_of_the_cabinet seed=7 global_step=7800 loss=0.00457906
TRAIN_STEP task=open_the_middle_drawer_of_the_cabinet seed=7 global_step=7820 loss=0.00483929
TRAIN_STEP task=open_the_middle_drawer_of_the_cabinet seed=7 global_step=7840 loss=0.00475974
TRAIN_STEP task=open_the_middle_drawer_of_the_cabinet seed=7 global_step=7860 loss=0.00445324
TRAIN_STEP task=open_the_middle_drawer_of_the_cabinet seed=7 global_step=7880 loss=0.00508089
TRAIN_STEP task=open_the_middle_drawer_of_the_cabinet seed=7 global_step=7900 loss=0.00416273
TRAIN_STEP task=open_the_middle_drawer_of_the_cabinet seed=7 global_step=7920 loss=0.00439169
TRAIN_STEP task=open_the_middle_drawer_of_the_cabinet seed=7 global_step=7940 loss=0.00439323
TRAIN_STEP task=open_the_middle_drawer_of_the_cabinet seed=7 global_step=7960 loss=0.00482753
TRAIN_STEP task=open_the_middle_drawer_of_the_cabinet seed=7 global_step=7980 loss=0.00428001
TRAIN_STEP task=open_the_middle_drawer_of_the_cabinet seed=7 global_step=8000 loss=0.00435850
CHECKPOINT_COMPLETE step=8000 path=/mnt/cpfs/zbl-cpfs-new/CKPT/leon/torch/r16_p14_libero_stage1/r16p14-libero-stage1-pilot-v1/open_the_middle_drawer_of_the_cabinet/seed_7/step_00008000
wandb: - 0.003 MB of 0.003 MB uploadedwandb: \ 0.003 MB of 0.046 MB uploadedwandb: | 0.004 MB of 0.046 MB uploadedwandb: / 0.046 MB of 0.046 MB uploadedwandb: - 0.046 MB of 0.046 MB uploadedwandb: \ 0.046 MB of 0.046 MB uploadedwandb:                                                                                
wandb: 
wandb: Run history:
wandb:   train/global_step ▁▁▁▁▂▂▂▂▂▃▃▃▃▃▃▄▄▄▄▄▅▅▅▅▅▅▆▆▆▆▆▇▇▇▇▇▇███
wandb: train/learning_rate ███████▇▇▇▇▇▆▆▆▆▆▅▅▅▄▄▄▄▃▃▃▃▂▂▂▂▂▁▁▁▁▁▁▁
wandb:          train/loss █▅▄▃▂▂▂▂▂▂▁▁▁▁▁▁▁▁▁▁▁▁▁▁▁▁▁▁▁▁▁▁▁▁▁▁▁▁▁▁
wandb: 
wandb: Run summary:
wandb:   latest_checkpoint /mnt/cpfs/zbl-cpfs-n...
wandb:                loss 0.00436
wandb:              run_id r16p14-libero-stage1...
wandb:                seed 7
wandb:                step 8000
wandb:                task open_the_middle_draw...
wandb:   train/global_step 8000
wandb: train/learning_rate 0.0
wandb:          train/loss 0.00436
wandb: 
wandb: 🚀 View run open_the_middle_drawer_of_the_cabinet-seed-7 at: https://wandb.ai/chen_jian-cj-workspace/r16-p14-libero-stage1/runs/r16p14-libero-stage1-pilot-v1-open_the_middle_drawer_of_the_cabinet-seed-7
wandb: ⭐️ View project at: https://wandb.ai/chen_jian-cj-workspace/r16-p14-libero-stage1
wandb: Synced 5 W&B file(s), 0 media file(s), 0 artifact file(s) and 0 other file(s)
wandb: Find logs at: ./cache/wandb/wandb/run-20260812_224817-r16p14-libero-stage1-pilot-v1-open_the_middle_drawer_of_the_cabinet-seed-7/logs
AUTO_RESUME=0 RUN_ID=r16p14-libero-stage1-pilot-v1 task=open_the_middle_drawer_of_the_cabinet seed=17 RESUME_FLAG=false checkpoint=none
wandb: - Waiting for wandb.init()...wandb: \ Waiting for wandb.init()...wandb: Tracking run with wandb version 0.16.6
wandb: Run data is saved locally in /mnt/cpfs/zbl-cpfs-new/USERS/leon/logs/r16_p14_libero_stage1/pai/r16p14-libero-stage1-20260812-144626/cache/wandb/wandb/run-20260812_225155-r16p14-libero-stage1-pilot-v1-open_the_middle_drawer_of_the_cabinet-seed-17
wandb: Run `wandb offline` to turn off syncing.
wandb: Syncing run open_the_middle_drawer_of_the_cabinet-seed-17
wandb: ⭐️ View project at https://wandb.ai/chen_jian-cj-workspace/r16-p14-libero-stage1
wandb: 🚀 View run at https://wandb.ai/chen_jian-cj-workspace/r16-p14-libero-stage1/runs/r16p14-libero-stage1-pilot-v1-open_the_middle_drawer_of_the_cabinet-seed-17
TRAIN_STEP task=open_the_middle_drawer_of_the_cabinet seed=17 global_step=1 loss=0.36339930
TRAIN_STEP task=open_the_middle_drawer_of_the_cabinet seed=17 global_step=20 loss=0.24285656
TRAIN_STEP task=open_the_middle_drawer_of_the_cabinet seed=17 global_step=40 loss=0.17503361
TRAIN_STEP task=open_the_middle_drawer_of_the_cabinet seed=17 global_step=60 loss=0.15030180
TRAIN_STEP task=open_the_middle_drawer_of_the_cabinet seed=17 global_step=80 loss=0.12361855
TRAIN_STEP task=open_the_middle_drawer_of_the_cabinet seed=17 global_step=100 loss=0.10610084
TRAIN_STEP task=open_the_middle_drawer_of_the_cabinet seed=17 global_step=120 loss=0.10534865
TRAIN_STEP task=open_the_middle_drawer_of_the_cabinet seed=17 global_step=140 loss=0.09326451
TRAIN_STEP task=open_the_middle_drawer_of_the_cabinet seed=17 global_step=160 loss=0.08660211
TRAIN_STEP task=open_the_middle_drawer_of_the_cabinet seed=17 global_step=180 loss=0.08501240
TRAIN_STEP task=open_the_middle_drawer_of_the_cabinet seed=17 global_step=200 loss=0.07960935
TRAIN_STEP task=open_the_middle_drawer_of_the_cabinet seed=17 global_step=220 loss=0.07181180
TRAIN_STEP task=open_the_middle_drawer_of_the_cabinet seed=17 global_step=240 loss=0.08079161
TRAIN_STEP task=open_the_middle_drawer_of_the_cabinet seed=17 global_step=260 loss=0.07059500
TRAIN_STEP task=open_the_middle_drawer_of_the_cabinet seed=17 global_step=280 loss=0.07262953
TRAIN_STEP task=open_the_middle_drawer_of_the_cabinet seed=17 global_step=300 loss=0.06518564
TRAIN_STEP task=open_the_middle_drawer_of_the_cabinet seed=17 global_step=320 loss=0.05935758
TRAIN_STEP task=open_the_middle_drawer_of_the_cabinet seed=17 global_step=340 loss=0.06911781
TRAIN_STEP task=open_the_middle_drawer_of_the_cabinet seed=17 global_step=360 loss=0.06179369
TRAIN_STEP task=open_the_middle_drawer_of_the_cabinet seed=17 global_step=380 loss=0.05878059
TRAIN_STEP task=open_the_middle_drawer_of_the_cabinet seed=17 global_step=400 loss=0.05587534
TRAIN_STEP task=open_the_middle_drawer_of_the_cabinet seed=17 global_step=420 loss=0.05238538
TRAIN_STEP task=open_the_middle_drawer_of_the_cabinet seed=17 global_step=440 loss=0.04906367
TRAIN_STEP task=open_the_middle_drawer_of_the_cabinet seed=17 global_step=460 loss=0.05389735
TRAIN_STEP task=open_the_middle_drawer_of_the_cabinet seed=17 global_step=480 loss=0.04531518
TRAIN_STEP task=open_the_middle_drawer_of_the_cabinet seed=17 global_step=500 loss=0.05079346
TRAIN_STEP task=open_the_middle_drawer_of_the_cabinet seed=17 global_step=520 loss=0.04541133
TRAIN_STEP task=open_the_middle_drawer_of_the_cabinet seed=17 global_step=540 loss=0.04274668
TRAIN_STEP task=open_the_middle_drawer_of_the_cabinet seed=17 global_step=560 loss=0.04630600
TRAIN_STEP task=open_the_middle_drawer_of_the_cabinet seed=17 global_step=580 loss=0.03859508
TRAIN_STEP task=open_the_middle_drawer_of_the_cabinet seed=17 global_step=600 loss=0.04018552
TRAIN_STEP task=open_the_middle_drawer_of_the_cabinet seed=17 global_step=620 loss=0.03869045
TRAIN_STEP task=open_the_middle_drawer_of_the_cabinet seed=17 global_step=640 loss=0.03790155
TRAIN_STEP task=open_the_middle_drawer_of_the_cabinet seed=17 global_step=660 loss=0.03784950
TRAIN_STEP task=open_the_middle_drawer_of_the_cabinet seed=17 global_step=680 loss=0.03835638
TRAIN_STEP task=open_the_middle_drawer_of_the_cabinet seed=17 global_step=700 loss=0.04025181
TRAIN_STEP task=open_the_middle_drawer_of_the_cabinet seed=17 global_step=720 loss=0.03567492
TRAIN_STEP task=open_the_middle_drawer_of_the_cabinet seed=17 global_step=740 loss=0.03364262
TRAIN_STEP task=open_the_middle_drawer_of_the_cabinet seed=17 global_step=760 loss=0.03368246
TRAIN_STEP task=open_the_middle_drawer_of_the_cabinet seed=17 global_step=780 loss=0.03393243
TRAIN_STEP task=open_the_middle_drawer_of_the_cabinet seed=17 global_step=800 loss=0.03409887
TRAIN_STEP task=open_the_middle_drawer_of_the_cabinet seed=17 global_step=820 loss=0.03028337
TRAIN_STEP task=open_the_middle_drawer_of_the_cabinet seed=17 global_step=840 loss=0.02981571
TRAIN_STEP task=open_the_middle_drawer_of_the_cabinet seed=17 global_step=860 loss=0.03102676
TRAIN_STEP task=open_the_middle_drawer_of_the_cabinet seed=17 global_step=880 loss=0.02981484
TRAIN_STEP task=open_the_middle_drawer_of_the_cabinet seed=17 global_step=900 loss=0.03036804
TRAIN_STEP task=open_the_middle_drawer_of_the_cabinet seed=17 global_step=920 loss=0.02905761
TRAIN_STEP task=open_the_middle_drawer_of_the_cabinet seed=17 global_step=940 loss=0.02860455
TRAIN_STEP task=open_the_middle_drawer_of_the_cabinet seed=17 global_step=960 loss=0.02617807
TRAIN_STEP task=open_the_middle_drawer_of_the_cabinet seed=17 global_step=980 loss=0.03011294
TRAIN_STEP task=open_the_middle_drawer_of_the_cabinet seed=17 global_step=1000 loss=0.02629240
TRAIN_STEP task=open_the_middle_drawer_of_the_cabinet seed=17 global_step=1020 loss=0.02600601
TRAIN_STEP task=open_the_middle_drawer_of_the_cabinet seed=17 global_step=1040 loss=0.02393990
TRAIN_STEP task=open_the_middle_drawer_of_the_cabinet seed=17 global_step=1060 loss=0.02395924
TRAIN_STEP task=open_the_middle_drawer_of_the_cabinet seed=17 global_step=1080 loss=0.02475874
TRAIN_STEP task=open_the_middle_drawer_of_the_cabinet seed=17 global_step=1100 loss=0.02511972
TRAIN_STEP task=open_the_middle_drawer_of_the_cabinet seed=17 global_step=1120 loss=0.02136099
TRAIN_STEP task=open_the_middle_drawer_of_the_cabinet seed=17 global_step=1140 loss=0.02398044
TRAIN_STEP task=open_the_middle_drawer_of_the_cabinet seed=17 global_step=1160 loss=0.02307353
TRAIN_STEP task=open_the_middle_drawer_of_the_cabinet seed=17 global_step=1180 loss=0.02160480
TRAIN_STEP task=open_the_middle_drawer_of_the_cabinet seed=17 global_step=1200 loss=0.02360887
TRAIN_STEP task=open_the_middle_drawer_of_the_cabinet seed=17 global_step=1220 loss=0.02020125
TRAIN_STEP task=open_the_middle_drawer_of_the_cabinet seed=17 global_step=1240 loss=0.02150825
TRAIN_STEP task=open_the_middle_drawer_of_the_cabinet seed=17 global_step=1260 loss=0.02259653
TRAIN_STEP task=open_the_middle_drawer_of_the_cabinet seed=17 global_step=1280 loss=0.01994820
TRAIN_STEP task=open_the_middle_drawer_of_the_cabinet seed=17 global_step=1300 loss=0.02224180
TRAIN_STEP task=open_the_middle_drawer_of_the_cabinet seed=17 global_step=1320 loss=0.02038775
TRAIN_STEP task=open_the_middle_drawer_of_the_cabinet seed=17 global_step=1340 loss=0.01876816
TRAIN_STEP task=open_the_middle_drawer_of_the_cabinet seed=17 global_step=1360 loss=0.02113300
TRAIN_STEP task=open_the_middle_drawer_of_the_cabinet seed=17 global_step=1380 loss=0.02051464
TRAIN_STEP task=open_the_middle_drawer_of_the_cabinet seed=17 global_step=1400 loss=0.01893341
TRAIN_STEP task=open_the_middle_drawer_of_the_cabinet seed=17 global_step=1420 loss=0.01860547
TRAIN_STEP task=open_the_middle_drawer_of_the_cabinet seed=17 global_step=1440 loss=0.02033752
TRAIN_STEP task=open_the_middle_drawer_of_the_cabinet seed=17 global_step=1460 loss=0.01681472
TRAIN_STEP task=open_the_middle_drawer_of_the_cabinet seed=17 global_step=1480 loss=0.01702365
TRAIN_STEP task=open_the_middle_drawer_of_the_cabinet seed=17 global_step=1500 loss=0.01882741
TRAIN_STEP task=open_the_middle_drawer_of_the_cabinet seed=17 global_step=1520 loss=0.01736933
TRAIN_STEP task=open_the_middle_drawer_of_the_cabinet seed=17 global_step=1540 loss=0.01678167
TRAIN_STEP task=open_the_middle_drawer_of_the_cabinet seed=17 global_step=1560 loss=0.01738372
TRAIN_STEP task=open_the_middle_drawer_of_the_cabinet seed=17 global_step=1580 loss=0.01802481
TRAIN_STEP task=open_the_middle_drawer_of_the_cabinet seed=17 global_step=1600 loss=0.01716965
TRAIN_STEP task=open_the_middle_drawer_of_the_cabinet seed=17 global_step=1620 loss=0.01798948
TRAIN_STEP task=open_the_middle_drawer_of_the_cabinet seed=17 global_step=1640 loss=0.01629232
TRAIN_STEP task=open_the_middle_drawer_of_the_cabinet seed=17 global_step=1660 loss=0.01715198
TRAIN_STEP task=open_the_middle_drawer_of_the_cabinet seed=17 global_step=1680 loss=0.01520585
TRAIN_STEP task=open_the_middle_drawer_of_the_cabinet seed=17 global_step=1700 loss=0.01618160
TRAIN_STEP task=open_the_middle_drawer_of_the_cabinet seed=17 global_step=1720 loss=0.01694793
TRAIN_STEP task=open_the_middle_drawer_of_the_cabinet seed=17 global_step=1740 loss=0.01450132
TRAIN_STEP task=open_the_middle_drawer_of_the_cabinet seed=17 global_step=1760 loss=0.01372028
TRAIN_STEP task=open_the_middle_drawer_of_the_cabinet seed=17 global_step=1780 loss=0.01413964
TRAIN_STEP task=open_the_middle_drawer_of_the_cabinet seed=17 global_step=1800 loss=0.01435697
TRAIN_STEP task=open_the_middle_drawer_of_the_cabinet seed=17 global_step=1820 loss=0.01332258
TRAIN_STEP task=open_the_middle_drawer_of_the_cabinet seed=17 global_step=1840 loss=0.01376678
TRAIN_STEP task=open_the_middle_drawer_of_the_cabinet seed=17 global_step=1860 loss=0.01453122
TRAIN_STEP task=open_the_middle_drawer_of_the_cabinet seed=17 global_step=1880 loss=0.01491405
TRAIN_STEP task=open_the_middle_drawer_of_the_cabinet seed=17 global_step=1900 loss=0.01287295
TRAIN_STEP task=open_the_middle_drawer_of_the_cabinet seed=17 global_step=1920 loss=0.01318167
TRAIN_STEP task=open_the_middle_drawer_of_the_cabinet seed=17 global_step=1940 loss=0.01255608
TRAIN_STEP task=open_the_middle_drawer_of_the_cabinet seed=17 global_step=1960 loss=0.01453245
TRAIN_STEP task=open_the_middle_drawer_of_the_cabinet seed=17 global_step=1980 loss=0.01147642
TRAIN_STEP task=open_the_middle_drawer_of_the_cabinet seed=17 global_step=2000 loss=0.01198522
CHECKPOINT_COMPLETE step=2000 path=/mnt/cpfs/zbl-cpfs-new/CKPT/leon/torch/r16_p14_libero_stage1/r16p14-libero-stage1-pilot-v1/open_the_middle_drawer_of_the_cabinet/seed_17/step_00002000
TRAIN_STEP task=open_the_middle_drawer_of_the_cabinet seed=17 global_step=2020 loss=0.01258457
TRAIN_STEP task=open_the_middle_drawer_of_the_cabinet seed=17 global_step=2040 loss=0.01334182
TRAIN_STEP task=open_the_middle_drawer_of_the_cabinet seed=17 global_step=2060 loss=0.01262066
TRAIN_STEP task=open_the_middle_drawer_of_the_cabinet seed=17 global_step=2080 loss=0.01240391
TRAIN_STEP task=open_the_middle_drawer_of_the_cabinet seed=17 global_step=2100 loss=0.01210834
TRAIN_STEP task=open_the_middle_drawer_of_the_cabinet seed=17 global_step=2120 loss=0.01208606
TRAIN_STEP task=open_the_middle_drawer_of_the_cabinet seed=17 global_step=2140 loss=0.01189381
TRAIN_STEP task=open_the_middle_drawer_of_the_cabinet seed=17 global_step=2160 loss=0.01206515
TRAIN_STEP task=open_the_middle_drawer_of_the_cabinet seed=17 global_step=2180 loss=0.01164472
TRAIN_STEP task=open_the_middle_drawer_of_the_cabinet seed=17 global_step=2200 loss=0.01277610
TRAIN_STEP task=open_the_middle_drawer_of_the_cabinet seed=17 global_step=2220 loss=0.01195122
TRAIN_STEP task=open_the_middle_drawer_of_the_cabinet seed=17 global_step=2240 loss=0.01223249
TRAIN_STEP task=open_the_middle_drawer_of_the_cabinet seed=17 global_step=2260 loss=0.01149186
TRAIN_STEP task=open_the_middle_drawer_of_the_cabinet seed=17 global_step=2280 loss=0.01035762
TRAIN_STEP task=open_the_middle_drawer_of_the_cabinet seed=17 global_step=2300 loss=0.01081490
TRAIN_STEP task=open_the_middle_drawer_of_the_cabinet seed=17 global_step=2320 loss=0.01038653
TRAIN_STEP task=open_the_middle_drawer_of_the_cabinet seed=17 global_step=2340 loss=0.01113212
TRAIN_STEP task=open_the_middle_drawer_of_the_cabinet seed=17 global_step=2360 loss=0.01142281
TRAIN_STEP task=open_the_middle_drawer_of_the_cabinet seed=17 global_step=2380 loss=0.01018665
TRAIN_STEP task=open_the_middle_drawer_of_the_cabinet seed=17 global_step=2400 loss=0.01167870
TRAIN_STEP task=open_the_middle_drawer_of_the_cabinet seed=17 global_step=2420 loss=0.01026916
TRAIN_STEP task=open_the_middle_drawer_of_the_cabinet seed=17 global_step=2440 loss=0.01102757
TRAIN_STEP task=open_the_middle_drawer_of_the_cabinet seed=17 global_step=2460 loss=0.01072645
TRAIN_STEP task=open_the_middle_drawer_of_the_cabinet seed=17 global_step=2480 loss=0.01009576
TRAIN_STEP task=open_the_middle_drawer_of_the_cabinet seed=17 global_step=2500 loss=0.01004080
TRAIN_STEP task=open_the_middle_drawer_of_the_cabinet seed=17 global_step=2520 loss=0.00951236
TRAIN_STEP task=open_the_middle_drawer_of_the_cabinet seed=17 global_step=2540 loss=0.00922811
TRAIN_STEP task=open_the_middle_drawer_of_the_cabinet seed=17 global_step=2560 loss=0.01051278
TRAIN_STEP task=open_the_middle_drawer_of_the_cabinet seed=17 global_step=2580 loss=0.01032119
TRAIN_STEP task=open_the_middle_drawer_of_the_cabinet seed=17 global_step=2600 loss=0.00961544
TRAIN_STEP task=open_the_middle_drawer_of_the_cabinet seed=17 global_step=2620 loss=0.00977722
TRAIN_STEP task=open_the_middle_drawer_of_the_cabinet seed=17 global_step=2640 loss=0.00961920
TRAIN_STEP task=open_the_middle_drawer_of_the_cabinet seed=17 global_step=2660 loss=0.00984219
TRAIN_STEP task=open_the_middle_drawer_of_the_cabinet seed=17 global_step=2680 loss=0.00974059
TRAIN_STEP task=open_the_middle_drawer_of_the_cabinet seed=17 global_step=2700 loss=0.00887562
TRAIN_STEP task=open_the_middle_drawer_of_the_cabinet seed=17 global_step=2720 loss=0.00886445
TRAIN_STEP task=open_the_middle_drawer_of_the_cabinet seed=17 global_step=2740 loss=0.00991273
TRAIN_STEP task=open_the_middle_drawer_of_the_cabinet seed=17 global_step=2760 loss=0.00949735
TRAIN_STEP task=open_the_middle_drawer_of_the_cabinet seed=17 global_step=2780 loss=0.00979015
TRAIN_STEP task=open_the_middle_drawer_of_the_cabinet seed=17 global_step=2800 loss=0.00939672
TRAIN_STEP task=open_the_middle_drawer_of_the_cabinet seed=17 global_step=2820 loss=0.00933705
TRAIN_STEP task=open_the_middle_drawer_of_the_cabinet seed=17 global_step=2840 loss=0.00930382
TRAIN_STEP task=open_the_middle_drawer_of_the_cabinet seed=17 global_step=2860 loss=0.00910566
TRAIN_STEP task=open_the_middle_drawer_of_the_cabinet seed=17 global_step=2880 loss=0.00938596
TRAIN_STEP task=open_the_middle_drawer_of_the_cabinet seed=17 global_step=2900 loss=0.00943105
TRAIN_STEP task=open_the_middle_drawer_of_the_cabinet seed=17 global_step=2920 loss=0.00941876
TRAIN_STEP task=open_the_middle_drawer_of_the_cabinet seed=17 global_step=2940 loss=0.00879297
TRAIN_STEP task=open_the_middle_drawer_of_the_cabinet seed=17 global_step=2960 loss=0.00929109
TRAIN_STEP task=open_the_middle_drawer_of_the_cabinet seed=17 global_step=2980 loss=0.00842260
TRAIN_STEP task=open_the_middle_drawer_of_the_cabinet seed=17 global_step=3000 loss=0.00883220
TRAIN_STEP task=open_the_middle_drawer_of_the_cabinet seed=17 global_step=3020 loss=0.00874068
TRAIN_STEP task=open_the_middle_drawer_of_the_cabinet seed=17 global_step=3040 loss=0.00796499
TRAIN_STEP task=open_the_middle_drawer_of_the_cabinet seed=17 global_step=3060 loss=0.00750050
TRAIN_STEP task=open_the_middle_drawer_of_the_cabinet seed=17 global_step=3080 loss=0.00802094
TRAIN_STEP task=open_the_middle_drawer_of_the_cabinet seed=17 global_step=3100 loss=0.00866266
TRAIN_STEP task=open_the_middle_drawer_of_the_cabinet seed=17 global_step=3120 loss=0.01004570
TRAIN_STEP task=open_the_middle_drawer_of_the_cabinet seed=17 global_step=3140 loss=0.00796122
TRAIN_STEP task=open_the_middle_drawer_of_the_cabinet seed=17 global_step=3160 loss=0.00865791
TRAIN_STEP task=open_the_middle_drawer_of_the_cabinet seed=17 global_step=3180 loss=0.00834914
TRAIN_STEP task=open_the_middle_drawer_of_the_cabinet seed=17 global_step=3200 loss=0.00793919
TRAIN_STEP task=open_the_middle_drawer_of_the_cabinet seed=17 global_step=3220 loss=0.00801957
TRAIN_STEP task=open_the_middle_drawer_of_the_cabinet seed=17 global_step=3240 loss=0.00767870
TRAIN_STEP task=open_the_middle_drawer_of_the_cabinet seed=17 global_step=3260 loss=0.00799798
TRAIN_STEP task=open_the_middle_drawer_of_the_cabinet seed=17 global_step=3280 loss=0.00813097
TRAIN_STEP task=open_the_middle_drawer_of_the_cabinet seed=17 global_step=3300 loss=0.00711836
TRAIN_STEP task=open_the_middle_drawer_of_the_cabinet seed=17 global_step=3320 loss=0.00777915
TRAIN_STEP task=open_the_middle_drawer_of_the_cabinet seed=17 global_step=3340 loss=0.00736899
TRAIN_STEP task=open_the_middle_drawer_of_the_cabinet seed=17 global_step=3360 loss=0.00865873
TRAIN_STEP task=open_the_middle_drawer_of_the_cabinet seed=17 global_step=3380 loss=0.00764581
TRAIN_STEP task=open_the_middle_drawer_of_the_cabinet seed=17 global_step=3400 loss=0.00791242
TRAIN_STEP task=open_the_middle_drawer_of_the_cabinet seed=17 global_step=3420 loss=0.00731725
TRAIN_STEP task=open_the_middle_drawer_of_the_cabinet seed=17 global_step=3440 loss=0.00792815
TRAIN_STEP task=open_the_middle_drawer_of_the_cabinet seed=17 global_step=3460 loss=0.00786493
TRAIN_STEP task=open_the_middle_drawer_of_the_cabinet seed=17 global_step=3480 loss=0.00759556
TRAIN_STEP task=open_the_middle_drawer_of_the_cabinet seed=17 global_step=3500 loss=0.00787027
TRAIN_STEP task=open_the_middle_drawer_of_the_cabinet seed=17 global_step=3520 loss=0.00713518
TRAIN_STEP task=open_the_middle_drawer_of_the_cabinet seed=17 global_step=3540 loss=0.00724350
TRAIN_STEP task=open_the_middle_drawer_of_the_cabinet seed=17 global_step=3560 loss=0.00766057
TRAIN_STEP task=open_the_middle_drawer_of_the_cabinet seed=17 global_step=3580 loss=0.00760559
TRAIN_STEP task=open_the_middle_drawer_of_the_cabinet seed=17 global_step=3600 loss=0.00671906
TRAIN_STEP task=open_the_middle_drawer_of_the_cabinet seed=17 global_step=3620 loss=0.00691777
TRAIN_STEP task=open_the_middle_drawer_of_the_cabinet seed=17 global_step=3640 loss=0.00692020
TRAIN_STEP task=open_the_middle_drawer_of_the_cabinet seed=17 global_step=3660 loss=0.00768809
TRAIN_STEP task=open_the_middle_drawer_of_the_cabinet seed=17 global_step=3680 loss=0.00749819
TRAIN_STEP task=open_the_middle_drawer_of_the_cabinet seed=17 global_step=3700 loss=0.00700582
TRAIN_STEP task=open_the_middle_drawer_of_the_cabinet seed=17 global_step=3720 loss=0.00623259
TRAIN_STEP task=open_the_middle_drawer_of_the_cabinet seed=17 global_step=3740 loss=0.00647689
TRAIN_STEP task=open_the_middle_drawer_of_the_cabinet seed=17 global_step=3760 loss=0.00686103
TRAIN_STEP task=open_the_middle_drawer_of_the_cabinet seed=17 global_step=3780 loss=0.00727422
TRAIN_STEP task=open_the_middle_drawer_of_the_cabinet seed=17 global_step=3800 loss=0.00684801
TRAIN_STEP task=open_the_middle_drawer_of_the_cabinet seed=17 global_step=3820 loss=0.00679506
TRAIN_STEP task=open_the_middle_drawer_of_the_cabinet seed=17 global_step=3840 loss=0.00627148
TRAIN_STEP task=open_the_middle_drawer_of_the_cabinet seed=17 global_step=3860 loss=0.00658634
TRAIN_STEP task=open_the_middle_drawer_of_the_cabinet seed=17 global_step=3880 loss=0.00659434
TRAIN_STEP task=open_the_middle_drawer_of_the_cabinet seed=17 global_step=3900 loss=0.00654899
TRAIN_STEP task=open_the_middle_drawer_of_the_cabinet seed=17 global_step=3920 loss=0.00605334
TRAIN_STEP task=open_the_middle_drawer_of_the_cabinet seed=17 global_step=3940 loss=0.00612176
TRAIN_STEP task=open_the_middle_drawer_of_the_cabinet seed=17 global_step=3960 loss=0.00628956
TRAIN_STEP task=open_the_middle_drawer_of_the_cabinet seed=17 global_step=3980 loss=0.00627326
TRAIN_STEP task=open_the_middle_drawer_of_the_cabinet seed=17 global_step=4000 loss=0.00654841
CHECKPOINT_COMPLETE step=4000 path=/mnt/cpfs/zbl-cpfs-new/CKPT/leon/torch/r16_p14_libero_stage1/r16p14-libero-stage1-pilot-v1/open_the_middle_drawer_of_the_cabinet/seed_17/step_00004000
TRAIN_STEP task=open_the_middle_drawer_of_the_cabinet seed=17 global_step=4020 loss=0.00698200
TRAIN_STEP task=open_the_middle_drawer_of_the_cabinet seed=17 global_step=4040 loss=0.00683875
TRAIN_STEP task=open_the_middle_drawer_of_the_cabinet seed=17 global_step=4060 loss=0.00591933
TRAIN_STEP task=open_the_middle_drawer_of_the_cabinet seed=17 global_step=4080 loss=0.00638229
TRAIN_STEP task=open_the_middle_drawer_of_the_cabinet seed=17 global_step=4100 loss=0.00670738
TRAIN_STEP task=open_the_middle_drawer_of_the_cabinet seed=17 global_step=4120 loss=0.00590288
TRAIN_STEP task=open_the_middle_drawer_of_the_cabinet seed=17 global_step=4140 loss=0.00687688
TRAIN_STEP task=open_the_middle_drawer_of_the_cabinet seed=17 global_step=4160 loss=0.00656238
TRAIN_STEP task=open_the_middle_drawer_of_the_cabinet seed=17 global_step=4180 loss=0.00623855
TRAIN_STEP task=open_the_middle_drawer_of_the_cabinet seed=17 global_step=4200 loss=0.00675085
TRAIN_STEP task=open_the_middle_drawer_of_the_cabinet seed=17 global_step=4220 loss=0.00639691
TRAIN_STEP task=open_the_middle_drawer_of_the_cabinet seed=17 global_step=4240 loss=0.00606894
TRAIN_STEP task=open_the_middle_drawer_of_the_cabinet seed=17 global_step=4260 loss=0.00550728
TRAIN_STEP task=open_the_middle_drawer_of_the_cabinet seed=17 global_step=4280 loss=0.00585966
TRAIN_STEP task=open_the_middle_drawer_of_the_cabinet seed=17 global_step=4300 loss=0.00585422
TRAIN_STEP task=open_the_middle_drawer_of_the_cabinet seed=17 global_step=4320 loss=0.00546904
TRAIN_STEP task=open_the_middle_drawer_of_the_cabinet seed=17 global_step=4340 loss=0.00659675
TRAIN_STEP task=open_the_middle_drawer_of_the_cabinet seed=17 global_step=4360 loss=0.00574058
TRAIN_STEP task=open_the_middle_drawer_of_the_cabinet seed=17 global_step=4380 loss=0.00615490
TRAIN_STEP task=open_the_middle_drawer_of_the_cabinet seed=17 global_step=4400 loss=0.00612456
TRAIN_STEP task=open_the_middle_drawer_of_the_cabinet seed=17 global_step=4420 loss=0.00618193
TRAIN_STEP task=open_the_middle_drawer_of_the_cabinet seed=17 global_step=4440 loss=0.00630469
TRAIN_STEP task=open_the_middle_drawer_of_the_cabinet seed=17 global_step=4460 loss=0.00607221
TRAIN_STEP task=open_the_middle_drawer_of_the_cabinet seed=17 global_step=4480 loss=0.00567042
TRAIN_STEP task=open_the_middle_drawer_of_the_cabinet seed=17 global_step=4500 loss=0.00652509
TRAIN_STEP task=open_the_middle_drawer_of_the_cabinet seed=17 global_step=4520 loss=0.00645264
TRAIN_STEP task=open_the_middle_drawer_of_the_cabinet seed=17 global_step=4540 loss=0.00549175
TRAIN_STEP task=open_the_middle_drawer_of_the_cabinet seed=17 global_step=4560 loss=0.00589907
TRAIN_STEP task=open_the_middle_drawer_of_the_cabinet seed=17 global_step=4580 loss=0.00582665
TRAIN_STEP task=open_the_middle_drawer_of_the_cabinet seed=17 global_step=4600 loss=0.00569392
TRAIN_STEP task=open_the_middle_drawer_of_the_cabinet seed=17 global_step=4620 loss=0.00576496
TRAIN_STEP task=open_the_middle_drawer_of_the_cabinet seed=17 global_step=4640 loss=0.00549047
TRAIN_STEP task=open_the_middle_drawer_of_the_cabinet seed=17 global_step=4660 loss=0.00621078
TRAIN_STEP task=open_the_middle_drawer_of_the_cabinet seed=17 global_step=4680 loss=0.00579216
TRAIN_STEP task=open_the_middle_drawer_of_the_cabinet seed=17 global_step=4700 loss=0.00545762
TRAIN_STEP task=open_the_middle_drawer_of_the_cabinet seed=17 global_step=4720 loss=0.00603744
TRAIN_STEP task=open_the_middle_drawer_of_the_cabinet seed=17 global_step=4740 loss=0.00563847
TRAIN_STEP task=open_the_middle_drawer_of_the_cabinet seed=17 global_step=4760 loss=0.00604115
TRAIN_STEP task=open_the_middle_drawer_of_the_cabinet seed=17 global_step=4780 loss=0.00623230
TRAIN_STEP task=open_the_middle_drawer_of_the_cabinet seed=17 global_step=4800 loss=0.00589741
TRAIN_STEP task=open_the_middle_drawer_of_the_cabinet seed=17 global_step=4820 loss=0.00603543
TRAIN_STEP task=open_the_middle_drawer_of_the_cabinet seed=17 global_step=4840 loss=0.00543429
TRAIN_STEP task=open_the_middle_drawer_of_the_cabinet seed=17 global_step=4860 loss=0.00627709
TRAIN_STEP task=open_the_middle_drawer_of_the_cabinet seed=17 global_step=4880 loss=0.00521997
TRAIN_STEP task=open_the_middle_drawer_of_the_cabinet seed=17 global_step=4900 loss=0.00560643
TRAIN_STEP task=open_the_middle_drawer_of_the_cabinet seed=17 global_step=4920 loss=0.00519080
TRAIN_STEP task=open_the_middle_drawer_of_the_cabinet seed=17 global_step=4940 loss=0.00568360
TRAIN_STEP task=open_the_middle_drawer_of_the_cabinet seed=17 global_step=4960 loss=0.00532432
TRAIN_STEP task=open_the_middle_drawer_of_the_cabinet seed=17 global_step=4980 loss=0.00566773
TRAIN_STEP task=open_the_middle_drawer_of_the_cabinet seed=17 global_step=5000 loss=0.00588661
TRAIN_STEP task=open_the_middle_drawer_of_the_cabinet seed=17 global_step=5020 loss=0.00512653
TRAIN_STEP task=open_the_middle_drawer_of_the_cabinet seed=17 global_step=5040 loss=0.00561054
TRAIN_STEP task=open_the_middle_drawer_of_the_cabinet seed=17 global_step=5060 loss=0.00604718
TRAIN_STEP task=open_the_middle_drawer_of_the_cabinet seed=17 global_step=5080 loss=0.00503631
TRAIN_STEP task=open_the_middle_drawer_of_the_cabinet seed=17 global_step=5100 loss=0.00537314
TRAIN_STEP task=open_the_middle_drawer_of_the_cabinet seed=17 global_step=5120 loss=0.00531895
TRAIN_STEP task=open_the_middle_drawer_of_the_cabinet seed=17 global_step=5140 loss=0.00523351
TRAIN_STEP task=open_the_middle_drawer_of_the_cabinet seed=17 global_step=5160 loss=0.00589118
TRAIN_STEP task=open_the_middle_drawer_of_the_cabinet seed=17 global_step=5180 loss=0.00535583
TRAIN_STEP task=open_the_middle_drawer_of_the_cabinet seed=17 global_step=5200 loss=0.00549807
TRAIN_STEP task=open_the_middle_drawer_of_the_cabinet seed=17 global_step=5220 loss=0.00578781
TRAIN_STEP task=open_the_middle_drawer_of_the_cabinet seed=17 global_step=5240 loss=0.00526720
TRAIN_STEP task=open_the_middle_drawer_of_the_cabinet seed=17 global_step=5260 loss=0.00556802
TRAIN_STEP task=open_the_middle_drawer_of_the_cabinet seed=17 global_step=5280 loss=0.00528375
TRAIN_STEP task=open_the_middle_drawer_of_the_cabinet seed=17 global_step=5300 loss=0.00530600
TRAIN_STEP task=open_the_middle_drawer_of_the_cabinet seed=17 global_step=5320 loss=0.00534628
TRAIN_STEP task=open_the_middle_drawer_of_the_cabinet seed=17 global_step=5340 loss=0.00538824
TRAIN_STEP task=open_the_middle_drawer_of_the_cabinet seed=17 global_step=5360 loss=0.00535398
TRAIN_STEP task=open_the_middle_drawer_of_the_cabinet seed=17 global_step=5380 loss=0.00554405
TRAIN_STEP task=open_the_middle_drawer_of_the_cabinet seed=17 global_step=5400 loss=0.00554630
TRAIN_STEP task=open_the_middle_drawer_of_the_cabinet seed=17 global_step=5420 loss=0.00512576
TRAIN_STEP task=open_the_middle_drawer_of_the_cabinet seed=17 global_step=5440 loss=0.00569686
TRAIN_STEP task=open_the_middle_drawer_of_the_cabinet seed=17 global_step=5460 loss=0.00540130
TRAIN_STEP task=open_the_middle_drawer_of_the_cabinet seed=17 global_step=5480 loss=0.00494551
TRAIN_STEP task=open_the_middle_drawer_of_the_cabinet seed=17 global_step=5500 loss=0.00561927
TRAIN_STEP task=open_the_middle_drawer_of_the_cabinet seed=17 global_step=5520 loss=0.00565876
TRAIN_STEP task=open_the_middle_drawer_of_the_cabinet seed=17 global_step=5540 loss=0.00473994
TRAIN_STEP task=open_the_middle_drawer_of_the_cabinet seed=17 global_step=5560 loss=0.00557732
TRAIN_STEP task=open_the_middle_drawer_of_the_cabinet seed=17 global_step=5580 loss=0.00515756
TRAIN_STEP task=open_the_middle_drawer_of_the_cabinet seed=17 global_step=5600 loss=0.00545075
TRAIN_STEP task=open_the_middle_drawer_of_the_cabinet seed=17 global_step=5620 loss=0.00520870
TRAIN_STEP task=open_the_middle_drawer_of_the_cabinet seed=17 global_step=5640 loss=0.00482541
TRAIN_STEP task=open_the_middle_drawer_of_the_cabinet seed=17 global_step=5660 loss=0.00533550
TRAIN_STEP task=open_the_middle_drawer_of_the_cabinet seed=17 global_step=5680 loss=0.00514530
TRAIN_STEP task=open_the_middle_drawer_of_the_cabinet seed=17 global_step=5700 loss=0.00481660
TRAIN_STEP task=open_the_middle_drawer_of_the_cabinet seed=17 global_step=5720 loss=0.00560753
TRAIN_STEP task=open_the_middle_drawer_of_the_cabinet seed=17 global_step=5740 loss=0.00511061
TRAIN_STEP task=open_the_middle_drawer_of_the_cabinet seed=17 global_step=5760 loss=0.00527201
TRAIN_STEP task=open_the_middle_drawer_of_the_cabinet seed=17 global_step=5780 loss=0.00540953
TRAIN_STEP task=open_the_middle_drawer_of_the_cabinet seed=17 global_step=5800 loss=0.00460877
TRAIN_STEP task=open_the_middle_drawer_of_the_cabinet seed=17 global_step=5820 loss=0.00480959
TRAIN_STEP task=open_the_middle_drawer_of_the_cabinet seed=17 global_step=5840 loss=0.00489971
TRAIN_STEP task=open_the_middle_drawer_of_the_cabinet seed=17 global_step=5860 loss=0.00493879
TRAIN_STEP task=open_the_middle_drawer_of_the_cabinet seed=17 global_step=5880 loss=0.00452464
TRAIN_STEP task=open_the_middle_drawer_of_the_cabinet seed=17 global_step=5900 loss=0.00504279
TRAIN_STEP task=open_the_middle_drawer_of_the_cabinet seed=17 global_step=5920 loss=0.00517034
TRAIN_STEP task=open_the_middle_drawer_of_the_cabinet seed=17 global_step=5940 loss=0.00514241
TRAIN_STEP task=open_the_middle_drawer_of_the_cabinet seed=17 global_step=5960 loss=0.00492432
TRAIN_STEP task=open_the_middle_drawer_of_the_cabinet seed=17 global_step=5980 loss=0.00487529
TRAIN_STEP task=open_the_middle_drawer_of_the_cabinet seed=17 global_step=6000 loss=0.00463915
CHECKPOINT_COMPLETE step=6000 path=/mnt/cpfs/zbl-cpfs-new/CKPT/leon/torch/r16_p14_libero_stage1/r16p14-libero-stage1-pilot-v1/open_the_middle_drawer_of_the_cabinet/seed_17/step_00006000
TRAIN_STEP task=open_the_middle_drawer_of_the_cabinet seed=17 global_step=6020 loss=0.00487281
TRAIN_STEP task=open_the_middle_drawer_of_the_cabinet seed=17 global_step=6040 loss=0.00511523
TRAIN_STEP task=open_the_middle_drawer_of_the_cabinet seed=17 global_step=6060 loss=0.00488816
TRAIN_STEP task=open_the_middle_drawer_of_the_cabinet seed=17 global_step=6080 loss=0.00436614
TRAIN_STEP task=open_the_middle_drawer_of_the_cabinet seed=17 global_step=6100 loss=0.00466317
TRAIN_STEP task=open_the_middle_drawer_of_the_cabinet seed=17 global_step=6120 loss=0.00622393
TRAIN_STEP task=open_the_middle_drawer_of_the_cabinet seed=17 global_step=6140 loss=0.00478223
TRAIN_STEP task=open_the_middle_drawer_of_the_cabinet seed=17 global_step=6160 loss=0.00571417
TRAIN_STEP task=open_the_middle_drawer_of_the_cabinet seed=17 global_step=6180 loss=0.00478104
TRAIN_STEP task=open_the_middle_drawer_of_the_cabinet seed=17 global_step=6200 loss=0.00500436
TRAIN_STEP task=open_the_middle_drawer_of_the_cabinet seed=17 global_step=6220 loss=0.00459977
TRAIN_STEP task=open_the_middle_drawer_of_the_cabinet seed=17 global_step=6240 loss=0.00458676
TRAIN_STEP task=open_the_middle_drawer_of_the_cabinet seed=17 global_step=6260 loss=0.00512551
TRAIN_STEP task=open_the_middle_drawer_of_the_cabinet seed=17 global_step=6280 loss=0.00494781
TRAIN_STEP task=open_the_middle_drawer_of_the_cabinet seed=17 global_step=6300 loss=0.00514224
TRAIN_STEP task=open_the_middle_drawer_of_the_cabinet seed=17 global_step=6320 loss=0.00483885
TRAIN_STEP task=open_the_middle_drawer_of_the_cabinet seed=17 global_step=6340 loss=0.00513174
TRAIN_STEP task=open_the_middle_drawer_of_the_cabinet seed=17 global_step=6360 loss=0.00510223
TRAIN_STEP task=open_the_middle_drawer_of_the_cabinet seed=17 global_step=6380 loss=0.00455582
TRAIN_STEP task=open_the_middle_drawer_of_the_cabinet seed=17 global_step=6400 loss=0.00454655
TRAIN_STEP task=open_the_middle_drawer_of_the_cabinet seed=17 global_step=6420 loss=0.00473745
TRAIN_STEP task=open_the_middle_drawer_of_the_cabinet seed=17 global_step=6440 loss=0.00461055
TRAIN_STEP task=open_the_middle_drawer_of_the_cabinet seed=17 global_step=6460 loss=0.00462363
TRAIN_STEP task=open_the_middle_drawer_of_the_cabinet seed=17 global_step=6480 loss=0.00450322
TRAIN_STEP task=open_the_middle_drawer_of_the_cabinet seed=17 global_step=6500 loss=0.00464983
TRAIN_STEP task=open_the_middle_drawer_of_the_cabinet seed=17 global_step=6520 loss=0.00521918
TRAIN_STEP task=open_the_middle_drawer_of_the_cabinet seed=17 global_step=6540 loss=0.00491679
TRAIN_STEP task=open_the_middle_drawer_of_the_cabinet seed=17 global_step=6560 loss=0.00456305
TRAIN_STEP task=open_the_middle_drawer_of_the_cabinet seed=17 global_step=6580 loss=0.00460691
TRAIN_STEP task=open_the_middle_drawer_of_the_cabinet seed=17 global_step=6600 loss=0.00414831
TRAIN_STEP task=open_the_middle_drawer_of_the_cabinet seed=17 global_step=6620 loss=0.00472129
TRAIN_STEP task=open_the_middle_drawer_of_the_cabinet seed=17 global_step=6640 loss=0.00487723
TRAIN_STEP task=open_the_middle_drawer_of_the_cabinet seed=17 global_step=6660 loss=0.00503678
TRAIN_STEP task=open_the_middle_drawer_of_the_cabinet seed=17 global_step=6680 loss=0.00437538
TRAIN_STEP task=open_the_middle_drawer_of_the_cabinet seed=17 global_step=6700 loss=0.00514781
TRAIN_STEP task=open_the_middle_drawer_of_the_cabinet seed=17 global_step=6720 loss=0.00467101
TRAIN_STEP task=open_the_middle_drawer_of_the_cabinet seed=17 global_step=6740 loss=0.00440974
TRAIN_STEP task=open_the_middle_drawer_of_the_cabinet seed=17 global_step=6760 loss=0.00516138
TRAIN_STEP task=open_the_middle_drawer_of_the_cabinet seed=17 global_step=6780 loss=0.00493747
TRAIN_STEP task=open_the_middle_drawer_of_the_cabinet seed=17 global_step=6800 loss=0.00482549
TRAIN_STEP task=open_the_middle_drawer_of_the_cabinet seed=17 global_step=6820 loss=0.00487740
TRAIN_STEP task=open_the_middle_drawer_of_the_cabinet seed=17 global_step=6840 loss=0.00478863
TRAIN_STEP task=open_the_middle_drawer_of_the_cabinet seed=17 global_step=6860 loss=0.00474902
TRAIN_STEP task=open_the_middle_drawer_of_the_cabinet seed=17 global_step=6880 loss=0.00452404
TRAIN_STEP task=open_the_middle_drawer_of_the_cabinet seed=17 global_step=6900 loss=0.00436017
TRAIN_STEP task=open_the_middle_drawer_of_the_cabinet seed=17 global_step=6920 loss=0.00467627
TRAIN_STEP task=open_the_middle_drawer_of_the_cabinet seed=17 global_step=6940 loss=0.00501197
TRAIN_STEP task=open_the_middle_drawer_of_the_cabinet seed=17 global_step=6960 loss=0.00502184
TRAIN_STEP task=open_the_middle_drawer_of_the_cabinet seed=17 global_step=6980 loss=0.00449214
TRAIN_STEP task=open_the_middle_drawer_of_the_cabinet seed=17 global_step=7000 loss=0.00446771
TRAIN_STEP task=open_the_middle_drawer_of_the_cabinet seed=17 global_step=7020 loss=0.00477893
TRAIN_STEP task=open_the_middle_drawer_of_the_cabinet seed=17 global_step=7040 loss=0.00441296
TRAIN_STEP task=open_the_middle_drawer_of_the_cabinet seed=17 global_step=7060 loss=0.00467090
TRAIN_STEP task=open_the_middle_drawer_of_the_cabinet seed=17 global_step=7080 loss=0.00500751
TRAIN_STEP task=open_the_middle_drawer_of_the_cabinet seed=17 global_step=7100 loss=0.00493485
TRAIN_STEP task=open_the_middle_drawer_of_the_cabinet seed=17 global_step=7120 loss=0.00470598
TRAIN_STEP task=open_the_middle_drawer_of_the_cabinet seed=17 global_step=7140 loss=0.00458993
TRAIN_STEP task=open_the_middle_drawer_of_the_cabinet seed=17 global_step=7160 loss=0.00469059
TRAIN_STEP task=open_the_middle_drawer_of_the_cabinet seed=17 global_step=7180 loss=0.00467317
TRAIN_STEP task=open_the_middle_drawer_of_the_cabinet seed=17 global_step=7200 loss=0.00484207
TRAIN_STEP task=open_the_middle_drawer_of_the_cabinet seed=17 global_step=7220 loss=0.00445206
TRAIN_STEP task=open_the_middle_drawer_of_the_cabinet seed=17 global_step=7240 loss=0.00517343
TRAIN_STEP task=open_the_middle_drawer_of_the_cabinet seed=17 global_step=7260 loss=0.00475997
TRAIN_STEP task=open_the_middle_drawer_of_the_cabinet seed=17 global_step=7280 loss=0.00521863
TRAIN_STEP task=open_the_middle_drawer_of_the_cabinet seed=17 global_step=7300 loss=0.00486741
TRAIN_STEP task=open_the_middle_drawer_of_the_cabinet seed=17 global_step=7320 loss=0.00470758
TRAIN_STEP task=open_the_middle_drawer_of_the_cabinet seed=17 global_step=7340 loss=0.00454671
TRAIN_STEP task=open_the_middle_drawer_of_the_cabinet seed=17 global_step=7360 loss=0.00477670
TRAIN_STEP task=open_the_middle_drawer_of_the_cabinet seed=17 global_step=7380 loss=0.00467969
TRAIN_STEP task=open_the_middle_drawer_of_the_cabinet seed=17 global_step=7400 loss=0.00522686
TRAIN_STEP task=open_the_middle_drawer_of_the_cabinet seed=17 global_step=7420 loss=0.00483693
TRAIN_STEP task=open_the_middle_drawer_of_the_cabinet seed=17 global_step=7440 loss=0.00525393
TRAIN_STEP task=open_the_middle_drawer_of_the_cabinet seed=17 global_step=7460 loss=0.00530695
TRAIN_STEP task=open_the_middle_drawer_of_the_cabinet seed=17 global_step=7480 loss=0.00435172
TRAIN_STEP task=open_the_middle_drawer_of_the_cabinet seed=17 global_step=7500 loss=0.00459681
TRAIN_STEP task=open_the_middle_drawer_of_the_cabinet seed=17 global_step=7520 loss=0.00471020
TRAIN_STEP task=open_the_middle_drawer_of_the_cabinet seed=17 global_step=7540 loss=0.00459445
TRAIN_STEP task=open_the_middle_drawer_of_the_cabinet seed=17 global_step=7560 loss=0.00499034
TRAIN_STEP task=open_the_middle_drawer_of_the_cabinet seed=17 global_step=7580 loss=0.00445739
TRAIN_STEP task=open_the_middle_drawer_of_the_cabinet seed=17 global_step=7600 loss=0.00476356
TRAIN_STEP task=open_the_middle_drawer_of_the_cabinet seed=17 global_step=7620 loss=0.00473913
TRAIN_STEP task=open_the_middle_drawer_of_the_cabinet seed=17 global_step=7640 loss=0.00467342
TRAIN_STEP task=open_the_middle_drawer_of_the_cabinet seed=17 global_step=7660 loss=0.00452386
TRAIN_STEP task=open_the_middle_drawer_of_the_cabinet seed=17 global_step=7680 loss=0.00454726
TRAIN_STEP task=open_the_middle_drawer_of_the_cabinet seed=17 global_step=7700 loss=0.00528142
TRAIN_STEP task=open_the_middle_drawer_of_the_cabinet seed=17 global_step=7720 loss=0.00468940
TRAIN_STEP task=open_the_middle_drawer_of_the_cabinet seed=17 global_step=7740 loss=0.00460718
TRAIN_STEP task=open_the_middle_drawer_of_the_cabinet seed=17 global_step=7760 loss=0.00459281
TRAIN_STEP task=open_the_middle_drawer_of_the_cabinet seed=17 global_step=7780 loss=0.00453213
TRAIN_STEP task=open_the_middle_drawer_of_the_cabinet seed=17 global_step=7800 loss=0.00451556
TRAIN_STEP task=open_the_middle_drawer_of_the_cabinet seed=17 global_step=7820 loss=0.00522600
TRAIN_STEP task=open_the_middle_drawer_of_the_cabinet seed=17 global_step=7840 loss=0.00455749
TRAIN_STEP task=open_the_middle_drawer_of_the_cabinet seed=17 global_step=7860 loss=0.00483081
TRAIN_STEP task=open_the_middle_drawer_of_the_cabinet seed=17 global_step=7880 loss=0.00512428
TRAIN_STEP task=open_the_middle_drawer_of_the_cabinet seed=17 global_step=7900 loss=0.00490691
TRAIN_STEP task=open_the_middle_drawer_of_the_cabinet seed=17 global_step=7920 loss=0.00497436
TRAIN_STEP task=open_the_middle_drawer_of_the_cabinet seed=17 global_step=7940 loss=0.00548098
TRAIN_STEP task=open_the_middle_drawer_of_the_cabinet seed=17 global_step=7960 loss=0.00425962
TRAIN_STEP task=open_the_middle_drawer_of_the_cabinet seed=17 global_step=7980 loss=0.00495007
TRAIN_STEP task=open_the_middle_drawer_of_the_cabinet seed=17 global_step=8000 loss=0.00461327
CHECKPOINT_COMPLETE step=8000 path=/mnt/cpfs/zbl-cpfs-new/CKPT/leon/torch/r16_p14_libero_stage1/r16p14-libero-stage1-pilot-v1/open_the_middle_drawer_of_the_cabinet/seed_17/step_00008000
wandb: - 0.003 MB of 0.003 MB uploadedwandb: \ 0.004 MB of 0.046 MB uploadedwandb: | 0.004 MB of 0.046 MB uploadedwandb: / 0.046 MB of 0.046 MB uploadedwandb:                                                                                
wandb: 
wandb: Run history:
wandb:   train/global_step ▁▁▁▁▂▂▂▂▂▃▃▃▃▃▃▄▄▄▄▄▅▅▅▅▅▅▆▆▆▆▆▇▇▇▇▇▇███
wandb: train/learning_rate ███████▇▇▇▇▇▆▆▆▆▆▅▅▅▄▄▄▄▃▃▃▃▂▂▂▂▂▁▁▁▁▁▁▁
wandb:          train/loss █▄▃▃▂▂▂▂▂▁▁▁▁▁▁▁▁▁▁▁▁▁▁▁▁▁▁▁▁▁▁▁▁▁▁▁▁▁▁▁
wandb: 
wandb: Run summary:
wandb:   latest_checkpoint /mnt/cpfs/zbl-cpfs-n...
wandb:                loss 0.00461
wandb:              run_id r16p14-libero-stage1...
wandb:                seed 17
wandb:                step 8000
wandb:                task open_the_middle_draw...
wandb:   train/global_step 8000
wandb: train/learning_rate 0.0
wandb:          train/loss 0.00461
wandb: 
wandb: 🚀 View run open_the_middle_drawer_of_the_cabinet-seed-17 at: https://wandb.ai/chen_jian-cj-workspace/r16-p14-libero-stage1/runs/r16p14-libero-stage1-pilot-v1-open_the_middle_drawer_of_the_cabinet-seed-17
wandb: ⭐️ View project at: https://wandb.ai/chen_jian-cj-workspace/r16-p14-libero-stage1
wandb: Synced 5 W&B file(s), 0 media file(s), 0 artifact file(s) and 0 other file(s)
wandb: Find logs at: ./cache/wandb/wandb/run-20260812_225155-r16p14-libero-stage1-pilot-v1-open_the_middle_drawer_of_the_cabinet-seed-17/logs
AUTO_RESUME=0 RUN_ID=r16p14-libero-stage1-pilot-v1 task=open_the_middle_drawer_of_the_cabinet seed=29 RESUME_FLAG=false checkpoint=none
wandb: - Waiting for wandb.init()...wandb: \ Waiting for wandb.init()...wandb: Tracking run with wandb version 0.16.6
wandb: Run data is saved locally in /mnt/cpfs/zbl-cpfs-new/USERS/leon/logs/r16_p14_libero_stage1/pai/r16p14-libero-stage1-20260812-144626/cache/wandb/wandb/run-20260812_225508-r16p14-libero-stage1-pilot-v1-open_the_middle_drawer_of_the_cabinet-seed-29
wandb: Run `wandb offline` to turn off syncing.
wandb: Syncing run open_the_middle_drawer_of_the_cabinet-seed-29
wandb: ⭐️ View project at https://wandb.ai/chen_jian-cj-workspace/r16-p14-libero-stage1
wandb: 🚀 View run at https://wandb.ai/chen_jian-cj-workspace/r16-p14-libero-stage1/runs/r16p14-libero-stage1-pilot-v1-open_the_middle_drawer_of_the_cabinet-seed-29
TRAIN_STEP task=open_the_middle_drawer_of_the_cabinet seed=29 global_step=1 loss=0.36134872
TRAIN_STEP task=open_the_middle_drawer_of_the_cabinet seed=29 global_step=20 loss=0.24245797
TRAIN_STEP task=open_the_middle_drawer_of_the_cabinet seed=29 global_step=40 loss=0.18324193
TRAIN_STEP task=open_the_middle_drawer_of_the_cabinet seed=29 global_step=60 loss=0.13859557
TRAIN_STEP task=open_the_middle_drawer_of_the_cabinet seed=29 global_step=80 loss=0.13559456
TRAIN_STEP task=open_the_middle_drawer_of_the_cabinet seed=29 global_step=100 loss=0.11871439
TRAIN_STEP task=open_the_middle_drawer_of_the_cabinet seed=29 global_step=120 loss=0.11362184
TRAIN_STEP task=open_the_middle_drawer_of_the_cabinet seed=29 global_step=140 loss=0.09222466
TRAIN_STEP task=open_the_middle_drawer_of_the_cabinet seed=29 global_step=160 loss=0.09174667
TRAIN_STEP task=open_the_middle_drawer_of_the_cabinet seed=29 global_step=180 loss=0.08573736
TRAIN_STEP task=open_the_middle_drawer_of_the_cabinet seed=29 global_step=200 loss=0.08671386
TRAIN_STEP task=open_the_middle_drawer_of_the_cabinet seed=29 global_step=220 loss=0.07718796
TRAIN_STEP task=open_the_middle_drawer_of_the_cabinet seed=29 global_step=240 loss=0.07867502
TRAIN_STEP task=open_the_middle_drawer_of_the_cabinet seed=29 global_step=260 loss=0.06860743
TRAIN_STEP task=open_the_middle_drawer_of_the_cabinet seed=29 global_step=280 loss=0.07508766
TRAIN_STEP task=open_the_middle_drawer_of_the_cabinet seed=29 global_step=300 loss=0.06152937
TRAIN_STEP task=open_the_middle_drawer_of_the_cabinet seed=29 global_step=320 loss=0.06028403
TRAIN_STEP task=open_the_middle_drawer_of_the_cabinet seed=29 global_step=340 loss=0.06260930
TRAIN_STEP task=open_the_middle_drawer_of_the_cabinet seed=29 global_step=360 loss=0.06775296
TRAIN_STEP task=open_the_middle_drawer_of_the_cabinet seed=29 global_step=380 loss=0.05984318
TRAIN_STEP task=open_the_middle_drawer_of_the_cabinet seed=29 global_step=400 loss=0.06066555
TRAIN_STEP task=open_the_middle_drawer_of_the_cabinet seed=29 global_step=420 loss=0.05113546
TRAIN_STEP task=open_the_middle_drawer_of_the_cabinet seed=29 global_step=440 loss=0.05159069
TRAIN_STEP task=open_the_middle_drawer_of_the_cabinet seed=29 global_step=460 loss=0.05565783
TRAIN_STEP task=open_the_middle_drawer_of_the_cabinet seed=29 global_step=480 loss=0.04909001
TRAIN_STEP task=open_the_middle_drawer_of_the_cabinet seed=29 global_step=500 loss=0.04740663
TRAIN_STEP task=open_the_middle_drawer_of_the_cabinet seed=29 global_step=520 loss=0.04066261
TRAIN_STEP task=open_the_middle_drawer_of_the_cabinet seed=29 global_step=540 loss=0.04538423
TRAIN_STEP task=open_the_middle_drawer_of_the_cabinet seed=29 global_step=560 loss=0.04242298
TRAIN_STEP task=open_the_middle_drawer_of_the_cabinet seed=29 global_step=580 loss=0.04522287
TRAIN_STEP task=open_the_middle_drawer_of_the_cabinet seed=29 global_step=600 loss=0.04552171
TRAIN_STEP task=open_the_middle_drawer_of_the_cabinet seed=29 global_step=620 loss=0.03952925
TRAIN_STEP task=open_the_middle_drawer_of_the_cabinet seed=29 global_step=640 loss=0.04195699
TRAIN_STEP task=open_the_middle_drawer_of_the_cabinet seed=29 global_step=660 loss=0.03810225
TRAIN_STEP task=open_the_middle_drawer_of_the_cabinet seed=29 global_step=680 loss=0.03842129
TRAIN_STEP task=open_the_middle_drawer_of_the_cabinet seed=29 global_step=700 loss=0.03576030
TRAIN_STEP task=open_the_middle_drawer_of_the_cabinet seed=29 global_step=720 loss=0.03815165
TRAIN_STEP task=open_the_middle_drawer_of_the_cabinet seed=29 global_step=740 loss=0.03167071
TRAIN_STEP task=open_the_middle_drawer_of_the_cabinet seed=29 global_step=760 loss=0.03427516
TRAIN_STEP task=open_the_middle_drawer_of_the_cabinet seed=29 global_step=780 loss=0.03512063
TRAIN_STEP task=open_the_middle_drawer_of_the_cabinet seed=29 global_step=800 loss=0.03318672
TRAIN_STEP task=open_the_middle_drawer_of_the_cabinet seed=29 global_step=820 loss=0.03213239
TRAIN_STEP task=open_the_middle_drawer_of_the_cabinet seed=29 global_step=840 loss=0.03206218
TRAIN_STEP task=open_the_middle_drawer_of_the_cabinet seed=29 global_step=860 loss=0.02968037
TRAIN_STEP task=open_the_middle_drawer_of_the_cabinet seed=29 global_step=880 loss=0.03037792
TRAIN_STEP task=open_the_middle_drawer_of_the_cabinet seed=29 global_step=900 loss=0.02768210
TRAIN_STEP task=open_the_middle_drawer_of_the_cabinet seed=29 global_step=920 loss=0.02612743
TRAIN_STEP task=open_the_middle_drawer_of_the_cabinet seed=29 global_step=940 loss=0.02703922
TRAIN_STEP task=open_the_middle_drawer_of_the_cabinet seed=29 global_step=960 loss=0.02828424
TRAIN_STEP task=open_the_middle_drawer_of_the_cabinet seed=29 global_step=980 loss=0.02686741
TRAIN_STEP task=open_the_middle_drawer_of_the_cabinet seed=29 global_step=1000 loss=0.02727871
TRAIN_STEP task=open_the_middle_drawer_of_the_cabinet seed=29 global_step=1020 loss=0.02655101
TRAIN_STEP task=open_the_middle_drawer_of_the_cabinet seed=29 global_step=1040 loss=0.02592903
TRAIN_STEP task=open_the_middle_drawer_of_the_cabinet seed=29 global_step=1060 loss=0.02439657
TRAIN_STEP task=open_the_middle_drawer_of_the_cabinet seed=29 global_step=1080 loss=0.02738585
TRAIN_STEP task=open_the_middle_drawer_of_the_cabinet seed=29 global_step=1100 loss=0.02316044
TRAIN_STEP task=open_the_middle_drawer_of_the_cabinet seed=29 global_step=1120 loss=0.02502436
TRAIN_STEP task=open_the_middle_drawer_of_the_cabinet seed=29 global_step=1140 loss=0.02261272
TRAIN_STEP task=open_the_middle_drawer_of_the_cabinet seed=29 global_step=1160 loss=0.02375459
TRAIN_STEP task=open_the_middle_drawer_of_the_cabinet seed=29 global_step=1180 loss=0.02327710
TRAIN_STEP task=open_the_middle_drawer_of_the_cabinet seed=29 global_step=1200 loss=0.02243198
TRAIN_STEP task=open_the_middle_drawer_of_the_cabinet seed=29 global_step=1220 loss=0.02153690
TRAIN_STEP task=open_the_middle_drawer_of_the_cabinet seed=29 global_step=1240 loss=0.02261411
TRAIN_STEP task=open_the_middle_drawer_of_the_cabinet seed=29 global_step=1260 loss=0.02220087
TRAIN_STEP task=open_the_middle_drawer_of_the_cabinet seed=29 global_step=1280 loss=0.01940563
TRAIN_STEP task=open_the_middle_drawer_of_the_cabinet seed=29 global_step=1300 loss=0.02107188
TRAIN_STEP task=open_the_middle_drawer_of_the_cabinet seed=29 global_step=1320 loss=0.02062432
TRAIN_STEP task=open_the_middle_drawer_of_the_cabinet seed=29 global_step=1340 loss=0.01972560
TRAIN_STEP task=open_the_middle_drawer_of_the_cabinet seed=29 global_step=1360 loss=0.02139509
TRAIN_STEP task=open_the_middle_drawer_of_the_cabinet seed=29 global_step=1380 loss=0.01871772
TRAIN_STEP task=open_the_middle_drawer_of_the_cabinet seed=29 global_step=1400 loss=0.01926305
TRAIN_STEP task=open_the_middle_drawer_of_the_cabinet seed=29 global_step=1420 loss=0.01816800
TRAIN_STEP task=open_the_middle_drawer_of_the_cabinet seed=29 global_step=1440 loss=0.01738573
TRAIN_STEP task=open_the_middle_drawer_of_the_cabinet seed=29 global_step=1460 loss=0.01839761
TRAIN_STEP task=open_the_middle_drawer_of_the_cabinet seed=29 global_step=1480 loss=0.01737117
TRAIN_STEP task=open_the_middle_drawer_of_the_cabinet seed=29 global_step=1500 loss=0.01756014
TRAIN_STEP task=open_the_middle_drawer_of_the_cabinet seed=29 global_step=1520 loss=0.01764468
TRAIN_STEP task=open_the_middle_drawer_of_the_cabinet seed=29 global_step=1540 loss=0.01663867
TRAIN_STEP task=open_the_middle_drawer_of_the_cabinet seed=29 global_step=1560 loss=0.01627180
TRAIN_STEP task=open_the_middle_drawer_of_the_cabinet seed=29 global_step=1580 loss=0.01536807
TRAIN_STEP task=open_the_middle_drawer_of_the_cabinet seed=29 global_step=1600 loss=0.01487718
TRAIN_STEP task=open_the_middle_drawer_of_the_cabinet seed=29 global_step=1620 loss=0.01842402
TRAIN_STEP task=open_the_middle_drawer_of_the_cabinet seed=29 global_step=1640 loss=0.01764944
TRAIN_STEP task=open_the_middle_drawer_of_the_cabinet seed=29 global_step=1660 loss=0.01614100
TRAIN_STEP task=open_the_middle_drawer_of_the_cabinet seed=29 global_step=1680 loss=0.01718404
TRAIN_STEP task=open_the_middle_drawer_of_the_cabinet seed=29 global_step=1700 loss=0.01506662
TRAIN_STEP task=open_the_middle_drawer_of_the_cabinet seed=29 global_step=1720 loss=0.01357794
TRAIN_STEP task=open_the_middle_drawer_of_the_cabinet seed=29 global_step=1740 loss=0.01429125
TRAIN_STEP task=open_the_middle_drawer_of_the_cabinet seed=29 global_step=1760 loss=0.01538214
TRAIN_STEP task=open_the_middle_drawer_of_the_cabinet seed=29 global_step=1780 loss=0.01368691
TRAIN_STEP task=open_the_middle_drawer_of_the_cabinet seed=29 global_step=1800 loss=0.01500543
TRAIN_STEP task=open_the_middle_drawer_of_the_cabinet seed=29 global_step=1820 loss=0.01467190
TRAIN_STEP task=open_the_middle_drawer_of_the_cabinet seed=29 global_step=1840 loss=0.01502937
TRAIN_STEP task=open_the_middle_drawer_of_the_cabinet seed=29 global_step=1860 loss=0.01429059
TRAIN_STEP task=open_the_middle_drawer_of_the_cabinet seed=29 global_step=1880 loss=0.01267964
TRAIN_STEP task=open_the_middle_drawer_of_the_cabinet seed=29 global_step=1900 loss=0.01414816
TRAIN_STEP task=open_the_middle_drawer_of_the_cabinet seed=29 global_step=1920 loss=0.01304738
TRAIN_STEP task=open_the_middle_drawer_of_the_cabinet seed=29 global_step=1940 loss=0.01207832
TRAIN_STEP task=open_the_middle_drawer_of_the_cabinet seed=29 global_step=1960 loss=0.01304165
TRAIN_STEP task=open_the_middle_drawer_of_the_cabinet seed=29 global_step=1980 loss=0.01283030
TRAIN_STEP task=open_the_middle_drawer_of_the_cabinet seed=29 global_step=2000 loss=0.01174948
CHECKPOINT_COMPLETE step=2000 path=/mnt/cpfs/zbl-cpfs-new/CKPT/leon/torch/r16_p14_libero_stage1/r16p14-libero-stage1-pilot-v1/open_the_middle_drawer_of_the_cabinet/seed_29/step_00002000
TRAIN_STEP task=open_the_middle_drawer_of_the_cabinet seed=29 global_step=2020 loss=0.01274929
TRAIN_STEP task=open_the_middle_drawer_of_the_cabinet seed=29 global_step=2040 loss=0.01220256
TRAIN_STEP task=open_the_middle_drawer_of_the_cabinet seed=29 global_step=2060 loss=0.01186682
TRAIN_STEP task=open_the_middle_drawer_of_the_cabinet seed=29 global_step=2080 loss=0.01261079
TRAIN_STEP task=open_the_middle_drawer_of_the_cabinet seed=29 global_step=2100 loss=0.01087352
TRAIN_STEP task=open_the_middle_drawer_of_the_cabinet seed=29 global_step=2120 loss=0.01254170
TRAIN_STEP task=open_the_middle_drawer_of_the_cabinet seed=29 global_step=2140 loss=0.01214958
TRAIN_STEP task=open_the_middle_drawer_of_the_cabinet seed=29 global_step=2160 loss=0.01109881
TRAIN_STEP task=open_the_middle_drawer_of_the_cabinet seed=29 global_step=2180 loss=0.01191692
TRAIN_STEP task=open_the_middle_drawer_of_the_cabinet seed=29 global_step=2200 loss=0.01227242
TRAIN_STEP task=open_the_middle_drawer_of_the_cabinet seed=29 global_step=2220 loss=0.01151803
TRAIN_STEP task=open_the_middle_drawer_of_the_cabinet seed=29 global_step=2240 loss=0.01033049
TRAIN_STEP task=open_the_middle_drawer_of_the_cabinet seed=29 global_step=2260 loss=0.01103454
TRAIN_STEP task=open_the_middle_drawer_of_the_cabinet seed=29 global_step=2280 loss=0.01076869
TRAIN_STEP task=open_the_middle_drawer_of_the_cabinet seed=29 global_step=2300 loss=0.01161639
TRAIN_STEP task=open_the_middle_drawer_of_the_cabinet seed=29 global_step=2320 loss=0.01021360
TRAIN_STEP task=open_the_middle_drawer_of_the_cabinet seed=29 global_step=2340 loss=0.01070962
TRAIN_STEP task=open_the_middle_drawer_of_the_cabinet seed=29 global_step=2360 loss=0.01250044
TRAIN_STEP task=open_the_middle_drawer_of_the_cabinet seed=29 global_step=2380 loss=0.01032965
TRAIN_STEP task=open_the_middle_drawer_of_the_cabinet seed=29 global_step=2400 loss=0.01132839
TRAIN_STEP task=open_the_middle_drawer_of_the_cabinet seed=29 global_step=2420 loss=0.01018822
TRAIN_STEP task=open_the_middle_drawer_of_the_cabinet seed=29 global_step=2440 loss=0.01194879
TRAIN_STEP task=open_the_middle_drawer_of_the_cabinet seed=29 global_step=2460 loss=0.00900368
TRAIN_STEP task=open_the_middle_drawer_of_the_cabinet seed=29 global_step=2480 loss=0.01002838
TRAIN_STEP task=open_the_middle_drawer_of_the_cabinet seed=29 global_step=2500 loss=0.00983820
TRAIN_STEP task=open_the_middle_drawer_of_the_cabinet seed=29 global_step=2520 loss=0.00958885
TRAIN_STEP task=open_the_middle_drawer_of_the_cabinet seed=29 global_step=2540 loss=0.00935016
TRAIN_STEP task=open_the_middle_drawer_of_the_cabinet seed=29 global_step=2560 loss=0.01062269
TRAIN_STEP task=open_the_middle_drawer_of_the_cabinet seed=29 global_step=2580 loss=0.00964463
TRAIN_STEP task=open_the_middle_drawer_of_the_cabinet seed=29 global_step=2600 loss=0.01003930
TRAIN_STEP task=open_the_middle_drawer_of_the_cabinet seed=29 global_step=2620 loss=0.00929206
TRAIN_STEP task=open_the_middle_drawer_of_the_cabinet seed=29 global_step=2640 loss=0.00958189
TRAIN_STEP task=open_the_middle_drawer_of_the_cabinet seed=29 global_step=2660 loss=0.00946466
TRAIN_STEP task=open_the_middle_drawer_of_the_cabinet seed=29 global_step=2680 loss=0.01090380
TRAIN_STEP task=open_the_middle_drawer_of_the_cabinet seed=29 global_step=2700 loss=0.00880140
TRAIN_STEP task=open_the_middle_drawer_of_the_cabinet seed=29 global_step=2720 loss=0.00967268
TRAIN_STEP task=open_the_middle_drawer_of_the_cabinet seed=29 global_step=2740 loss=0.00794845
TRAIN_STEP task=open_the_middle_drawer_of_the_cabinet seed=29 global_step=2760 loss=0.00866404
TRAIN_STEP task=open_the_middle_drawer_of_the_cabinet seed=29 global_step=2780 loss=0.00912534
TRAIN_STEP task=open_the_middle_drawer_of_the_cabinet seed=29 global_step=2800 loss=0.00963721
TRAIN_STEP task=open_the_middle_drawer_of_the_cabinet seed=29 global_step=2820 loss=0.00916571
TRAIN_STEP task=open_the_middle_drawer_of_the_cabinet seed=29 global_step=2840 loss=0.00947894
TRAIN_STEP task=open_the_middle_drawer_of_the_cabinet seed=29 global_step=2860 loss=0.00954212
TRAIN_STEP task=open_the_middle_drawer_of_the_cabinet seed=29 global_step=2880 loss=0.00890195
TRAIN_STEP task=open_the_middle_drawer_of_the_cabinet seed=29 global_step=2900 loss=0.00882341
TRAIN_STEP task=open_the_middle_drawer_of_the_cabinet seed=29 global_step=2920 loss=0.00843600
TRAIN_STEP task=open_the_middle_drawer_of_the_cabinet seed=29 global_step=2940 loss=0.00828992
TRAIN_STEP task=open_the_middle_drawer_of_the_cabinet seed=29 global_step=2960 loss=0.00861420
TRAIN_STEP task=open_the_middle_drawer_of_the_cabinet seed=29 global_step=2980 loss=0.00908183
TRAIN_STEP task=open_the_middle_drawer_of_the_cabinet seed=29 global_step=3000 loss=0.00787981
TRAIN_STEP task=open_the_middle_drawer_of_the_cabinet seed=29 global_step=3020 loss=0.00798989
TRAIN_STEP task=open_the_middle_drawer_of_the_cabinet seed=29 global_step=3040 loss=0.00900493
TRAIN_STEP task=open_the_middle_drawer_of_the_cabinet seed=29 global_step=3060 loss=0.00763020
TRAIN_STEP task=open_the_middle_drawer_of_the_cabinet seed=29 global_step=3080 loss=0.00848912
TRAIN_STEP task=open_the_middle_drawer_of_the_cabinet seed=29 global_step=3100 loss=0.00718171
TRAIN_STEP task=open_the_middle_drawer_of_the_cabinet seed=29 global_step=3120 loss=0.00808063
TRAIN_STEP task=open_the_middle_drawer_of_the_cabinet seed=29 global_step=3140 loss=0.00805667
TRAIN_STEP task=open_the_middle_drawer_of_the_cabinet seed=29 global_step=3160 loss=0.00822482
TRAIN_STEP task=open_the_middle_drawer_of_the_cabinet seed=29 global_step=3180 loss=0.00806314
TRAIN_STEP task=open_the_middle_drawer_of_the_cabinet seed=29 global_step=3200 loss=0.00786310
TRAIN_STEP task=open_the_middle_drawer_of_the_cabinet seed=29 global_step=3220 loss=0.00788111
TRAIN_STEP task=open_the_middle_drawer_of_the_cabinet seed=29 global_step=3240 loss=0.00802152
TRAIN_STEP task=open_the_middle_drawer_of_the_cabinet seed=29 global_step=3260 loss=0.00764274
TRAIN_STEP task=open_the_middle_drawer_of_the_cabinet seed=29 global_step=3280 loss=0.00746006
TRAIN_STEP task=open_the_middle_drawer_of_the_cabinet seed=29 global_step=3300 loss=0.00765957
TRAIN_STEP task=open_the_middle_drawer_of_the_cabinet seed=29 global_step=3320 loss=0.00777847
TRAIN_STEP task=open_the_middle_drawer_of_the_cabinet seed=29 global_step=3340 loss=0.00734625
TRAIN_STEP task=open_the_middle_drawer_of_the_cabinet seed=29 global_step=3360 loss=0.00686669
TRAIN_STEP task=open_the_middle_drawer_of_the_cabinet seed=29 global_step=3380 loss=0.00754176
TRAIN_STEP task=open_the_middle_drawer_of_the_cabinet seed=29 global_step=3400 loss=0.00751978
TRAIN_STEP task=open_the_middle_drawer_of_the_cabinet seed=29 global_step=3420 loss=0.00807226
TRAIN_STEP task=open_the_middle_drawer_of_the_cabinet seed=29 global_step=3440 loss=0.00768862
TRAIN_STEP task=open_the_middle_drawer_of_the_cabinet seed=29 global_step=3460 loss=0.00715708
TRAIN_STEP task=open_the_middle_drawer_of_the_cabinet seed=29 global_step=3480 loss=0.00726279
TRAIN_STEP task=open_the_middle_drawer_of_the_cabinet seed=29 global_step=3500 loss=0.00755848
TRAIN_STEP task=open_the_middle_drawer_of_the_cabinet seed=29 global_step=3520 loss=0.00749234
TRAIN_STEP task=open_the_middle_drawer_of_the_cabinet seed=29 global_step=3540 loss=0.00667211
TRAIN_STEP task=open_the_middle_drawer_of_the_cabinet seed=29 global_step=3560 loss=0.00715622
TRAIN_STEP task=open_the_middle_drawer_of_the_cabinet seed=29 global_step=3580 loss=0.00684041
TRAIN_STEP task=open_the_middle_drawer_of_the_cabinet seed=29 global_step=3600 loss=0.00711943
TRAIN_STEP task=open_the_middle_drawer_of_the_cabinet seed=29 global_step=3620 loss=0.00673835
TRAIN_STEP task=open_the_middle_drawer_of_the_cabinet seed=29 global_step=3640 loss=0.00740517
TRAIN_STEP task=open_the_middle_drawer_of_the_cabinet seed=29 global_step=3660 loss=0.00719929
TRAIN_STEP task=open_the_middle_drawer_of_the_cabinet seed=29 global_step=3680 loss=0.00749532
TRAIN_STEP task=open_the_middle_drawer_of_the_cabinet seed=29 global_step=3700 loss=0.00633881
TRAIN_STEP task=open_the_middle_drawer_of_the_cabinet seed=29 global_step=3720 loss=0.00722604
TRAIN_STEP task=open_the_middle_drawer_of_the_cabinet seed=29 global_step=3740 loss=0.00727491
TRAIN_STEP task=open_the_middle_drawer_of_the_cabinet seed=29 global_step=3760 loss=0.00799506
TRAIN_STEP task=open_the_middle_drawer_of_the_cabinet seed=29 global_step=3780 loss=0.00626160
TRAIN_STEP task=open_the_middle_drawer_of_the_cabinet seed=29 global_step=3800 loss=0.00742131
TRAIN_STEP task=open_the_middle_drawer_of_the_cabinet seed=29 global_step=3820 loss=0.00706022
TRAIN_STEP task=open_the_middle_drawer_of_the_cabinet seed=29 global_step=3840 loss=0.00628194
TRAIN_STEP task=open_the_middle_drawer_of_the_cabinet seed=29 global_step=3860 loss=0.00765072
TRAIN_STEP task=open_the_middle_drawer_of_the_cabinet seed=29 global_step=3880 loss=0.00663316
TRAIN_STEP task=open_the_middle_drawer_of_the_cabinet seed=29 global_step=3900 loss=0.00724188
TRAIN_STEP task=open_the_middle_drawer_of_the_cabinet seed=29 global_step=3920 loss=0.00680785
TRAIN_STEP task=open_the_middle_drawer_of_the_cabinet seed=29 global_step=3940 loss=0.00675968
TRAIN_STEP task=open_the_middle_drawer_of_the_cabinet seed=29 global_step=3960 loss=0.00776310
TRAIN_STEP task=open_the_middle_drawer_of_the_cabinet seed=29 global_step=3980 loss=0.00614709
TRAIN_STEP task=open_the_middle_drawer_of_the_cabinet seed=29 global_step=4000 loss=0.00628560
CHECKPOINT_COMPLETE step=4000 path=/mnt/cpfs/zbl-cpfs-new/CKPT/leon/torch/r16_p14_libero_stage1/r16p14-libero-stage1-pilot-v1/open_the_middle_drawer_of_the_cabinet/seed_29/step_00004000
TRAIN_STEP task=open_the_middle_drawer_of_the_cabinet seed=29 global_step=4020 loss=0.00636193
TRAIN_STEP task=open_the_middle_drawer_of_the_cabinet seed=29 global_step=4040 loss=0.00602675
TRAIN_STEP task=open_the_middle_drawer_of_the_cabinet seed=29 global_step=4060 loss=0.00658331
TRAIN_STEP task=open_the_middle_drawer_of_the_cabinet seed=29 global_step=4080 loss=0.00697923
TRAIN_STEP task=open_the_middle_drawer_of_the_cabinet seed=29 global_step=4100 loss=0.00607850
TRAIN_STEP task=open_the_middle_drawer_of_the_cabinet seed=29 global_step=4120 loss=0.00639680
TRAIN_STEP task=open_the_middle_drawer_of_the_cabinet seed=29 global_step=4140 loss=0.00643209
TRAIN_STEP task=open_the_middle_drawer_of_the_cabinet seed=29 global_step=4160 loss=0.00614528
TRAIN_STEP task=open_the_middle_drawer_of_the_cabinet seed=29 global_step=4180 loss=0.00662211
TRAIN_STEP task=open_the_middle_drawer_of_the_cabinet seed=29 global_step=4200 loss=0.00660406
TRAIN_STEP task=open_the_middle_drawer_of_the_cabinet seed=29 global_step=4220 loss=0.00582901
TRAIN_STEP task=open_the_middle_drawer_of_the_cabinet seed=29 global_step=4240 loss=0.00621909
TRAIN_STEP task=open_the_middle_drawer_of_the_cabinet seed=29 global_step=4260 loss=0.00628666
TRAIN_STEP task=open_the_middle_drawer_of_the_cabinet seed=29 global_step=4280 loss=0.00620542
TRAIN_STEP task=open_the_middle_drawer_of_the_cabinet seed=29 global_step=4300 loss=0.00626691
TRAIN_STEP task=open_the_middle_drawer_of_the_cabinet seed=29 global_step=4320 loss=0.00650040
TRAIN_STEP task=open_the_middle_drawer_of_the_cabinet seed=29 global_step=4340 loss=0.00595553
TRAIN_STEP task=open_the_middle_drawer_of_the_cabinet seed=29 global_step=4360 loss=0.00605993
TRAIN_STEP task=open_the_middle_drawer_of_the_cabinet seed=29 global_step=4380 loss=0.00572878
TRAIN_STEP task=open_the_middle_drawer_of_the_cabinet seed=29 global_step=4400 loss=0.00553274
TRAIN_STEP task=open_the_middle_drawer_of_the_cabinet seed=29 global_step=4420 loss=0.00569798
TRAIN_STEP task=open_the_middle_drawer_of_the_cabinet seed=29 global_step=4440 loss=0.00587810
TRAIN_STEP task=open_the_middle_drawer_of_the_cabinet seed=29 global_step=4460 loss=0.00533977
TRAIN_STEP task=open_the_middle_drawer_of_the_cabinet seed=29 global_step=4480 loss=0.00523218
TRAIN_STEP task=open_the_middle_drawer_of_the_cabinet seed=29 global_step=4500 loss=0.00642177
TRAIN_STEP task=open_the_middle_drawer_of_the_cabinet seed=29 global_step=4520 loss=0.00671459
TRAIN_STEP task=open_the_middle_drawer_of_the_cabinet seed=29 global_step=4540 loss=0.00595145
TRAIN_STEP task=open_the_middle_drawer_of_the_cabinet seed=29 global_step=4560 loss=0.00546711
TRAIN_STEP task=open_the_middle_drawer_of_the_cabinet seed=29 global_step=4580 loss=0.00564486
TRAIN_STEP task=open_the_middle_drawer_of_the_cabinet seed=29 global_step=4600 loss=0.00653986
TRAIN_STEP task=open_the_middle_drawer_of_the_cabinet seed=29 global_step=4620 loss=0.00569284
TRAIN_STEP task=open_the_middle_drawer_of_the_cabinet seed=29 global_step=4640 loss=0.00524741
TRAIN_STEP task=open_the_middle_drawer_of_the_cabinet seed=29 global_step=4660 loss=0.00587424
TRAIN_STEP task=open_the_middle_drawer_of_the_cabinet seed=29 global_step=4680 loss=0.00649389
TRAIN_STEP task=open_the_middle_drawer_of_the_cabinet seed=29 global_step=4700 loss=0.00560419
TRAIN_STEP task=open_the_middle_drawer_of_the_cabinet seed=29 global_step=4720 loss=0.00532566
TRAIN_STEP task=open_the_middle_drawer_of_the_cabinet seed=29 global_step=4740 loss=0.00564924
TRAIN_STEP task=open_the_middle_drawer_of_the_cabinet seed=29 global_step=4760 loss=0.00545603
TRAIN_STEP task=open_the_middle_drawer_of_the_cabinet seed=29 global_step=4780 loss=0.00507562
TRAIN_STEP task=open_the_middle_drawer_of_the_cabinet seed=29 global_step=4800 loss=0.00620134
TRAIN_STEP task=open_the_middle_drawer_of_the_cabinet seed=29 global_step=4820 loss=0.00528881
TRAIN_STEP task=open_the_middle_drawer_of_the_cabinet seed=29 global_step=4840 loss=0.00526684
TRAIN_STEP task=open_the_middle_drawer_of_the_cabinet seed=29 global_step=4860 loss=0.00537422
TRAIN_STEP task=open_the_middle_drawer_of_the_cabinet seed=29 global_step=4880 loss=0.00586029
TRAIN_STEP task=open_the_middle_drawer_of_the_cabinet seed=29 global_step=4900 loss=0.00528435
TRAIN_STEP task=open_the_middle_drawer_of_the_cabinet seed=29 global_step=4920 loss=0.00573733
TRAIN_STEP task=open_the_middle_drawer_of_the_cabinet seed=29 global_step=4940 loss=0.00513354
TRAIN_STEP task=open_the_middle_drawer_of_the_cabinet seed=29 global_step=4960 loss=0.00563237
TRAIN_STEP task=open_the_middle_drawer_of_the_cabinet seed=29 global_step=4980 loss=0.00571610
TRAIN_STEP task=open_the_middle_drawer_of_the_cabinet seed=29 global_step=5000 loss=0.00613832
TRAIN_STEP task=open_the_middle_drawer_of_the_cabinet seed=29 global_step=5020 loss=0.00617577
TRAIN_STEP task=open_the_middle_drawer_of_the_cabinet seed=29 global_step=5040 loss=0.00568493
TRAIN_STEP task=open_the_middle_drawer_of_the_cabinet seed=29 global_step=5060 loss=0.00606134
TRAIN_STEP task=open_the_middle_drawer_of_the_cabinet seed=29 global_step=5080 loss=0.00524912
TRAIN_STEP task=open_the_middle_drawer_of_the_cabinet seed=29 global_step=5100 loss=0.00528511
TRAIN_STEP task=open_the_middle_drawer_of_the_cabinet seed=29 global_step=5120 loss=0.00489763
TRAIN_STEP task=open_the_middle_drawer_of_the_cabinet seed=29 global_step=5140 loss=0.00458959
TRAIN_STEP task=open_the_middle_drawer_of_the_cabinet seed=29 global_step=5160 loss=0.00511725
TRAIN_STEP task=open_the_middle_drawer_of_the_cabinet seed=29 global_step=5180 loss=0.00490000
TRAIN_STEP task=open_the_middle_drawer_of_the_cabinet seed=29 global_step=5200 loss=0.00518760
TRAIN_STEP task=open_the_middle_drawer_of_the_cabinet seed=29 global_step=5220 loss=0.00563969
TRAIN_STEP task=open_the_middle_drawer_of_the_cabinet seed=29 global_step=5240 loss=0.00512740
TRAIN_STEP task=open_the_middle_drawer_of_the_cabinet seed=29 global_step=5260 loss=0.00518917
TRAIN_STEP task=open_the_middle_drawer_of_the_cabinet seed=29 global_step=5280 loss=0.00564093
TRAIN_STEP task=open_the_middle_drawer_of_the_cabinet seed=29 global_step=5300 loss=0.00492193
TRAIN_STEP task=open_the_middle_drawer_of_the_cabinet seed=29 global_step=5320 loss=0.00484261
TRAIN_STEP task=open_the_middle_drawer_of_the_cabinet seed=29 global_step=5340 loss=0.00486877
TRAIN_STEP task=open_the_middle_drawer_of_the_cabinet seed=29 global_step=5360 loss=0.00506055
TRAIN_STEP task=open_the_middle_drawer_of_the_cabinet seed=29 global_step=5380 loss=0.00539806
TRAIN_STEP task=open_the_middle_drawer_of_the_cabinet seed=29 global_step=5400 loss=0.00485601
TRAIN_STEP task=open_the_middle_drawer_of_the_cabinet seed=29 global_step=5420 loss=0.00582102
TRAIN_STEP task=open_the_middle_drawer_of_the_cabinet seed=29 global_step=5440 loss=0.00524761
TRAIN_STEP task=open_the_middle_drawer_of_the_cabinet seed=29 global_step=5460 loss=0.00499403
TRAIN_STEP task=open_the_middle_drawer_of_the_cabinet seed=29 global_step=5480 loss=0.00556226
TRAIN_STEP task=open_the_middle_drawer_of_the_cabinet seed=29 global_step=5500 loss=0.00569122
TRAIN_STEP task=open_the_middle_drawer_of_the_cabinet seed=29 global_step=5520 loss=0.00513961
TRAIN_STEP task=open_the_middle_drawer_of_the_cabinet seed=29 global_step=5540 loss=0.00530948
TRAIN_STEP task=open_the_middle_drawer_of_the_cabinet seed=29 global_step=5560 loss=0.00533750
TRAIN_STEP task=open_the_middle_drawer_of_the_cabinet seed=29 global_step=5580 loss=0.00479588
TRAIN_STEP task=open_the_middle_drawer_of_the_cabinet seed=29 global_step=5600 loss=0.00531499
TRAIN_STEP task=open_the_middle_drawer_of_the_cabinet seed=29 global_step=5620 loss=0.00550071
TRAIN_STEP task=open_the_middle_drawer_of_the_cabinet seed=29 global_step=5640 loss=0.00468140
TRAIN_STEP task=open_the_middle_drawer_of_the_cabinet seed=29 global_step=5660 loss=0.00525736
TRAIN_STEP task=open_the_middle_drawer_of_the_cabinet seed=29 global_step=5680 loss=0.00540897
TRAIN_STEP task=open_the_middle_drawer_of_the_cabinet seed=29 global_step=5700 loss=0.00445949
TRAIN_STEP task=open_the_middle_drawer_of_the_cabinet seed=29 global_step=5720 loss=0.00444622
TRAIN_STEP task=open_the_middle_drawer_of_the_cabinet seed=29 global_step=5740 loss=0.00513322
TRAIN_STEP task=open_the_middle_drawer_of_the_cabinet seed=29 global_step=5760 loss=0.00497149
TRAIN_STEP task=open_the_middle_drawer_of_the_cabinet seed=29 global_step=5780 loss=0.00517595
TRAIN_STEP task=open_the_middle_drawer_of_the_cabinet seed=29 global_step=5800 loss=0.00502607
TRAIN_STEP task=open_the_middle_drawer_of_the_cabinet seed=29 global_step=5820 loss=0.00508897
TRAIN_STEP task=open_the_middle_drawer_of_the_cabinet seed=29 global_step=5840 loss=0.00431440
TRAIN_STEP task=open_the_middle_drawer_of_the_cabinet seed=29 global_step=5860 loss=0.00439554
TRAIN_STEP task=open_the_middle_drawer_of_the_cabinet seed=29 global_step=5880 loss=0.00472581
TRAIN_STEP task=open_the_middle_drawer_of_the_cabinet seed=29 global_step=5900 loss=0.00480972
TRAIN_STEP task=open_the_middle_drawer_of_the_cabinet seed=29 global_step=5920 loss=0.00492030
TRAIN_STEP task=open_the_middle_drawer_of_the_cabinet seed=29 global_step=5940 loss=0.00474253
TRAIN_STEP task=open_the_middle_drawer_of_the_cabinet seed=29 global_step=5960 loss=0.00500381
TRAIN_STEP task=open_the_middle_drawer_of_the_cabinet seed=29 global_step=5980 loss=0.00519986
TRAIN_STEP task=open_the_middle_drawer_of_the_cabinet seed=29 global_step=6000 loss=0.00521836
CHECKPOINT_COMPLETE step=6000 path=/mnt/cpfs/zbl-cpfs-new/CKPT/leon/torch/r16_p14_libero_stage1/r16p14-libero-stage1-pilot-v1/open_the_middle_drawer_of_the_cabinet/seed_29/step_00006000
TRAIN_STEP task=open_the_middle_drawer_of_the_cabinet seed=29 global_step=6020 loss=0.00470174
TRAIN_STEP task=open_the_middle_drawer_of_the_cabinet seed=29 global_step=6040 loss=0.00546731
TRAIN_STEP task=open_the_middle_drawer_of_the_cabinet seed=29 global_step=6060 loss=0.00500353
TRAIN_STEP task=open_the_middle_drawer_of_the_cabinet seed=29 global_step=6080 loss=0.00462266
TRAIN_STEP task=open_the_middle_drawer_of_the_cabinet seed=29 global_step=6100 loss=0.00494464
TRAIN_STEP task=open_the_middle_drawer_of_the_cabinet seed=29 global_step=6120 loss=0.00475825
TRAIN_STEP task=open_the_middle_drawer_of_the_cabinet seed=29 global_step=6140 loss=0.00466346
TRAIN_STEP task=open_the_middle_drawer_of_the_cabinet seed=29 global_step=6160 loss=0.00431797
TRAIN_STEP task=open_the_middle_drawer_of_the_cabinet seed=29 global_step=6180 loss=0.00434905
TRAIN_STEP task=open_the_middle_drawer_of_the_cabinet seed=29 global_step=6200 loss=0.00465205
TRAIN_STEP task=open_the_middle_drawer_of_the_cabinet seed=29 global_step=6220 loss=0.00459757
TRAIN_STEP task=open_the_middle_drawer_of_the_cabinet seed=29 global_step=6240 loss=0.00517660
TRAIN_STEP task=open_the_middle_drawer_of_the_cabinet seed=29 global_step=6260 loss=0.00475246
TRAIN_STEP task=open_the_middle_drawer_of_the_cabinet seed=29 global_step=6280 loss=0.00486872
TRAIN_STEP task=open_the_middle_drawer_of_the_cabinet seed=29 global_step=6300 loss=0.00434131
TRAIN_STEP task=open_the_middle_drawer_of_the_cabinet seed=29 global_step=6320 loss=0.00501023
TRAIN_STEP task=open_the_middle_drawer_of_the_cabinet seed=29 global_step=6340 loss=0.00481962
TRAIN_STEP task=open_the_middle_drawer_of_the_cabinet seed=29 global_step=6360 loss=0.00424058
TRAIN_STEP task=open_the_middle_drawer_of_the_cabinet seed=29 global_step=6380 loss=0.00508588
TRAIN_STEP task=open_the_middle_drawer_of_the_cabinet seed=29 global_step=6400 loss=0.00495271
TRAIN_STEP task=open_the_middle_drawer_of_the_cabinet seed=29 global_step=6420 loss=0.00499096
TRAIN_STEP task=open_the_middle_drawer_of_the_cabinet seed=29 global_step=6440 loss=0.00477041
TRAIN_STEP task=open_the_middle_drawer_of_the_cabinet seed=29 global_step=6460 loss=0.00487434
TRAIN_STEP task=open_the_middle_drawer_of_the_cabinet seed=29 global_step=6480 loss=0.00440957
TRAIN_STEP task=open_the_middle_drawer_of_the_cabinet seed=29 global_step=6500 loss=0.00480595
TRAIN_STEP task=open_the_middle_drawer_of_the_cabinet seed=29 global_step=6520 loss=0.00447514
TRAIN_STEP task=open_the_middle_drawer_of_the_cabinet seed=29 global_step=6540 loss=0.00438556
TRAIN_STEP task=open_the_middle_drawer_of_the_cabinet seed=29 global_step=6560 loss=0.00502361
TRAIN_STEP task=open_the_middle_drawer_of_the_cabinet seed=29 global_step=6580 loss=0.00479106
TRAIN_STEP task=open_the_middle_drawer_of_the_cabinet seed=29 global_step=6600 loss=0.00566501
TRAIN_STEP task=open_the_middle_drawer_of_the_cabinet seed=29 global_step=6620 loss=0.00487994
TRAIN_STEP task=open_the_middle_drawer_of_the_cabinet seed=29 global_step=6640 loss=0.00442842
TRAIN_STEP task=open_the_middle_drawer_of_the_cabinet seed=29 global_step=6660 loss=0.00442612
TRAIN_STEP task=open_the_middle_drawer_of_the_cabinet seed=29 global_step=6680 loss=0.00498553
TRAIN_STEP task=open_the_middle_drawer_of_the_cabinet seed=29 global_step=6700 loss=0.00484863
TRAIN_STEP task=open_the_middle_drawer_of_the_cabinet seed=29 global_step=6720 loss=0.00449726
TRAIN_STEP task=open_the_middle_drawer_of_the_cabinet seed=29 global_step=6740 loss=0.00471224
TRAIN_STEP task=open_the_middle_drawer_of_the_cabinet seed=29 global_step=6760 loss=0.00440935
TRAIN_STEP task=open_the_middle_drawer_of_the_cabinet seed=29 global_step=6780 loss=0.00558493
TRAIN_STEP task=open_the_middle_drawer_of_the_cabinet seed=29 global_step=6800 loss=0.00431240
TRAIN_STEP task=open_the_middle_drawer_of_the_cabinet seed=29 global_step=6820 loss=0.00453162
TRAIN_STEP task=open_the_middle_drawer_of_the_cabinet seed=29 global_step=6840 loss=0.00451731
TRAIN_STEP task=open_the_middle_drawer_of_the_cabinet seed=29 global_step=6860 loss=0.00433614
TRAIN_STEP task=open_the_middle_drawer_of_the_cabinet seed=29 global_step=6880 loss=0.00457995
TRAIN_STEP task=open_the_middle_drawer_of_the_cabinet seed=29 global_step=6900 loss=0.00434084
TRAIN_STEP task=open_the_middle_drawer_of_the_cabinet seed=29 global_step=6920 loss=0.00450153
TRAIN_STEP task=open_the_middle_drawer_of_the_cabinet seed=29 global_step=6940 loss=0.00434207
TRAIN_STEP task=open_the_middle_drawer_of_the_cabinet seed=29 global_step=6960 loss=0.00454096
TRAIN_STEP task=open_the_middle_drawer_of_the_cabinet seed=29 global_step=6980 loss=0.00442521
TRAIN_STEP task=open_the_middle_drawer_of_the_cabinet seed=29 global_step=7000 loss=0.00458007
TRAIN_STEP task=open_the_middle_drawer_of_the_cabinet seed=29 global_step=7020 loss=0.00438072
TRAIN_STEP task=open_the_middle_drawer_of_the_cabinet seed=29 global_step=7040 loss=0.00569721
TRAIN_STEP task=open_the_middle_drawer_of_the_cabinet seed=29 global_step=7060 loss=0.00484949
TRAIN_STEP task=open_the_middle_drawer_of_the_cabinet seed=29 global_step=7080 loss=0.00464137
TRAIN_STEP task=open_the_middle_drawer_of_the_cabinet seed=29 global_step=7100 loss=0.00430377
TRAIN_STEP task=open_the_middle_drawer_of_the_cabinet seed=29 global_step=7120 loss=0.00459512
TRAIN_STEP task=open_the_middle_drawer_of_the_cabinet seed=29 global_step=7140 loss=0.00451661
TRAIN_STEP task=open_the_middle_drawer_of_the_cabinet seed=29 global_step=7160 loss=0.00431126
TRAIN_STEP task=open_the_middle_drawer_of_the_cabinet seed=29 global_step=7180 loss=0.00417226
TRAIN_STEP task=open_the_middle_drawer_of_the_cabinet seed=29 global_step=7200 loss=0.00485450
TRAIN_STEP task=open_the_middle_drawer_of_the_cabinet seed=29 global_step=7220 loss=0.00478813
TRAIN_STEP task=open_the_middle_drawer_of_the_cabinet seed=29 global_step=7240 loss=0.00459022
TRAIN_STEP task=open_the_middle_drawer_of_the_cabinet seed=29 global_step=7260 loss=0.00508127
TRAIN_STEP task=open_the_middle_drawer_of_the_cabinet seed=29 global_step=7280 loss=0.00461775
TRAIN_STEP task=open_the_middle_drawer_of_the_cabinet seed=29 global_step=7300 loss=0.00444136
TRAIN_STEP task=open_the_middle_drawer_of_the_cabinet seed=29 global_step=7320 loss=0.00437813
TRAIN_STEP task=open_the_middle_drawer_of_the_cabinet seed=29 global_step=7340 loss=0.00433589
TRAIN_STEP task=open_the_middle_drawer_of_the_cabinet seed=29 global_step=7360 loss=0.00465884
TRAIN_STEP task=open_the_middle_drawer_of_the_cabinet seed=29 global_step=7380 loss=0.00442999
TRAIN_STEP task=open_the_middle_drawer_of_the_cabinet seed=29 global_step=7400 loss=0.00474007
TRAIN_STEP task=open_the_middle_drawer_of_the_cabinet seed=29 global_step=7420 loss=0.00425147
TRAIN_STEP task=open_the_middle_drawer_of_the_cabinet seed=29 global_step=7440 loss=0.00393305
TRAIN_STEP task=open_the_middle_drawer_of_the_cabinet seed=29 global_step=7460 loss=0.00442338
TRAIN_STEP task=open_the_middle_drawer_of_the_cabinet seed=29 global_step=7480 loss=0.00438357
TRAIN_STEP task=open_the_middle_drawer_of_the_cabinet seed=29 global_step=7500 loss=0.00482578
TRAIN_STEP task=open_the_middle_drawer_of_the_cabinet seed=29 global_step=7520 loss=0.00455968
TRAIN_STEP task=open_the_middle_drawer_of_the_cabinet seed=29 global_step=7540 loss=0.00438705
TRAIN_STEP task=open_the_middle_drawer_of_the_cabinet seed=29 global_step=7560 loss=0.00460919
TRAIN_STEP task=open_the_middle_drawer_of_the_cabinet seed=29 global_step=7580 loss=0.00484231
TRAIN_STEP task=open_the_middle_drawer_of_the_cabinet seed=29 global_step=7600 loss=0.00386832
TRAIN_STEP task=open_the_middle_drawer_of_the_cabinet seed=29 global_step=7620 loss=0.00541750
TRAIN_STEP task=open_the_middle_drawer_of_the_cabinet seed=29 global_step=7640 loss=0.00421480
TRAIN_STEP task=open_the_middle_drawer_of_the_cabinet seed=29 global_step=7660 loss=0.00396367
TRAIN_STEP task=open_the_middle_drawer_of_the_cabinet seed=29 global_step=7680 loss=0.00501779
TRAIN_STEP task=open_the_middle_drawer_of_the_cabinet seed=29 global_step=7700 loss=0.00459584
TRAIN_STEP task=open_the_middle_drawer_of_the_cabinet seed=29 global_step=7720 loss=0.00475430
TRAIN_STEP task=open_the_middle_drawer_of_the_cabinet seed=29 global_step=7740 loss=0.00464984
TRAIN_STEP task=open_the_middle_drawer_of_the_cabinet seed=29 global_step=7760 loss=0.00467114
TRAIN_STEP task=open_the_middle_drawer_of_the_cabinet seed=29 global_step=7780 loss=0.00427726
TRAIN_STEP task=open_the_middle_drawer_of_the_cabinet seed=29 global_step=7800 loss=0.00407134
TRAIN_STEP task=open_the_middle_drawer_of_the_cabinet seed=29 global_step=7820 loss=0.00435081
TRAIN_STEP task=open_the_middle_drawer_of_the_cabinet seed=29 global_step=7840 loss=0.00406664
TRAIN_STEP task=open_the_middle_drawer_of_the_cabinet seed=29 global_step=7860 loss=0.00467357
TRAIN_STEP task=open_the_middle_drawer_of_the_cabinet seed=29 global_step=7880 loss=0.00446193
TRAIN_STEP task=open_the_middle_drawer_of_the_cabinet seed=29 global_step=7900 loss=0.00492663
TRAIN_STEP task=open_the_middle_drawer_of_the_cabinet seed=29 global_step=7920 loss=0.00467352
TRAIN_STEP task=open_the_middle_drawer_of_the_cabinet seed=29 global_step=7940 loss=0.00444444
TRAIN_STEP task=open_the_middle_drawer_of_the_cabinet seed=29 global_step=7960 loss=0.00451477
TRAIN_STEP task=open_the_middle_drawer_of_the_cabinet seed=29 global_step=7980 loss=0.00419607
TRAIN_STEP task=open_the_middle_drawer_of_the_cabinet seed=29 global_step=8000 loss=0.00448459
CHECKPOINT_COMPLETE step=8000 path=/mnt/cpfs/zbl-cpfs-new/CKPT/leon/torch/r16_p14_libero_stage1/r16p14-libero-stage1-pilot-v1/open_the_middle_drawer_of_the_cabinet/seed_29/step_00008000
wandb: - 0.003 MB of 0.003 MB uploadedwandb: \ 0.003 MB of 0.004 MB uploadedwandb: | 0.004 MB of 0.046 MB uploadedwandb: / 0.046 MB of 0.046 MB uploadedwandb: - 0.046 MB of 0.046 MB uploadedwandb: \ 0.046 MB of 0.046 MB uploadedwandb: | 0.046 MB of 0.046 MB uploadedwandb:                                                                                
wandb: 
wandb: Run history:
wandb:   train/global_step ▁▁▁▁▂▂▂▂▂▃▃▃▃▃▃▄▄▄▄▄▅▅▅▅▅▅▆▆▆▆▆▇▇▇▇▇▇███
wandb: train/learning_rate ███████▇▇▇▇▇▆▆▆▆▆▅▅▅▄▄▄▄▃▃▃▃▂▂▂▂▂▁▁▁▁▁▁▁
wandb:          train/loss █▅▄▃▂▂▂▂▂▂▁▁▁▁▁▁▁▁▁▁▁▁▁▁▁▁▁▁▁▁▁▁▁▁▁▁▁▁▁▁
wandb: 
wandb: Run summary:
wandb:   latest_checkpoint /mnt/cpfs/zbl-cpfs-n...
wandb:                loss 0.00448
wandb:              run_id r16p14-libero-stage1...
wandb:                seed 29
wandb:                step 8000
wandb:                task open_the_middle_draw...
wandb:   train/global_step 8000
wandb: train/learning_rate 0.0
wandb:          train/loss 0.00448
wandb: 
wandb: 🚀 View run open_the_middle_drawer_of_the_cabinet-seed-29 at: https://wandb.ai/chen_jian-cj-workspace/r16-p14-libero-stage1/runs/r16p14-libero-stage1-pilot-v1-open_the_middle_drawer_of_the_cabinet-seed-29
wandb: ⭐️ View project at: https://wandb.ai/chen_jian-cj-workspace/r16-p14-libero-stage1
wandb: Synced 5 W&B file(s), 0 media file(s), 0 artifact file(s) and 0 other file(s)
wandb: Find logs at: ./cache/wandb/wandb/run-20260812_225508-r16p14-libero-stage1-pilot-v1-open_the_middle_drawer_of_the_cabinet-seed-29/logs
TRAINING_SUITE_COMPLETE summary=/mnt/cpfs/zbl-cpfs-new/USERS/leon/logs/r16_p14_libero_stage1/pai/r16p14-libero-stage1-20260812-144626/training/r16p14-libero-stage1-pilot-v1/training_summary.json
