BUILD_CACHE task=put_the_wine_bottle_on_the_rack path=/mnt/cpfs/zbl-cpfs-new/USERS/leon/cache/r16_p14_libero_stage1/pilot-v1/put_the_wine_bottle_on_the_rack.state_obs_v1.npz
[info] using task orders [0, 1, 2, 3, 4, 5, 6, 7, 8, 9]
AUTO_RESUME=0 RUN_ID=r16p14-libero-stage1-pilot-v1 task=put_the_wine_bottle_on_the_rack seed=7 RESUME_FLAG=false checkpoint=none
/mnt/cpfs/zbl-cpfs-new/USERS/leon/envs/libero_sft/lib/python3.11/site-packages/wandb/analytics/sentry.py:90: SentryHubDeprecationWarning: `sentry_sdk.Hub` is deprecated and will be removed in a future major release. Please consult our 1.x to 2.x migration guide for details on how to migrate `Hub` usage to the new API: https://docs.sentry.io/platforms/python/migration/1.x-to-2.x
  self.hub = sentry_sdk.Hub(client)
Unable to read the token file at /var/run/secrets/kubernetes.io/serviceaccount/token due to permission error ([Errno 13] Permission denied: '/var/run/secrets/kubernetes.io/serviceaccount/token').The current user id is 2254. Consider changing the securityContext to run the container as the current user.
wandb: WARNING Unable to read the token file at /var/run/secrets/kubernetes.io/serviceaccount/token due to permission error ([Errno 13] Permission denied: '/var/run/secrets/kubernetes.io/serviceaccount/token').The current user id is 2254. Consider changing the securityContext to run the container as the current user.
wandb: Currently logged in as: chen_jian (chen_jian-cj-workspace). Use `wandb login --relogin` to force relogin
/mnt/cpfs/zbl-cpfs-new/USERS/leon/envs/libero_sft/lib/python3.11/site-packages/wandb/analytics/sentry.py:261: DeprecationWarning: The `Scope.user` setter is deprecated in favor of `Scope.set_user()`.
  scope.user = {"email": email}  # noqa
wandb: - Waiting for wandb.init()...wandb: \ Waiting for wandb.init()...wandb: wandb version 0.28.2 is available!  To upgrade, please run:
wandb:  $ pip install wandb --upgrade
wandb: Tracking run with wandb version 0.16.6
wandb: Run data is saved locally in /mnt/cpfs/zbl-cpfs-new/USERS/leon/logs/r16_p14_libero_stage1/pai/r16p14-libero-stage1-20260812-144626/cache/wandb/wandb/run-20260812_225913-r16p14-libero-stage1-pilot-v1-put_the_wine_bottle_on_the_rack-seed-7
wandb: Run `wandb offline` to turn off syncing.
wandb: Syncing run put_the_wine_bottle_on_the_rack-seed-7
wandb: ⭐️ View project at https://wandb.ai/chen_jian-cj-workspace/r16-p14-libero-stage1
wandb: 🚀 View run at https://wandb.ai/chen_jian-cj-workspace/r16-p14-libero-stage1/runs/r16p14-libero-stage1-pilot-v1-put_the_wine_bottle_on_the_rack-seed-7
TRAIN_STEP task=put_the_wine_bottle_on_the_rack seed=7 global_step=1 loss=0.42908981
TRAIN_STEP task=put_the_wine_bottle_on_the_rack seed=7 global_step=20 loss=0.27065489
TRAIN_STEP task=put_the_wine_bottle_on_the_rack seed=7 global_step=40 loss=0.19751023
TRAIN_STEP task=put_the_wine_bottle_on_the_rack seed=7 global_step=60 loss=0.15038298
TRAIN_STEP task=put_the_wine_bottle_on_the_rack seed=7 global_step=80 loss=0.14511760
TRAIN_STEP task=put_the_wine_bottle_on_the_rack seed=7 global_step=100 loss=0.12378334
TRAIN_STEP task=put_the_wine_bottle_on_the_rack seed=7 global_step=120 loss=0.12503506
TRAIN_STEP task=put_the_wine_bottle_on_the_rack seed=7 global_step=140 loss=0.11688527
TRAIN_STEP task=put_the_wine_bottle_on_the_rack seed=7 global_step=160 loss=0.10578494
TRAIN_STEP task=put_the_wine_bottle_on_the_rack seed=7 global_step=180 loss=0.10265192
TRAIN_STEP task=put_the_wine_bottle_on_the_rack seed=7 global_step=200 loss=0.10023592
TRAIN_STEP task=put_the_wine_bottle_on_the_rack seed=7 global_step=220 loss=0.09759780
TRAIN_STEP task=put_the_wine_bottle_on_the_rack seed=7 global_step=240 loss=0.09055968
TRAIN_STEP task=put_the_wine_bottle_on_the_rack seed=7 global_step=260 loss=0.09489344
TRAIN_STEP task=put_the_wine_bottle_on_the_rack seed=7 global_step=280 loss=0.09339064
TRAIN_STEP task=put_the_wine_bottle_on_the_rack seed=7 global_step=300 loss=0.08365053
TRAIN_STEP task=put_the_wine_bottle_on_the_rack seed=7 global_step=320 loss=0.08427001
TRAIN_STEP task=put_the_wine_bottle_on_the_rack seed=7 global_step=340 loss=0.07727229
TRAIN_STEP task=put_the_wine_bottle_on_the_rack seed=7 global_step=360 loss=0.07804707
TRAIN_STEP task=put_the_wine_bottle_on_the_rack seed=7 global_step=380 loss=0.07761320
TRAIN_STEP task=put_the_wine_bottle_on_the_rack seed=7 global_step=400 loss=0.07634567
TRAIN_STEP task=put_the_wine_bottle_on_the_rack seed=7 global_step=420 loss=0.07843100
TRAIN_STEP task=put_the_wine_bottle_on_the_rack seed=7 global_step=440 loss=0.07376537
TRAIN_STEP task=put_the_wine_bottle_on_the_rack seed=7 global_step=460 loss=0.07257842
TRAIN_STEP task=put_the_wine_bottle_on_the_rack seed=7 global_step=480 loss=0.07319017
TRAIN_STEP task=put_the_wine_bottle_on_the_rack seed=7 global_step=500 loss=0.06681238
TRAIN_STEP task=put_the_wine_bottle_on_the_rack seed=7 global_step=520 loss=0.06815021
TRAIN_STEP task=put_the_wine_bottle_on_the_rack seed=7 global_step=540 loss=0.06376953
TRAIN_STEP task=put_the_wine_bottle_on_the_rack seed=7 global_step=560 loss=0.06410215
TRAIN_STEP task=put_the_wine_bottle_on_the_rack seed=7 global_step=580 loss=0.06115070
TRAIN_STEP task=put_the_wine_bottle_on_the_rack seed=7 global_step=600 loss=0.06427567
TRAIN_STEP task=put_the_wine_bottle_on_the_rack seed=7 global_step=620 loss=0.06126766
TRAIN_STEP task=put_the_wine_bottle_on_the_rack seed=7 global_step=640 loss=0.05692472
TRAIN_STEP task=put_the_wine_bottle_on_the_rack seed=7 global_step=660 loss=0.06222588
TRAIN_STEP task=put_the_wine_bottle_on_the_rack seed=7 global_step=680 loss=0.05711444
TRAIN_STEP task=put_the_wine_bottle_on_the_rack seed=7 global_step=700 loss=0.06169806
TRAIN_STEP task=put_the_wine_bottle_on_the_rack seed=7 global_step=720 loss=0.05531789
TRAIN_STEP task=put_the_wine_bottle_on_the_rack seed=7 global_step=740 loss=0.05409945
TRAIN_STEP task=put_the_wine_bottle_on_the_rack seed=7 global_step=760 loss=0.05178885
TRAIN_STEP task=put_the_wine_bottle_on_the_rack seed=7 global_step=780 loss=0.05363085
TRAIN_STEP task=put_the_wine_bottle_on_the_rack seed=7 global_step=800 loss=0.05155165
TRAIN_STEP task=put_the_wine_bottle_on_the_rack seed=7 global_step=820 loss=0.05229216
TRAIN_STEP task=put_the_wine_bottle_on_the_rack seed=7 global_step=840 loss=0.05123092
TRAIN_STEP task=put_the_wine_bottle_on_the_rack seed=7 global_step=860 loss=0.05162288
TRAIN_STEP task=put_the_wine_bottle_on_the_rack seed=7 global_step=880 loss=0.05013684
TRAIN_STEP task=put_the_wine_bottle_on_the_rack seed=7 global_step=900 loss=0.05015007
TRAIN_STEP task=put_the_wine_bottle_on_the_rack seed=7 global_step=920 loss=0.05179809
TRAIN_STEP task=put_the_wine_bottle_on_the_rack seed=7 global_step=940 loss=0.04455664
TRAIN_STEP task=put_the_wine_bottle_on_the_rack seed=7 global_step=960 loss=0.04501000
TRAIN_STEP task=put_the_wine_bottle_on_the_rack seed=7 global_step=980 loss=0.04793446
TRAIN_STEP task=put_the_wine_bottle_on_the_rack seed=7 global_step=1000 loss=0.04406200
TRAIN_STEP task=put_the_wine_bottle_on_the_rack seed=7 global_step=1020 loss=0.04528574
TRAIN_STEP task=put_the_wine_bottle_on_the_rack seed=7 global_step=1040 loss=0.04251974
TRAIN_STEP task=put_the_wine_bottle_on_the_rack seed=7 global_step=1060 loss=0.04620079
TRAIN_STEP task=put_the_wine_bottle_on_the_rack seed=7 global_step=1080 loss=0.04034580
TRAIN_STEP task=put_the_wine_bottle_on_the_rack seed=7 global_step=1100 loss=0.04503081
TRAIN_STEP task=put_the_wine_bottle_on_the_rack seed=7 global_step=1120 loss=0.04323373
TRAIN_STEP task=put_the_wine_bottle_on_the_rack seed=7 global_step=1140 loss=0.04092828
TRAIN_STEP task=put_the_wine_bottle_on_the_rack seed=7 global_step=1160 loss=0.04161038
TRAIN_STEP task=put_the_wine_bottle_on_the_rack seed=7 global_step=1180 loss=0.03934221
TRAIN_STEP task=put_the_wine_bottle_on_the_rack seed=7 global_step=1200 loss=0.04001154
TRAIN_STEP task=put_the_wine_bottle_on_the_rack seed=7 global_step=1220 loss=0.03976174
TRAIN_STEP task=put_the_wine_bottle_on_the_rack seed=7 global_step=1240 loss=0.03892554
TRAIN_STEP task=put_the_wine_bottle_on_the_rack seed=7 global_step=1260 loss=0.04015131
TRAIN_STEP task=put_the_wine_bottle_on_the_rack seed=7 global_step=1280 loss=0.03806565
TRAIN_STEP task=put_the_wine_bottle_on_the_rack seed=7 global_step=1300 loss=0.03611092
TRAIN_STEP task=put_the_wine_bottle_on_the_rack seed=7 global_step=1320 loss=0.03774436
TRAIN_STEP task=put_the_wine_bottle_on_the_rack seed=7 global_step=1340 loss=0.03565674
TRAIN_STEP task=put_the_wine_bottle_on_the_rack seed=7 global_step=1360 loss=0.03711277
TRAIN_STEP task=put_the_wine_bottle_on_the_rack seed=7 global_step=1380 loss=0.03488675
TRAIN_STEP task=put_the_wine_bottle_on_the_rack seed=7 global_step=1400 loss=0.03584683
TRAIN_STEP task=put_the_wine_bottle_on_the_rack seed=7 global_step=1420 loss=0.03473441
TRAIN_STEP task=put_the_wine_bottle_on_the_rack seed=7 global_step=1440 loss=0.03249665
TRAIN_STEP task=put_the_wine_bottle_on_the_rack seed=7 global_step=1460 loss=0.03233076
TRAIN_STEP task=put_the_wine_bottle_on_the_rack seed=7 global_step=1480 loss=0.03406841
TRAIN_STEP task=put_the_wine_bottle_on_the_rack seed=7 global_step=1500 loss=0.03620493
TRAIN_STEP task=put_the_wine_bottle_on_the_rack seed=7 global_step=1520 loss=0.03502784
TRAIN_STEP task=put_the_wine_bottle_on_the_rack seed=7 global_step=1540 loss=0.03537415
TRAIN_STEP task=put_the_wine_bottle_on_the_rack seed=7 global_step=1560 loss=0.03162153
TRAIN_STEP task=put_the_wine_bottle_on_the_rack seed=7 global_step=1580 loss=0.03086023
TRAIN_STEP task=put_the_wine_bottle_on_the_rack seed=7 global_step=1600 loss=0.03154743
TRAIN_STEP task=put_the_wine_bottle_on_the_rack seed=7 global_step=1620 loss=0.02974433
TRAIN_STEP task=put_the_wine_bottle_on_the_rack seed=7 global_step=1640 loss=0.03161303
TRAIN_STEP task=put_the_wine_bottle_on_the_rack seed=7 global_step=1660 loss=0.03059923
TRAIN_STEP task=put_the_wine_bottle_on_the_rack seed=7 global_step=1680 loss=0.03006330
TRAIN_STEP task=put_the_wine_bottle_on_the_rack seed=7 global_step=1700 loss=0.02998103
TRAIN_STEP task=put_the_wine_bottle_on_the_rack seed=7 global_step=1720 loss=0.02947056
TRAIN_STEP task=put_the_wine_bottle_on_the_rack seed=7 global_step=1740 loss=0.02808847
TRAIN_STEP task=put_the_wine_bottle_on_the_rack seed=7 global_step=1760 loss=0.02851604
TRAIN_STEP task=put_the_wine_bottle_on_the_rack seed=7 global_step=1780 loss=0.02793778
TRAIN_STEP task=put_the_wine_bottle_on_the_rack seed=7 global_step=1800 loss=0.02851325
TRAIN_STEP task=put_the_wine_bottle_on_the_rack seed=7 global_step=1820 loss=0.02971357
TRAIN_STEP task=put_the_wine_bottle_on_the_rack seed=7 global_step=1840 loss=0.02786461
TRAIN_STEP task=put_the_wine_bottle_on_the_rack seed=7 global_step=1860 loss=0.02699139
TRAIN_STEP task=put_the_wine_bottle_on_the_rack seed=7 global_step=1880 loss=0.02608013
TRAIN_STEP task=put_the_wine_bottle_on_the_rack seed=7 global_step=1900 loss=0.02783084
TRAIN_STEP task=put_the_wine_bottle_on_the_rack seed=7 global_step=1920 loss=0.02714512
TRAIN_STEP task=put_the_wine_bottle_on_the_rack seed=7 global_step=1940 loss=0.02635507
TRAIN_STEP task=put_the_wine_bottle_on_the_rack seed=7 global_step=1960 loss=0.02661725
TRAIN_STEP task=put_the_wine_bottle_on_the_rack seed=7 global_step=1980 loss=0.02691421
TRAIN_STEP task=put_the_wine_bottle_on_the_rack seed=7 global_step=2000 loss=0.02549740
CHECKPOINT_COMPLETE step=2000 path=/mnt/cpfs/zbl-cpfs-new/CKPT/leon/torch/r16_p14_libero_stage1/r16p14-libero-stage1-pilot-v1/put_the_wine_bottle_on_the_rack/seed_7/step_00002000
TRAIN_STEP task=put_the_wine_bottle_on_the_rack seed=7 global_step=2020 loss=0.02497373
TRAIN_STEP task=put_the_wine_bottle_on_the_rack seed=7 global_step=2040 loss=0.02710382
TRAIN_STEP task=put_the_wine_bottle_on_the_rack seed=7 global_step=2060 loss=0.02403692
TRAIN_STEP task=put_the_wine_bottle_on_the_rack seed=7 global_step=2080 loss=0.02479216
TRAIN_STEP task=put_the_wine_bottle_on_the_rack seed=7 global_step=2100 loss=0.02330535
TRAIN_STEP task=put_the_wine_bottle_on_the_rack seed=7 global_step=2120 loss=0.02395009
TRAIN_STEP task=put_the_wine_bottle_on_the_rack seed=7 global_step=2140 loss=0.02341790
TRAIN_STEP task=put_the_wine_bottle_on_the_rack seed=7 global_step=2160 loss=0.02298070
TRAIN_STEP task=put_the_wine_bottle_on_the_rack seed=7 global_step=2180 loss=0.02407313
TRAIN_STEP task=put_the_wine_bottle_on_the_rack seed=7 global_step=2200 loss=0.02234590
TRAIN_STEP task=put_the_wine_bottle_on_the_rack seed=7 global_step=2220 loss=0.02240344
TRAIN_STEP task=put_the_wine_bottle_on_the_rack seed=7 global_step=2240 loss=0.02245947
TRAIN_STEP task=put_the_wine_bottle_on_the_rack seed=7 global_step=2260 loss=0.02193126
TRAIN_STEP task=put_the_wine_bottle_on_the_rack seed=7 global_step=2280 loss=0.02251808
TRAIN_STEP task=put_the_wine_bottle_on_the_rack seed=7 global_step=2300 loss=0.02189153
TRAIN_STEP task=put_the_wine_bottle_on_the_rack seed=7 global_step=2320 loss=0.02137306
TRAIN_STEP task=put_the_wine_bottle_on_the_rack seed=7 global_step=2340 loss=0.02050579
TRAIN_STEP task=put_the_wine_bottle_on_the_rack seed=7 global_step=2360 loss=0.02219377
TRAIN_STEP task=put_the_wine_bottle_on_the_rack seed=7 global_step=2380 loss=0.02273145
TRAIN_STEP task=put_the_wine_bottle_on_the_rack seed=7 global_step=2400 loss=0.02197393
TRAIN_STEP task=put_the_wine_bottle_on_the_rack seed=7 global_step=2420 loss=0.02248029
TRAIN_STEP task=put_the_wine_bottle_on_the_rack seed=7 global_step=2440 loss=0.01961387
TRAIN_STEP task=put_the_wine_bottle_on_the_rack seed=7 global_step=2460 loss=0.02127648
TRAIN_STEP task=put_the_wine_bottle_on_the_rack seed=7 global_step=2480 loss=0.02046820
TRAIN_STEP task=put_the_wine_bottle_on_the_rack seed=7 global_step=2500 loss=0.02170901
TRAIN_STEP task=put_the_wine_bottle_on_the_rack seed=7 global_step=2520 loss=0.02026577
TRAIN_STEP task=put_the_wine_bottle_on_the_rack seed=7 global_step=2540 loss=0.02122059
TRAIN_STEP task=put_the_wine_bottle_on_the_rack seed=7 global_step=2560 loss=0.02113508
TRAIN_STEP task=put_the_wine_bottle_on_the_rack seed=7 global_step=2580 loss=0.01961539
TRAIN_STEP task=put_the_wine_bottle_on_the_rack seed=7 global_step=2600 loss=0.01943472
TRAIN_STEP task=put_the_wine_bottle_on_the_rack seed=7 global_step=2620 loss=0.01906116
TRAIN_STEP task=put_the_wine_bottle_on_the_rack seed=7 global_step=2640 loss=0.02103488
TRAIN_STEP task=put_the_wine_bottle_on_the_rack seed=7 global_step=2660 loss=0.02066843
TRAIN_STEP task=put_the_wine_bottle_on_the_rack seed=7 global_step=2680 loss=0.01919274
TRAIN_STEP task=put_the_wine_bottle_on_the_rack seed=7 global_step=2700 loss=0.01915978
TRAIN_STEP task=put_the_wine_bottle_on_the_rack seed=7 global_step=2720 loss=0.02000535
TRAIN_STEP task=put_the_wine_bottle_on_the_rack seed=7 global_step=2740 loss=0.01818119
TRAIN_STEP task=put_the_wine_bottle_on_the_rack seed=7 global_step=2760 loss=0.01924076
TRAIN_STEP task=put_the_wine_bottle_on_the_rack seed=7 global_step=2780 loss=0.01728323
TRAIN_STEP task=put_the_wine_bottle_on_the_rack seed=7 global_step=2800 loss=0.01916764
TRAIN_STEP task=put_the_wine_bottle_on_the_rack seed=7 global_step=2820 loss=0.01895250
TRAIN_STEP task=put_the_wine_bottle_on_the_rack seed=7 global_step=2840 loss=0.01755939
TRAIN_STEP task=put_the_wine_bottle_on_the_rack seed=7 global_step=2860 loss=0.01814712
TRAIN_STEP task=put_the_wine_bottle_on_the_rack seed=7 global_step=2880 loss=0.01848816
TRAIN_STEP task=put_the_wine_bottle_on_the_rack seed=7 global_step=2900 loss=0.01767555
TRAIN_STEP task=put_the_wine_bottle_on_the_rack seed=7 global_step=2920 loss=0.01905812
TRAIN_STEP task=put_the_wine_bottle_on_the_rack seed=7 global_step=2940 loss=0.01790592
TRAIN_STEP task=put_the_wine_bottle_on_the_rack seed=7 global_step=2960 loss=0.01810898
TRAIN_STEP task=put_the_wine_bottle_on_the_rack seed=7 global_step=2980 loss=0.01763081
TRAIN_STEP task=put_the_wine_bottle_on_the_rack seed=7 global_step=3000 loss=0.01612236
TRAIN_STEP task=put_the_wine_bottle_on_the_rack seed=7 global_step=3020 loss=0.01727559
TRAIN_STEP task=put_the_wine_bottle_on_the_rack seed=7 global_step=3040 loss=0.01627945
TRAIN_STEP task=put_the_wine_bottle_on_the_rack seed=7 global_step=3060 loss=0.01575172
TRAIN_STEP task=put_the_wine_bottle_on_the_rack seed=7 global_step=3080 loss=0.01563795
TRAIN_STEP task=put_the_wine_bottle_on_the_rack seed=7 global_step=3100 loss=0.01595332
TRAIN_STEP task=put_the_wine_bottle_on_the_rack seed=7 global_step=3120 loss=0.01716262
TRAIN_STEP task=put_the_wine_bottle_on_the_rack seed=7 global_step=3140 loss=0.01577571
TRAIN_STEP task=put_the_wine_bottle_on_the_rack seed=7 global_step=3160 loss=0.01543110
TRAIN_STEP task=put_the_wine_bottle_on_the_rack seed=7 global_step=3180 loss=0.01584958
TRAIN_STEP task=put_the_wine_bottle_on_the_rack seed=7 global_step=3200 loss=0.01516671
TRAIN_STEP task=put_the_wine_bottle_on_the_rack seed=7 global_step=3220 loss=0.01502181
TRAIN_STEP task=put_the_wine_bottle_on_the_rack seed=7 global_step=3240 loss=0.01499136
TRAIN_STEP task=put_the_wine_bottle_on_the_rack seed=7 global_step=3260 loss=0.01623408
TRAIN_STEP task=put_the_wine_bottle_on_the_rack seed=7 global_step=3280 loss=0.01540697
TRAIN_STEP task=put_the_wine_bottle_on_the_rack seed=7 global_step=3300 loss=0.01633404
TRAIN_STEP task=put_the_wine_bottle_on_the_rack seed=7 global_step=3320 loss=0.01559784
TRAIN_STEP task=put_the_wine_bottle_on_the_rack seed=7 global_step=3340 loss=0.01503697
TRAIN_STEP task=put_the_wine_bottle_on_the_rack seed=7 global_step=3360 loss=0.01671948
TRAIN_STEP task=put_the_wine_bottle_on_the_rack seed=7 global_step=3380 loss=0.01671374
TRAIN_STEP task=put_the_wine_bottle_on_the_rack seed=7 global_step=3400 loss=0.01520382
TRAIN_STEP task=put_the_wine_bottle_on_the_rack seed=7 global_step=3420 loss=0.01568031
TRAIN_STEP task=put_the_wine_bottle_on_the_rack seed=7 global_step=3440 loss=0.01494585
TRAIN_STEP task=put_the_wine_bottle_on_the_rack seed=7 global_step=3460 loss=0.01657511
TRAIN_STEP task=put_the_wine_bottle_on_the_rack seed=7 global_step=3480 loss=0.01575028
TRAIN_STEP task=put_the_wine_bottle_on_the_rack seed=7 global_step=3500 loss=0.01508814
TRAIN_STEP task=put_the_wine_bottle_on_the_rack seed=7 global_step=3520 loss=0.01497009
TRAIN_STEP task=put_the_wine_bottle_on_the_rack seed=7 global_step=3540 loss=0.01578707
TRAIN_STEP task=put_the_wine_bottle_on_the_rack seed=7 global_step=3560 loss=0.01499823
TRAIN_STEP task=put_the_wine_bottle_on_the_rack seed=7 global_step=3580 loss=0.01495265
TRAIN_STEP task=put_the_wine_bottle_on_the_rack seed=7 global_step=3600 loss=0.01403924
TRAIN_STEP task=put_the_wine_bottle_on_the_rack seed=7 global_step=3620 loss=0.01506099
TRAIN_STEP task=put_the_wine_bottle_on_the_rack seed=7 global_step=3640 loss=0.01433628
TRAIN_STEP task=put_the_wine_bottle_on_the_rack seed=7 global_step=3660 loss=0.01368840
TRAIN_STEP task=put_the_wine_bottle_on_the_rack seed=7 global_step=3680 loss=0.01377144
TRAIN_STEP task=put_the_wine_bottle_on_the_rack seed=7 global_step=3700 loss=0.01490016
TRAIN_STEP task=put_the_wine_bottle_on_the_rack seed=7 global_step=3720 loss=0.01446375
TRAIN_STEP task=put_the_wine_bottle_on_the_rack seed=7 global_step=3740 loss=0.01360148
TRAIN_STEP task=put_the_wine_bottle_on_the_rack seed=7 global_step=3760 loss=0.01347973
TRAIN_STEP task=put_the_wine_bottle_on_the_rack seed=7 global_step=3780 loss=0.01495083
TRAIN_STEP task=put_the_wine_bottle_on_the_rack seed=7 global_step=3800 loss=0.01428247
TRAIN_STEP task=put_the_wine_bottle_on_the_rack seed=7 global_step=3820 loss=0.01382832
TRAIN_STEP task=put_the_wine_bottle_on_the_rack seed=7 global_step=3840 loss=0.01289323
TRAIN_STEP task=put_the_wine_bottle_on_the_rack seed=7 global_step=3860 loss=0.01478759
TRAIN_STEP task=put_the_wine_bottle_on_the_rack seed=7 global_step=3880 loss=0.01361764
TRAIN_STEP task=put_the_wine_bottle_on_the_rack seed=7 global_step=3900 loss=0.01336126
TRAIN_STEP task=put_the_wine_bottle_on_the_rack seed=7 global_step=3920 loss=0.01288451
TRAIN_STEP task=put_the_wine_bottle_on_the_rack seed=7 global_step=3940 loss=0.01321647
TRAIN_STEP task=put_the_wine_bottle_on_the_rack seed=7 global_step=3960 loss=0.01379844
TRAIN_STEP task=put_the_wine_bottle_on_the_rack seed=7 global_step=3980 loss=0.01351729
TRAIN_STEP task=put_the_wine_bottle_on_the_rack seed=7 global_step=4000 loss=0.01256706
CHECKPOINT_COMPLETE step=4000 path=/mnt/cpfs/zbl-cpfs-new/CKPT/leon/torch/r16_p14_libero_stage1/r16p14-libero-stage1-pilot-v1/put_the_wine_bottle_on_the_rack/seed_7/step_00004000
TRAIN_STEP task=put_the_wine_bottle_on_the_rack seed=7 global_step=4020 loss=0.01289022
TRAIN_STEP task=put_the_wine_bottle_on_the_rack seed=7 global_step=4040 loss=0.01336557
TRAIN_STEP task=put_the_wine_bottle_on_the_rack seed=7 global_step=4060 loss=0.01318839
TRAIN_STEP task=put_the_wine_bottle_on_the_rack seed=7 global_step=4080 loss=0.01303565
TRAIN_STEP task=put_the_wine_bottle_on_the_rack seed=7 global_step=4100 loss=0.01247480
TRAIN_STEP task=put_the_wine_bottle_on_the_rack seed=7 global_step=4120 loss=0.01369761
TRAIN_STEP task=put_the_wine_bottle_on_the_rack seed=7 global_step=4140 loss=0.01318741
TRAIN_STEP task=put_the_wine_bottle_on_the_rack seed=7 global_step=4160 loss=0.01345494
TRAIN_STEP task=put_the_wine_bottle_on_the_rack seed=7 global_step=4180 loss=0.01321421
TRAIN_STEP task=put_the_wine_bottle_on_the_rack seed=7 global_step=4200 loss=0.01329702
TRAIN_STEP task=put_the_wine_bottle_on_the_rack seed=7 global_step=4220 loss=0.01244343
TRAIN_STEP task=put_the_wine_bottle_on_the_rack seed=7 global_step=4240 loss=0.01204382
TRAIN_STEP task=put_the_wine_bottle_on_the_rack seed=7 global_step=4260 loss=0.01237516
TRAIN_STEP task=put_the_wine_bottle_on_the_rack seed=7 global_step=4280 loss=0.01240959
TRAIN_STEP task=put_the_wine_bottle_on_the_rack seed=7 global_step=4300 loss=0.01246813
TRAIN_STEP task=put_the_wine_bottle_on_the_rack seed=7 global_step=4320 loss=0.01255482
TRAIN_STEP task=put_the_wine_bottle_on_the_rack seed=7 global_step=4340 loss=0.01243715
TRAIN_STEP task=put_the_wine_bottle_on_the_rack seed=7 global_step=4360 loss=0.01246510
TRAIN_STEP task=put_the_wine_bottle_on_the_rack seed=7 global_step=4380 loss=0.01273382
TRAIN_STEP task=put_the_wine_bottle_on_the_rack seed=7 global_step=4400 loss=0.01302262
TRAIN_STEP task=put_the_wine_bottle_on_the_rack seed=7 global_step=4420 loss=0.01267714
TRAIN_STEP task=put_the_wine_bottle_on_the_rack seed=7 global_step=4440 loss=0.01248584
TRAIN_STEP task=put_the_wine_bottle_on_the_rack seed=7 global_step=4460 loss=0.01222594
TRAIN_STEP task=put_the_wine_bottle_on_the_rack seed=7 global_step=4480 loss=0.01172688
TRAIN_STEP task=put_the_wine_bottle_on_the_rack seed=7 global_step=4500 loss=0.01318423
TRAIN_STEP task=put_the_wine_bottle_on_the_rack seed=7 global_step=4520 loss=0.01185846
TRAIN_STEP task=put_the_wine_bottle_on_the_rack seed=7 global_step=4540 loss=0.01266469
TRAIN_STEP task=put_the_wine_bottle_on_the_rack seed=7 global_step=4560 loss=0.01214156
TRAIN_STEP task=put_the_wine_bottle_on_the_rack seed=7 global_step=4580 loss=0.01217579
TRAIN_STEP task=put_the_wine_bottle_on_the_rack seed=7 global_step=4600 loss=0.01272466
TRAIN_STEP task=put_the_wine_bottle_on_the_rack seed=7 global_step=4620 loss=0.01196002
TRAIN_STEP task=put_the_wine_bottle_on_the_rack seed=7 global_step=4640 loss=0.01166616
TRAIN_STEP task=put_the_wine_bottle_on_the_rack seed=7 global_step=4660 loss=0.01265052
TRAIN_STEP task=put_the_wine_bottle_on_the_rack seed=7 global_step=4680 loss=0.01181341
TRAIN_STEP task=put_the_wine_bottle_on_the_rack seed=7 global_step=4700 loss=0.01306439
TRAIN_STEP task=put_the_wine_bottle_on_the_rack seed=7 global_step=4720 loss=0.01260597
TRAIN_STEP task=put_the_wine_bottle_on_the_rack seed=7 global_step=4740 loss=0.01134169
TRAIN_STEP task=put_the_wine_bottle_on_the_rack seed=7 global_step=4760 loss=0.01126640
TRAIN_STEP task=put_the_wine_bottle_on_the_rack seed=7 global_step=4780 loss=0.01117470
TRAIN_STEP task=put_the_wine_bottle_on_the_rack seed=7 global_step=4800 loss=0.01292919
TRAIN_STEP task=put_the_wine_bottle_on_the_rack seed=7 global_step=4820 loss=0.01197219
TRAIN_STEP task=put_the_wine_bottle_on_the_rack seed=7 global_step=4840 loss=0.01120777
TRAIN_STEP task=put_the_wine_bottle_on_the_rack seed=7 global_step=4860 loss=0.01086173
TRAIN_STEP task=put_the_wine_bottle_on_the_rack seed=7 global_step=4880 loss=0.01151317
TRAIN_STEP task=put_the_wine_bottle_on_the_rack seed=7 global_step=4900 loss=0.01228477
TRAIN_STEP task=put_the_wine_bottle_on_the_rack seed=7 global_step=4920 loss=0.01226837
TRAIN_STEP task=put_the_wine_bottle_on_the_rack seed=7 global_step=4940 loss=0.01125933
TRAIN_STEP task=put_the_wine_bottle_on_the_rack seed=7 global_step=4960 loss=0.01191984
TRAIN_STEP task=put_the_wine_bottle_on_the_rack seed=7 global_step=4980 loss=0.01105443
TRAIN_STEP task=put_the_wine_bottle_on_the_rack seed=7 global_step=5000 loss=0.01129630
TRAIN_STEP task=put_the_wine_bottle_on_the_rack seed=7 global_step=5020 loss=0.01051421
TRAIN_STEP task=put_the_wine_bottle_on_the_rack seed=7 global_step=5040 loss=0.01142118
TRAIN_STEP task=put_the_wine_bottle_on_the_rack seed=7 global_step=5060 loss=0.01137090
TRAIN_STEP task=put_the_wine_bottle_on_the_rack seed=7 global_step=5080 loss=0.01183063
TRAIN_STEP task=put_the_wine_bottle_on_the_rack seed=7 global_step=5100 loss=0.01034723
TRAIN_STEP task=put_the_wine_bottle_on_the_rack seed=7 global_step=5120 loss=0.01109256
TRAIN_STEP task=put_the_wine_bottle_on_the_rack seed=7 global_step=5140 loss=0.01148704
TRAIN_STEP task=put_the_wine_bottle_on_the_rack seed=7 global_step=5160 loss=0.01056761
TRAIN_STEP task=put_the_wine_bottle_on_the_rack seed=7 global_step=5180 loss=0.01097332
TRAIN_STEP task=put_the_wine_bottle_on_the_rack seed=7 global_step=5200 loss=0.01143275
TRAIN_STEP task=put_the_wine_bottle_on_the_rack seed=7 global_step=5220 loss=0.01152390
TRAIN_STEP task=put_the_wine_bottle_on_the_rack seed=7 global_step=5240 loss=0.01179919
TRAIN_STEP task=put_the_wine_bottle_on_the_rack seed=7 global_step=5260 loss=0.01204992
TRAIN_STEP task=put_the_wine_bottle_on_the_rack seed=7 global_step=5280 loss=0.01155171
TRAIN_STEP task=put_the_wine_bottle_on_the_rack seed=7 global_step=5300 loss=0.01037832
TRAIN_STEP task=put_the_wine_bottle_on_the_rack seed=7 global_step=5320 loss=0.01143372
TRAIN_STEP task=put_the_wine_bottle_on_the_rack seed=7 global_step=5340 loss=0.01091878
TRAIN_STEP task=put_the_wine_bottle_on_the_rack seed=7 global_step=5360 loss=0.01087173
TRAIN_STEP task=put_the_wine_bottle_on_the_rack seed=7 global_step=5380 loss=0.01020390
TRAIN_STEP task=put_the_wine_bottle_on_the_rack seed=7 global_step=5400 loss=0.01105049
TRAIN_STEP task=put_the_wine_bottle_on_the_rack seed=7 global_step=5420 loss=0.01132675
TRAIN_STEP task=put_the_wine_bottle_on_the_rack seed=7 global_step=5440 loss=0.01026122
TRAIN_STEP task=put_the_wine_bottle_on_the_rack seed=7 global_step=5460 loss=0.01133378
TRAIN_STEP task=put_the_wine_bottle_on_the_rack seed=7 global_step=5480 loss=0.01043123
TRAIN_STEP task=put_the_wine_bottle_on_the_rack seed=7 global_step=5500 loss=0.01104528
TRAIN_STEP task=put_the_wine_bottle_on_the_rack seed=7 global_step=5520 loss=0.01133879
TRAIN_STEP task=put_the_wine_bottle_on_the_rack seed=7 global_step=5540 loss=0.01095511
TRAIN_STEP task=put_the_wine_bottle_on_the_rack seed=7 global_step=5560 loss=0.01102643
TRAIN_STEP task=put_the_wine_bottle_on_the_rack seed=7 global_step=5580 loss=0.01025704
TRAIN_STEP task=put_the_wine_bottle_on_the_rack seed=7 global_step=5600 loss=0.01079017
TRAIN_STEP task=put_the_wine_bottle_on_the_rack seed=7 global_step=5620 loss=0.01019575
TRAIN_STEP task=put_the_wine_bottle_on_the_rack seed=7 global_step=5640 loss=0.01089119
TRAIN_STEP task=put_the_wine_bottle_on_the_rack seed=7 global_step=5660 loss=0.01071907
TRAIN_STEP task=put_the_wine_bottle_on_the_rack seed=7 global_step=5680 loss=0.01105386
TRAIN_STEP task=put_the_wine_bottle_on_the_rack seed=7 global_step=5700 loss=0.00996002
TRAIN_STEP task=put_the_wine_bottle_on_the_rack seed=7 global_step=5720 loss=0.00983870
TRAIN_STEP task=put_the_wine_bottle_on_the_rack seed=7 global_step=5740 loss=0.01035107
TRAIN_STEP task=put_the_wine_bottle_on_the_rack seed=7 global_step=5760 loss=0.01069886
TRAIN_STEP task=put_the_wine_bottle_on_the_rack seed=7 global_step=5780 loss=0.01041415
TRAIN_STEP task=put_the_wine_bottle_on_the_rack seed=7 global_step=5800 loss=0.01082232
TRAIN_STEP task=put_the_wine_bottle_on_the_rack seed=7 global_step=5820 loss=0.01041670
TRAIN_STEP task=put_the_wine_bottle_on_the_rack seed=7 global_step=5840 loss=0.01094494
TRAIN_STEP task=put_the_wine_bottle_on_the_rack seed=7 global_step=5860 loss=0.01123236
TRAIN_STEP task=put_the_wine_bottle_on_the_rack seed=7 global_step=5880 loss=0.01105374
TRAIN_STEP task=put_the_wine_bottle_on_the_rack seed=7 global_step=5900 loss=0.01065657
TRAIN_STEP task=put_the_wine_bottle_on_the_rack seed=7 global_step=5920 loss=0.01064748
TRAIN_STEP task=put_the_wine_bottle_on_the_rack seed=7 global_step=5940 loss=0.01022095
TRAIN_STEP task=put_the_wine_bottle_on_the_rack seed=7 global_step=5960 loss=0.01063546
TRAIN_STEP task=put_the_wine_bottle_on_the_rack seed=7 global_step=5980 loss=0.01128935
TRAIN_STEP task=put_the_wine_bottle_on_the_rack seed=7 global_step=6000 loss=0.01027540
CHECKPOINT_COMPLETE step=6000 path=/mnt/cpfs/zbl-cpfs-new/CKPT/leon/torch/r16_p14_libero_stage1/r16p14-libero-stage1-pilot-v1/put_the_wine_bottle_on_the_rack/seed_7/step_00006000
TRAIN_STEP task=put_the_wine_bottle_on_the_rack seed=7 global_step=6020 loss=0.00980166
TRAIN_STEP task=put_the_wine_bottle_on_the_rack seed=7 global_step=6040 loss=0.01058726
TRAIN_STEP task=put_the_wine_bottle_on_the_rack seed=7 global_step=6060 loss=0.01081398
TRAIN_STEP task=put_the_wine_bottle_on_the_rack seed=7 global_step=6080 loss=0.01114895
TRAIN_STEP task=put_the_wine_bottle_on_the_rack seed=7 global_step=6100 loss=0.01049965
TRAIN_STEP task=put_the_wine_bottle_on_the_rack seed=7 global_step=6120 loss=0.00951259
TRAIN_STEP task=put_the_wine_bottle_on_the_rack seed=7 global_step=6140 loss=0.01074950
TRAIN_STEP task=put_the_wine_bottle_on_the_rack seed=7 global_step=6160 loss=0.01019449
TRAIN_STEP task=put_the_wine_bottle_on_the_rack seed=7 global_step=6180 loss=0.01102205
TRAIN_STEP task=put_the_wine_bottle_on_the_rack seed=7 global_step=6200 loss=0.01084682
TRAIN_STEP task=put_the_wine_bottle_on_the_rack seed=7 global_step=6220 loss=0.00972573
TRAIN_STEP task=put_the_wine_bottle_on_the_rack seed=7 global_step=6240 loss=0.01066933
TRAIN_STEP task=put_the_wine_bottle_on_the_rack seed=7 global_step=6260 loss=0.01034553
TRAIN_STEP task=put_the_wine_bottle_on_the_rack seed=7 global_step=6280 loss=0.00990678
TRAIN_STEP task=put_the_wine_bottle_on_the_rack seed=7 global_step=6300 loss=0.01056124
TRAIN_STEP task=put_the_wine_bottle_on_the_rack seed=7 global_step=6320 loss=0.01011920
TRAIN_STEP task=put_the_wine_bottle_on_the_rack seed=7 global_step=6340 loss=0.00994855
TRAIN_STEP task=put_the_wine_bottle_on_the_rack seed=7 global_step=6360 loss=0.00991757
TRAIN_STEP task=put_the_wine_bottle_on_the_rack seed=7 global_step=6380 loss=0.01091869
TRAIN_STEP task=put_the_wine_bottle_on_the_rack seed=7 global_step=6400 loss=0.00947420
TRAIN_STEP task=put_the_wine_bottle_on_the_rack seed=7 global_step=6420 loss=0.00956355
TRAIN_STEP task=put_the_wine_bottle_on_the_rack seed=7 global_step=6440 loss=0.01048677
TRAIN_STEP task=put_the_wine_bottle_on_the_rack seed=7 global_step=6460 loss=0.01039082
TRAIN_STEP task=put_the_wine_bottle_on_the_rack seed=7 global_step=6480 loss=0.01001594
TRAIN_STEP task=put_the_wine_bottle_on_the_rack seed=7 global_step=6500 loss=0.01051327
TRAIN_STEP task=put_the_wine_bottle_on_the_rack seed=7 global_step=6520 loss=0.01005920
TRAIN_STEP task=put_the_wine_bottle_on_the_rack seed=7 global_step=6540 loss=0.01057950
TRAIN_STEP task=put_the_wine_bottle_on_the_rack seed=7 global_step=6560 loss=0.00977874
TRAIN_STEP task=put_the_wine_bottle_on_the_rack seed=7 global_step=6580 loss=0.01039261
TRAIN_STEP task=put_the_wine_bottle_on_the_rack seed=7 global_step=6600 loss=0.00940733
TRAIN_STEP task=put_the_wine_bottle_on_the_rack seed=7 global_step=6620 loss=0.00914646
TRAIN_STEP task=put_the_wine_bottle_on_the_rack seed=7 global_step=6640 loss=0.01037138
TRAIN_STEP task=put_the_wine_bottle_on_the_rack seed=7 global_step=6660 loss=0.00966492
TRAIN_STEP task=put_the_wine_bottle_on_the_rack seed=7 global_step=6680 loss=0.00990133
TRAIN_STEP task=put_the_wine_bottle_on_the_rack seed=7 global_step=6700 loss=0.00974507
TRAIN_STEP task=put_the_wine_bottle_on_the_rack seed=7 global_step=6720 loss=0.00954871
TRAIN_STEP task=put_the_wine_bottle_on_the_rack seed=7 global_step=6740 loss=0.01052487
TRAIN_STEP task=put_the_wine_bottle_on_the_rack seed=7 global_step=6760 loss=0.00948794
TRAIN_STEP task=put_the_wine_bottle_on_the_rack seed=7 global_step=6780 loss=0.00978189
TRAIN_STEP task=put_the_wine_bottle_on_the_rack seed=7 global_step=6800 loss=0.00995279
TRAIN_STEP task=put_the_wine_bottle_on_the_rack seed=7 global_step=6820 loss=0.01030559
TRAIN_STEP task=put_the_wine_bottle_on_the_rack seed=7 global_step=6840 loss=0.01052561
TRAIN_STEP task=put_the_wine_bottle_on_the_rack seed=7 global_step=6860 loss=0.01013289
TRAIN_STEP task=put_the_wine_bottle_on_the_rack seed=7 global_step=6880 loss=0.01008127
TRAIN_STEP task=put_the_wine_bottle_on_the_rack seed=7 global_step=6900 loss=0.01012180
TRAIN_STEP task=put_the_wine_bottle_on_the_rack seed=7 global_step=6920 loss=0.01010535
TRAIN_STEP task=put_the_wine_bottle_on_the_rack seed=7 global_step=6940 loss=0.01039950
TRAIN_STEP task=put_the_wine_bottle_on_the_rack seed=7 global_step=6960 loss=0.01004890
TRAIN_STEP task=put_the_wine_bottle_on_the_rack seed=7 global_step=6980 loss=0.01056067
TRAIN_STEP task=put_the_wine_bottle_on_the_rack seed=7 global_step=7000 loss=0.00988909
TRAIN_STEP task=put_the_wine_bottle_on_the_rack seed=7 global_step=7020 loss=0.01011355
TRAIN_STEP task=put_the_wine_bottle_on_the_rack seed=7 global_step=7040 loss=0.00925940
TRAIN_STEP task=put_the_wine_bottle_on_the_rack seed=7 global_step=7060 loss=0.01012232
TRAIN_STEP task=put_the_wine_bottle_on_the_rack seed=7 global_step=7080 loss=0.00949773
TRAIN_STEP task=put_the_wine_bottle_on_the_rack seed=7 global_step=7100 loss=0.00962671
TRAIN_STEP task=put_the_wine_bottle_on_the_rack seed=7 global_step=7120 loss=0.01029079
TRAIN_STEP task=put_the_wine_bottle_on_the_rack seed=7 global_step=7140 loss=0.01012074
TRAIN_STEP task=put_the_wine_bottle_on_the_rack seed=7 global_step=7160 loss=0.01088288
TRAIN_STEP task=put_the_wine_bottle_on_the_rack seed=7 global_step=7180 loss=0.00966661
TRAIN_STEP task=put_the_wine_bottle_on_the_rack seed=7 global_step=7200 loss=0.01027779
TRAIN_STEP task=put_the_wine_bottle_on_the_rack seed=7 global_step=7220 loss=0.01036249
TRAIN_STEP task=put_the_wine_bottle_on_the_rack seed=7 global_step=7240 loss=0.01062914
TRAIN_STEP task=put_the_wine_bottle_on_the_rack seed=7 global_step=7260 loss=0.01016529
TRAIN_STEP task=put_the_wine_bottle_on_the_rack seed=7 global_step=7280 loss=0.00938819
TRAIN_STEP task=put_the_wine_bottle_on_the_rack seed=7 global_step=7300 loss=0.00981210
TRAIN_STEP task=put_the_wine_bottle_on_the_rack seed=7 global_step=7320 loss=0.00945368
TRAIN_STEP task=put_the_wine_bottle_on_the_rack seed=7 global_step=7340 loss=0.00933721
TRAIN_STEP task=put_the_wine_bottle_on_the_rack seed=7 global_step=7360 loss=0.01019441
TRAIN_STEP task=put_the_wine_bottle_on_the_rack seed=7 global_step=7380 loss=0.00972214
TRAIN_STEP task=put_the_wine_bottle_on_the_rack seed=7 global_step=7400 loss=0.01069580
TRAIN_STEP task=put_the_wine_bottle_on_the_rack seed=7 global_step=7420 loss=0.01052241
TRAIN_STEP task=put_the_wine_bottle_on_the_rack seed=7 global_step=7440 loss=0.00966555
TRAIN_STEP task=put_the_wine_bottle_on_the_rack seed=7 global_step=7460 loss=0.00955506
TRAIN_STEP task=put_the_wine_bottle_on_the_rack seed=7 global_step=7480 loss=0.00967474
TRAIN_STEP task=put_the_wine_bottle_on_the_rack seed=7 global_step=7500 loss=0.00997277
TRAIN_STEP task=put_the_wine_bottle_on_the_rack seed=7 global_step=7520 loss=0.01016640
TRAIN_STEP task=put_the_wine_bottle_on_the_rack seed=7 global_step=7540 loss=0.00937845
TRAIN_STEP task=put_the_wine_bottle_on_the_rack seed=7 global_step=7560 loss=0.01028063
TRAIN_STEP task=put_the_wine_bottle_on_the_rack seed=7 global_step=7580 loss=0.01014243
TRAIN_STEP task=put_the_wine_bottle_on_the_rack seed=7 global_step=7600 loss=0.00981470
TRAIN_STEP task=put_the_wine_bottle_on_the_rack seed=7 global_step=7620 loss=0.00971503
TRAIN_STEP task=put_the_wine_bottle_on_the_rack seed=7 global_step=7640 loss=0.00975144
TRAIN_STEP task=put_the_wine_bottle_on_the_rack seed=7 global_step=7660 loss=0.01043979
TRAIN_STEP task=put_the_wine_bottle_on_the_rack seed=7 global_step=7680 loss=0.00932714
TRAIN_STEP task=put_the_wine_bottle_on_the_rack seed=7 global_step=7700 loss=0.00979059
TRAIN_STEP task=put_the_wine_bottle_on_the_rack seed=7 global_step=7720 loss=0.00981674
TRAIN_STEP task=put_the_wine_bottle_on_the_rack seed=7 global_step=7740 loss=0.01012288
TRAIN_STEP task=put_the_wine_bottle_on_the_rack seed=7 global_step=7760 loss=0.01043101
TRAIN_STEP task=put_the_wine_bottle_on_the_rack seed=7 global_step=7780 loss=0.01035128
TRAIN_STEP task=put_the_wine_bottle_on_the_rack seed=7 global_step=7800 loss=0.00978698
TRAIN_STEP task=put_the_wine_bottle_on_the_rack seed=7 global_step=7820 loss=0.00883716
TRAIN_STEP task=put_the_wine_bottle_on_the_rack seed=7 global_step=7840 loss=0.01046599
TRAIN_STEP task=put_the_wine_bottle_on_the_rack seed=7 global_step=7860 loss=0.01024294
TRAIN_STEP task=put_the_wine_bottle_on_the_rack seed=7 global_step=7880 loss=0.01030003
TRAIN_STEP task=put_the_wine_bottle_on_the_rack seed=7 global_step=7900 loss=0.00996901
TRAIN_STEP task=put_the_wine_bottle_on_the_rack seed=7 global_step=7920 loss=0.01013453
TRAIN_STEP task=put_the_wine_bottle_on_the_rack seed=7 global_step=7940 loss=0.00974973
TRAIN_STEP task=put_the_wine_bottle_on_the_rack seed=7 global_step=7960 loss=0.00984142
TRAIN_STEP task=put_the_wine_bottle_on_the_rack seed=7 global_step=7980 loss=0.01043675
TRAIN_STEP task=put_the_wine_bottle_on_the_rack seed=7 global_step=8000 loss=0.00994153
CHECKPOINT_COMPLETE step=8000 path=/mnt/cpfs/zbl-cpfs-new/CKPT/leon/torch/r16_p14_libero_stage1/r16p14-libero-stage1-pilot-v1/put_the_wine_bottle_on_the_rack/seed_7/step_00008000
wandb: - 0.003 MB of 0.009 MB uploadedwandb: \ 0.004 MB of 0.043 MB uploadedwandb: | 0.043 MB of 0.043 MB uploadedwandb: / 0.043 MB of 0.043 MB uploadedwandb: - 0.043 MB of 0.043 MB uploadedwandb:                                                                                
wandb: 
wandb: Run history:
wandb:   train/global_step ▁▁▁▁▂▂▂▂▂▃▃▃▃▃▃▄▄▄▄▄▅▅▅▅▅▅▆▆▆▆▆▇▇▇▇▇▇███
wandb: train/learning_rate ███████▇▇▇▇▇▆▆▆▆▆▅▅▅▄▄▄▄▃▃▃▃▂▂▂▂▂▁▁▁▁▁▁▁
wandb:          train/loss █▅▄▄▃▃▃▂▂▂▂▂▂▁▁▁▁▁▁▁▁▁▁▁▁▁▁▁▁▁▁▁▁▁▁▁▁▁▁▁
wandb: 
wandb: Run summary:
wandb:   latest_checkpoint /mnt/cpfs/zbl-cpfs-n...
wandb:                loss 0.00994
wandb:              run_id r16p14-libero-stage1...
wandb:                seed 7
wandb:                step 8000
wandb:                task put_the_wine_bottle_...
wandb:   train/global_step 8000
wandb: train/learning_rate 0.0
wandb:          train/loss 0.00994
wandb: 
wandb: 🚀 View run put_the_wine_bottle_on_the_rack-seed-7 at: https://wandb.ai/chen_jian-cj-workspace/r16-p14-libero-stage1/runs/r16p14-libero-stage1-pilot-v1-put_the_wine_bottle_on_the_rack-seed-7
wandb: ⭐️ View project at: https://wandb.ai/chen_jian-cj-workspace/r16-p14-libero-stage1
wandb: Synced 5 W&B file(s), 0 media file(s), 0 artifact file(s) and 0 other file(s)
wandb: Find logs at: ./cache/wandb/wandb/run-20260812_225913-r16p14-libero-stage1-pilot-v1-put_the_wine_bottle_on_the_rack-seed-7/logs
AUTO_RESUME=0 RUN_ID=r16p14-libero-stage1-pilot-v1 task=put_the_wine_bottle_on_the_rack seed=17 RESUME_FLAG=false checkpoint=none
wandb: - Waiting for wandb.init()...wandb: \ Waiting for wandb.init()...wandb: Tracking run with wandb version 0.16.6
wandb: Run data is saved locally in /mnt/cpfs/zbl-cpfs-new/USERS/leon/logs/r16_p14_libero_stage1/pai/r16p14-libero-stage1-20260812-144626/cache/wandb/wandb/run-20260812_225947-r16p14-libero-stage1-pilot-v1-put_the_wine_bottle_on_the_rack-seed-17
wandb: Run `wandb offline` to turn off syncing.
wandb: Syncing run put_the_wine_bottle_on_the_rack-seed-17
wandb: ⭐️ View project at https://wandb.ai/chen_jian-cj-workspace/r16-p14-libero-stage1
wandb: 🚀 View run at https://wandb.ai/chen_jian-cj-workspace/r16-p14-libero-stage1/runs/r16p14-libero-stage1-pilot-v1-put_the_wine_bottle_on_the_rack-seed-17
TRAIN_STEP task=put_the_wine_bottle_on_the_rack seed=17 global_step=1 loss=0.42447034
TRAIN_STEP task=put_the_wine_bottle_on_the_rack seed=17 global_step=20 loss=0.27128547
TRAIN_STEP task=put_the_wine_bottle_on_the_rack seed=17 global_step=40 loss=0.19204208
TRAIN_STEP task=put_the_wine_bottle_on_the_rack seed=17 global_step=60 loss=0.15069324
TRAIN_STEP task=put_the_wine_bottle_on_the_rack seed=17 global_step=80 loss=0.13869692
TRAIN_STEP task=put_the_wine_bottle_on_the_rack seed=17 global_step=100 loss=0.12601197
TRAIN_STEP task=put_the_wine_bottle_on_the_rack seed=17 global_step=120 loss=0.12068673
TRAIN_STEP task=put_the_wine_bottle_on_the_rack seed=17 global_step=140 loss=0.11020634
TRAIN_STEP task=put_the_wine_bottle_on_the_rack seed=17 global_step=160 loss=0.11301176
TRAIN_STEP task=put_the_wine_bottle_on_the_rack seed=17 global_step=180 loss=0.10266460
TRAIN_STEP task=put_the_wine_bottle_on_the_rack seed=17 global_step=200 loss=0.09987311
TRAIN_STEP task=put_the_wine_bottle_on_the_rack seed=17 global_step=220 loss=0.09624942
TRAIN_STEP task=put_the_wine_bottle_on_the_rack seed=17 global_step=240 loss=0.09186317
TRAIN_STEP task=put_the_wine_bottle_on_the_rack seed=17 global_step=260 loss=0.09574225
TRAIN_STEP task=put_the_wine_bottle_on_the_rack seed=17 global_step=280 loss=0.08557265
TRAIN_STEP task=put_the_wine_bottle_on_the_rack seed=17 global_step=300 loss=0.08479088
TRAIN_STEP task=put_the_wine_bottle_on_the_rack seed=17 global_step=320 loss=0.08120289
TRAIN_STEP task=put_the_wine_bottle_on_the_rack seed=17 global_step=340 loss=0.07678835
TRAIN_STEP task=put_the_wine_bottle_on_the_rack seed=17 global_step=360 loss=0.07777082
TRAIN_STEP task=put_the_wine_bottle_on_the_rack seed=17 global_step=380 loss=0.07957599
TRAIN_STEP task=put_the_wine_bottle_on_the_rack seed=17 global_step=400 loss=0.07517125
TRAIN_STEP task=put_the_wine_bottle_on_the_rack seed=17 global_step=420 loss=0.07089082
TRAIN_STEP task=put_the_wine_bottle_on_the_rack seed=17 global_step=440 loss=0.07418252
TRAIN_STEP task=put_the_wine_bottle_on_the_rack seed=17 global_step=460 loss=0.06778686
TRAIN_STEP task=put_the_wine_bottle_on_the_rack seed=17 global_step=480 loss=0.07123221
TRAIN_STEP task=put_the_wine_bottle_on_the_rack seed=17 global_step=500 loss=0.07083167
TRAIN_STEP task=put_the_wine_bottle_on_the_rack seed=17 global_step=520 loss=0.06102559
TRAIN_STEP task=put_the_wine_bottle_on_the_rack seed=17 global_step=540 loss=0.06479198
TRAIN_STEP task=put_the_wine_bottle_on_the_rack seed=17 global_step=560 loss=0.06734214
TRAIN_STEP task=put_the_wine_bottle_on_the_rack seed=17 global_step=580 loss=0.06318574
TRAIN_STEP task=put_the_wine_bottle_on_the_rack seed=17 global_step=600 loss=0.06822409
TRAIN_STEP task=put_the_wine_bottle_on_the_rack seed=17 global_step=620 loss=0.05921120
TRAIN_STEP task=put_the_wine_bottle_on_the_rack seed=17 global_step=640 loss=0.06063036
TRAIN_STEP task=put_the_wine_bottle_on_the_rack seed=17 global_step=660 loss=0.06108321
TRAIN_STEP task=put_the_wine_bottle_on_the_rack seed=17 global_step=680 loss=0.06071917
TRAIN_STEP task=put_the_wine_bottle_on_the_rack seed=17 global_step=700 loss=0.05476744
TRAIN_STEP task=put_the_wine_bottle_on_the_rack seed=17 global_step=720 loss=0.05837180
TRAIN_STEP task=put_the_wine_bottle_on_the_rack seed=17 global_step=740 loss=0.05291903
TRAIN_STEP task=put_the_wine_bottle_on_the_rack seed=17 global_step=760 loss=0.05315588
TRAIN_STEP task=put_the_wine_bottle_on_the_rack seed=17 global_step=780 loss=0.05615941
TRAIN_STEP task=put_the_wine_bottle_on_the_rack seed=17 global_step=800 loss=0.04955166
TRAIN_STEP task=put_the_wine_bottle_on_the_rack seed=17 global_step=820 loss=0.04740098
TRAIN_STEP task=put_the_wine_bottle_on_the_rack seed=17 global_step=840 loss=0.05067585
TRAIN_STEP task=put_the_wine_bottle_on_the_rack seed=17 global_step=860 loss=0.05008303
TRAIN_STEP task=put_the_wine_bottle_on_the_rack seed=17 global_step=880 loss=0.05121441
TRAIN_STEP task=put_the_wine_bottle_on_the_rack seed=17 global_step=900 loss=0.04909259
TRAIN_STEP task=put_the_wine_bottle_on_the_rack seed=17 global_step=920 loss=0.04950000
TRAIN_STEP task=put_the_wine_bottle_on_the_rack seed=17 global_step=940 loss=0.04895684
TRAIN_STEP task=put_the_wine_bottle_on_the_rack seed=17 global_step=960 loss=0.04843629
TRAIN_STEP task=put_the_wine_bottle_on_the_rack seed=17 global_step=980 loss=0.04495018
TRAIN_STEP task=put_the_wine_bottle_on_the_rack seed=17 global_step=1000 loss=0.04445749
TRAIN_STEP task=put_the_wine_bottle_on_the_rack seed=17 global_step=1020 loss=0.04570759
TRAIN_STEP task=put_the_wine_bottle_on_the_rack seed=17 global_step=1040 loss=0.04316760
TRAIN_STEP task=put_the_wine_bottle_on_the_rack seed=17 global_step=1060 loss=0.04474203
TRAIN_STEP task=put_the_wine_bottle_on_the_rack seed=17 global_step=1080 loss=0.04312924
TRAIN_STEP task=put_the_wine_bottle_on_the_rack seed=17 global_step=1100 loss=0.04174341
TRAIN_STEP task=put_the_wine_bottle_on_the_rack seed=17 global_step=1120 loss=0.04164388
TRAIN_STEP task=put_the_wine_bottle_on_the_rack seed=17 global_step=1140 loss=0.04189912
TRAIN_STEP task=put_the_wine_bottle_on_the_rack seed=17 global_step=1160 loss=0.04387808
TRAIN_STEP task=put_the_wine_bottle_on_the_rack seed=17 global_step=1180 loss=0.03794085
TRAIN_STEP task=put_the_wine_bottle_on_the_rack seed=17 global_step=1200 loss=0.04229466
TRAIN_STEP task=put_the_wine_bottle_on_the_rack seed=17 global_step=1220 loss=0.03956824
TRAIN_STEP task=put_the_wine_bottle_on_the_rack seed=17 global_step=1240 loss=0.03763252
TRAIN_STEP task=put_the_wine_bottle_on_the_rack seed=17 global_step=1260 loss=0.03707388
TRAIN_STEP task=put_the_wine_bottle_on_the_rack seed=17 global_step=1280 loss=0.03818327
TRAIN_STEP task=put_the_wine_bottle_on_the_rack seed=17 global_step=1300 loss=0.03893317
TRAIN_STEP task=put_the_wine_bottle_on_the_rack seed=17 global_step=1320 loss=0.03598061
TRAIN_STEP task=put_the_wine_bottle_on_the_rack seed=17 global_step=1340 loss=0.03699147
TRAIN_STEP task=put_the_wine_bottle_on_the_rack seed=17 global_step=1360 loss=0.03706178
TRAIN_STEP task=put_the_wine_bottle_on_the_rack seed=17 global_step=1380 loss=0.03509669
TRAIN_STEP task=put_the_wine_bottle_on_the_rack seed=17 global_step=1400 loss=0.03634473
TRAIN_STEP task=put_the_wine_bottle_on_the_rack seed=17 global_step=1420 loss=0.03488594
TRAIN_STEP task=put_the_wine_bottle_on_the_rack seed=17 global_step=1440 loss=0.03738652
TRAIN_STEP task=put_the_wine_bottle_on_the_rack seed=17 global_step=1460 loss=0.03220620
TRAIN_STEP task=put_the_wine_bottle_on_the_rack seed=17 global_step=1480 loss=0.03632191
TRAIN_STEP task=put_the_wine_bottle_on_the_rack seed=17 global_step=1500 loss=0.03548961
TRAIN_STEP task=put_the_wine_bottle_on_the_rack seed=17 global_step=1520 loss=0.03236789
TRAIN_STEP task=put_the_wine_bottle_on_the_rack seed=17 global_step=1540 loss=0.03517474
TRAIN_STEP task=put_the_wine_bottle_on_the_rack seed=17 global_step=1560 loss=0.03527977
TRAIN_STEP task=put_the_wine_bottle_on_the_rack seed=17 global_step=1580 loss=0.03340182
TRAIN_STEP task=put_the_wine_bottle_on_the_rack seed=17 global_step=1600 loss=0.03119653
TRAIN_STEP task=put_the_wine_bottle_on_the_rack seed=17 global_step=1620 loss=0.03086014
TRAIN_STEP task=put_the_wine_bottle_on_the_rack seed=17 global_step=1640 loss=0.02998212
TRAIN_STEP task=put_the_wine_bottle_on_the_rack seed=17 global_step=1660 loss=0.03033376
TRAIN_STEP task=put_the_wine_bottle_on_the_rack seed=17 global_step=1680 loss=0.03052690
TRAIN_STEP task=put_the_wine_bottle_on_the_rack seed=17 global_step=1700 loss=0.03215227
TRAIN_STEP task=put_the_wine_bottle_on_the_rack seed=17 global_step=1720 loss=0.02937644
TRAIN_STEP task=put_the_wine_bottle_on_the_rack seed=17 global_step=1740 loss=0.03239579
TRAIN_STEP task=put_the_wine_bottle_on_the_rack seed=17 global_step=1760 loss=0.02901285
TRAIN_STEP task=put_the_wine_bottle_on_the_rack seed=17 global_step=1780 loss=0.02932809
TRAIN_STEP task=put_the_wine_bottle_on_the_rack seed=17 global_step=1800 loss=0.02797516
TRAIN_STEP task=put_the_wine_bottle_on_the_rack seed=17 global_step=1820 loss=0.02865881
TRAIN_STEP task=put_the_wine_bottle_on_the_rack seed=17 global_step=1840 loss=0.02875777
TRAIN_STEP task=put_the_wine_bottle_on_the_rack seed=17 global_step=1860 loss=0.02695714
TRAIN_STEP task=put_the_wine_bottle_on_the_rack seed=17 global_step=1880 loss=0.02703221
TRAIN_STEP task=put_the_wine_bottle_on_the_rack seed=17 global_step=1900 loss=0.02815882
TRAIN_STEP task=put_the_wine_bottle_on_the_rack seed=17 global_step=1920 loss=0.02567920
TRAIN_STEP task=put_the_wine_bottle_on_the_rack seed=17 global_step=1940 loss=0.02456895
TRAIN_STEP task=put_the_wine_bottle_on_the_rack seed=17 global_step=1960 loss=0.02490854
TRAIN_STEP task=put_the_wine_bottle_on_the_rack seed=17 global_step=1980 loss=0.02514763
TRAIN_STEP task=put_the_wine_bottle_on_the_rack seed=17 global_step=2000 loss=0.02630031
CHECKPOINT_COMPLETE step=2000 path=/mnt/cpfs/zbl-cpfs-new/CKPT/leon/torch/r16_p14_libero_stage1/r16p14-libero-stage1-pilot-v1/put_the_wine_bottle_on_the_rack/seed_17/step_00002000
TRAIN_STEP task=put_the_wine_bottle_on_the_rack seed=17 global_step=2020 loss=0.02647060
TRAIN_STEP task=put_the_wine_bottle_on_the_rack seed=17 global_step=2040 loss=0.02655283
TRAIN_STEP task=put_the_wine_bottle_on_the_rack seed=17 global_step=2060 loss=0.02543118
TRAIN_STEP task=put_the_wine_bottle_on_the_rack seed=17 global_step=2080 loss=0.02394137
TRAIN_STEP task=put_the_wine_bottle_on_the_rack seed=17 global_step=2100 loss=0.02459625
TRAIN_STEP task=put_the_wine_bottle_on_the_rack seed=17 global_step=2120 loss=0.02584621
TRAIN_STEP task=put_the_wine_bottle_on_the_rack seed=17 global_step=2140 loss=0.02484637
TRAIN_STEP task=put_the_wine_bottle_on_the_rack seed=17 global_step=2160 loss=0.02446217
TRAIN_STEP task=put_the_wine_bottle_on_the_rack seed=17 global_step=2180 loss=0.02479407
TRAIN_STEP task=put_the_wine_bottle_on_the_rack seed=17 global_step=2200 loss=0.02298757
TRAIN_STEP task=put_the_wine_bottle_on_the_rack seed=17 global_step=2220 loss=0.02329667
TRAIN_STEP task=put_the_wine_bottle_on_the_rack seed=17 global_step=2240 loss=0.02271707
TRAIN_STEP task=put_the_wine_bottle_on_the_rack seed=17 global_step=2260 loss=0.02326595
TRAIN_STEP task=put_the_wine_bottle_on_the_rack seed=17 global_step=2280 loss=0.02363222
TRAIN_STEP task=put_the_wine_bottle_on_the_rack seed=17 global_step=2300 loss=0.02299781
TRAIN_STEP task=put_the_wine_bottle_on_the_rack seed=17 global_step=2320 loss=0.02204344
TRAIN_STEP task=put_the_wine_bottle_on_the_rack seed=17 global_step=2340 loss=0.02289757
TRAIN_STEP task=put_the_wine_bottle_on_the_rack seed=17 global_step=2360 loss=0.02242106
TRAIN_STEP task=put_the_wine_bottle_on_the_rack seed=17 global_step=2380 loss=0.02030309
TRAIN_STEP task=put_the_wine_bottle_on_the_rack seed=17 global_step=2400 loss=0.02160306
TRAIN_STEP task=put_the_wine_bottle_on_the_rack seed=17 global_step=2420 loss=0.02175349
TRAIN_STEP task=put_the_wine_bottle_on_the_rack seed=17 global_step=2440 loss=0.02169670
TRAIN_STEP task=put_the_wine_bottle_on_the_rack seed=17 global_step=2460 loss=0.02287141
TRAIN_STEP task=put_the_wine_bottle_on_the_rack seed=17 global_step=2480 loss=0.01986719
TRAIN_STEP task=put_the_wine_bottle_on_the_rack seed=17 global_step=2500 loss=0.02047038
TRAIN_STEP task=put_the_wine_bottle_on_the_rack seed=17 global_step=2520 loss=0.02153119
TRAIN_STEP task=put_the_wine_bottle_on_the_rack seed=17 global_step=2540 loss=0.01977605
TRAIN_STEP task=put_the_wine_bottle_on_the_rack seed=17 global_step=2560 loss=0.01962963
TRAIN_STEP task=put_the_wine_bottle_on_the_rack seed=17 global_step=2580 loss=0.01885309
TRAIN_STEP task=put_the_wine_bottle_on_the_rack seed=17 global_step=2600 loss=0.01988780
TRAIN_STEP task=put_the_wine_bottle_on_the_rack seed=17 global_step=2620 loss=0.02074707
TRAIN_STEP task=put_the_wine_bottle_on_the_rack seed=17 global_step=2640 loss=0.01918239
TRAIN_STEP task=put_the_wine_bottle_on_the_rack seed=17 global_step=2660 loss=0.02071861
TRAIN_STEP task=put_the_wine_bottle_on_the_rack seed=17 global_step=2680 loss=0.02101712
TRAIN_STEP task=put_the_wine_bottle_on_the_rack seed=17 global_step=2700 loss=0.02063328
TRAIN_STEP task=put_the_wine_bottle_on_the_rack seed=17 global_step=2720 loss=0.01961425
TRAIN_STEP task=put_the_wine_bottle_on_the_rack seed=17 global_step=2740 loss=0.01950005
TRAIN_STEP task=put_the_wine_bottle_on_the_rack seed=17 global_step=2760 loss=0.01854175
TRAIN_STEP task=put_the_wine_bottle_on_the_rack seed=17 global_step=2780 loss=0.01954072
TRAIN_STEP task=put_the_wine_bottle_on_the_rack seed=17 global_step=2800 loss=0.01905257
TRAIN_STEP task=put_the_wine_bottle_on_the_rack seed=17 global_step=2820 loss=0.01728527
TRAIN_STEP task=put_the_wine_bottle_on_the_rack seed=17 global_step=2840 loss=0.01762738
TRAIN_STEP task=put_the_wine_bottle_on_the_rack seed=17 global_step=2860 loss=0.01924364
TRAIN_STEP task=put_the_wine_bottle_on_the_rack seed=17 global_step=2880 loss=0.01853029
TRAIN_STEP task=put_the_wine_bottle_on_the_rack seed=17 global_step=2900 loss=0.01838212
TRAIN_STEP task=put_the_wine_bottle_on_the_rack seed=17 global_step=2920 loss=0.01810708
TRAIN_STEP task=put_the_wine_bottle_on_the_rack seed=17 global_step=2940 loss=0.01734756
TRAIN_STEP task=put_the_wine_bottle_on_the_rack seed=17 global_step=2960 loss=0.01877525
TRAIN_STEP task=put_the_wine_bottle_on_the_rack seed=17 global_step=2980 loss=0.01765632
TRAIN_STEP task=put_the_wine_bottle_on_the_rack seed=17 global_step=3000 loss=0.01751791
TRAIN_STEP task=put_the_wine_bottle_on_the_rack seed=17 global_step=3020 loss=0.01803520
TRAIN_STEP task=put_the_wine_bottle_on_the_rack seed=17 global_step=3040 loss=0.01753295
TRAIN_STEP task=put_the_wine_bottle_on_the_rack seed=17 global_step=3060 loss=0.01697586
TRAIN_STEP task=put_the_wine_bottle_on_the_rack seed=17 global_step=3080 loss=0.01676598
TRAIN_STEP task=put_the_wine_bottle_on_the_rack seed=17 global_step=3100 loss=0.01655205
TRAIN_STEP task=put_the_wine_bottle_on_the_rack seed=17 global_step=3120 loss=0.01615778
TRAIN_STEP task=put_the_wine_bottle_on_the_rack seed=17 global_step=3140 loss=0.01675283
TRAIN_STEP task=put_the_wine_bottle_on_the_rack seed=17 global_step=3160 loss=0.01661997
TRAIN_STEP task=put_the_wine_bottle_on_the_rack seed=17 global_step=3180 loss=0.01671986
TRAIN_STEP task=put_the_wine_bottle_on_the_rack seed=17 global_step=3200 loss=0.01713864
TRAIN_STEP task=put_the_wine_bottle_on_the_rack seed=17 global_step=3220 loss=0.01676350
TRAIN_STEP task=put_the_wine_bottle_on_the_rack seed=17 global_step=3240 loss=0.01758845
TRAIN_STEP task=put_the_wine_bottle_on_the_rack seed=17 global_step=3260 loss=0.01488736
TRAIN_STEP task=put_the_wine_bottle_on_the_rack seed=17 global_step=3280 loss=0.01581033
TRAIN_STEP task=put_the_wine_bottle_on_the_rack seed=17 global_step=3300 loss=0.01575950
TRAIN_STEP task=put_the_wine_bottle_on_the_rack seed=17 global_step=3320 loss=0.01646464
TRAIN_STEP task=put_the_wine_bottle_on_the_rack seed=17 global_step=3340 loss=0.01540085
TRAIN_STEP task=put_the_wine_bottle_on_the_rack seed=17 global_step=3360 loss=0.01707966
TRAIN_STEP task=put_the_wine_bottle_on_the_rack seed=17 global_step=3380 loss=0.01483076
TRAIN_STEP task=put_the_wine_bottle_on_the_rack seed=17 global_step=3400 loss=0.01567025
TRAIN_STEP task=put_the_wine_bottle_on_the_rack seed=17 global_step=3420 loss=0.01599394
TRAIN_STEP task=put_the_wine_bottle_on_the_rack seed=17 global_step=3440 loss=0.01690786
TRAIN_STEP task=put_the_wine_bottle_on_the_rack seed=17 global_step=3460 loss=0.01658445
TRAIN_STEP task=put_the_wine_bottle_on_the_rack seed=17 global_step=3480 loss=0.01591813
TRAIN_STEP task=put_the_wine_bottle_on_the_rack seed=17 global_step=3500 loss=0.01539803
TRAIN_STEP task=put_the_wine_bottle_on_the_rack seed=17 global_step=3520 loss=0.01585326
TRAIN_STEP task=put_the_wine_bottle_on_the_rack seed=17 global_step=3540 loss=0.01479668
TRAIN_STEP task=put_the_wine_bottle_on_the_rack seed=17 global_step=3560 loss=0.01530331
TRAIN_STEP task=put_the_wine_bottle_on_the_rack seed=17 global_step=3580 loss=0.01505319
TRAIN_STEP task=put_the_wine_bottle_on_the_rack seed=17 global_step=3600 loss=0.01455900
TRAIN_STEP task=put_the_wine_bottle_on_the_rack seed=17 global_step=3620 loss=0.01487541
TRAIN_STEP task=put_the_wine_bottle_on_the_rack seed=17 global_step=3640 loss=0.01428070
TRAIN_STEP task=put_the_wine_bottle_on_the_rack seed=17 global_step=3660 loss=0.01459362
TRAIN_STEP task=put_the_wine_bottle_on_the_rack seed=17 global_step=3680 loss=0.01452515
TRAIN_STEP task=put_the_wine_bottle_on_the_rack seed=17 global_step=3700 loss=0.01493545
TRAIN_STEP task=put_the_wine_bottle_on_the_rack seed=17 global_step=3720 loss=0.01480897
TRAIN_STEP task=put_the_wine_bottle_on_the_rack seed=17 global_step=3740 loss=0.01435053
TRAIN_STEP task=put_the_wine_bottle_on_the_rack seed=17 global_step=3760 loss=0.01402963
TRAIN_STEP task=put_the_wine_bottle_on_the_rack seed=17 global_step=3780 loss=0.01436508
TRAIN_STEP task=put_the_wine_bottle_on_the_rack seed=17 global_step=3800 loss=0.01476490
TRAIN_STEP task=put_the_wine_bottle_on_the_rack seed=17 global_step=3820 loss=0.01573047
TRAIN_STEP task=put_the_wine_bottle_on_the_rack seed=17 global_step=3840 loss=0.01437299
TRAIN_STEP task=put_the_wine_bottle_on_the_rack seed=17 global_step=3860 loss=0.01416463
TRAIN_STEP task=put_the_wine_bottle_on_the_rack seed=17 global_step=3880 loss=0.01373040
TRAIN_STEP task=put_the_wine_bottle_on_the_rack seed=17 global_step=3900 loss=0.01472942
TRAIN_STEP task=put_the_wine_bottle_on_the_rack seed=17 global_step=3920 loss=0.01399513
TRAIN_STEP task=put_the_wine_bottle_on_the_rack seed=17 global_step=3940 loss=0.01421892
TRAIN_STEP task=put_the_wine_bottle_on_the_rack seed=17 global_step=3960 loss=0.01419400
TRAIN_STEP task=put_the_wine_bottle_on_the_rack seed=17 global_step=3980 loss=0.01394913
TRAIN_STEP task=put_the_wine_bottle_on_the_rack seed=17 global_step=4000 loss=0.01398383
CHECKPOINT_COMPLETE step=4000 path=/mnt/cpfs/zbl-cpfs-new/CKPT/leon/torch/r16_p14_libero_stage1/r16p14-libero-stage1-pilot-v1/put_the_wine_bottle_on_the_rack/seed_17/step_00004000
TRAIN_STEP task=put_the_wine_bottle_on_the_rack seed=17 global_step=4020 loss=0.01369730
TRAIN_STEP task=put_the_wine_bottle_on_the_rack seed=17 global_step=4040 loss=0.01338596
TRAIN_STEP task=put_the_wine_bottle_on_the_rack seed=17 global_step=4060 loss=0.01443423
TRAIN_STEP task=put_the_wine_bottle_on_the_rack seed=17 global_step=4080 loss=0.01288911
TRAIN_STEP task=put_the_wine_bottle_on_the_rack seed=17 global_step=4100 loss=0.01428694
TRAIN_STEP task=put_the_wine_bottle_on_the_rack seed=17 global_step=4120 loss=0.01342986
TRAIN_STEP task=put_the_wine_bottle_on_the_rack seed=17 global_step=4140 loss=0.01434922
TRAIN_STEP task=put_the_wine_bottle_on_the_rack seed=17 global_step=4160 loss=0.01372761
TRAIN_STEP task=put_the_wine_bottle_on_the_rack seed=17 global_step=4180 loss=0.01239923
TRAIN_STEP task=put_the_wine_bottle_on_the_rack seed=17 global_step=4200 loss=0.01415440
TRAIN_STEP task=put_the_wine_bottle_on_the_rack seed=17 global_step=4220 loss=0.01340835
TRAIN_STEP task=put_the_wine_bottle_on_the_rack seed=17 global_step=4240 loss=0.01274099
TRAIN_STEP task=put_the_wine_bottle_on_the_rack seed=17 global_step=4260 loss=0.01289636
TRAIN_STEP task=put_the_wine_bottle_on_the_rack seed=17 global_step=4280 loss=0.01302550
TRAIN_STEP task=put_the_wine_bottle_on_the_rack seed=17 global_step=4300 loss=0.01255080
TRAIN_STEP task=put_the_wine_bottle_on_the_rack seed=17 global_step=4320 loss=0.01279916
TRAIN_STEP task=put_the_wine_bottle_on_the_rack seed=17 global_step=4340 loss=0.01306718
TRAIN_STEP task=put_the_wine_bottle_on_the_rack seed=17 global_step=4360 loss=0.01305144
TRAIN_STEP task=put_the_wine_bottle_on_the_rack seed=17 global_step=4380 loss=0.01314825
TRAIN_STEP task=put_the_wine_bottle_on_the_rack seed=17 global_step=4400 loss=0.01322789
TRAIN_STEP task=put_the_wine_bottle_on_the_rack seed=17 global_step=4420 loss=0.01292007
TRAIN_STEP task=put_the_wine_bottle_on_the_rack seed=17 global_step=4440 loss=0.01272489
TRAIN_STEP task=put_the_wine_bottle_on_the_rack seed=17 global_step=4460 loss=0.01221968
TRAIN_STEP task=put_the_wine_bottle_on_the_rack seed=17 global_step=4480 loss=0.01215339
TRAIN_STEP task=put_the_wine_bottle_on_the_rack seed=17 global_step=4500 loss=0.01289852
TRAIN_STEP task=put_the_wine_bottle_on_the_rack seed=17 global_step=4520 loss=0.01217412
TRAIN_STEP task=put_the_wine_bottle_on_the_rack seed=17 global_step=4540 loss=0.01224539
TRAIN_STEP task=put_the_wine_bottle_on_the_rack seed=17 global_step=4560 loss=0.01249865
TRAIN_STEP task=put_the_wine_bottle_on_the_rack seed=17 global_step=4580 loss=0.01243510
TRAIN_STEP task=put_the_wine_bottle_on_the_rack seed=17 global_step=4600 loss=0.01231394
TRAIN_STEP task=put_the_wine_bottle_on_the_rack seed=17 global_step=4620 loss=0.01267415
TRAIN_STEP task=put_the_wine_bottle_on_the_rack seed=17 global_step=4640 loss=0.01215231
TRAIN_STEP task=put_the_wine_bottle_on_the_rack seed=17 global_step=4660 loss=0.01258228
TRAIN_STEP task=put_the_wine_bottle_on_the_rack seed=17 global_step=4680 loss=0.01327381
TRAIN_STEP task=put_the_wine_bottle_on_the_rack seed=17 global_step=4700 loss=0.01244267
TRAIN_STEP task=put_the_wine_bottle_on_the_rack seed=17 global_step=4720 loss=0.01239677
TRAIN_STEP task=put_the_wine_bottle_on_the_rack seed=17 global_step=4740 loss=0.01310018
TRAIN_STEP task=put_the_wine_bottle_on_the_rack seed=17 global_step=4760 loss=0.01201890
TRAIN_STEP task=put_the_wine_bottle_on_the_rack seed=17 global_step=4780 loss=0.01250408
TRAIN_STEP task=put_the_wine_bottle_on_the_rack seed=17 global_step=4800 loss=0.01129080
TRAIN_STEP task=put_the_wine_bottle_on_the_rack seed=17 global_step=4820 loss=0.01098687
TRAIN_STEP task=put_the_wine_bottle_on_the_rack seed=17 global_step=4840 loss=0.01269187
TRAIN_STEP task=put_the_wine_bottle_on_the_rack seed=17 global_step=4860 loss=0.01193107
TRAIN_STEP task=put_the_wine_bottle_on_the_rack seed=17 global_step=4880 loss=0.01271850
TRAIN_STEP task=put_the_wine_bottle_on_the_rack seed=17 global_step=4900 loss=0.01214276
TRAIN_STEP task=put_the_wine_bottle_on_the_rack seed=17 global_step=4920 loss=0.01149636
TRAIN_STEP task=put_the_wine_bottle_on_the_rack seed=17 global_step=4940 loss=0.01235076
TRAIN_STEP task=put_the_wine_bottle_on_the_rack seed=17 global_step=4960 loss=0.01167782
TRAIN_STEP task=put_the_wine_bottle_on_the_rack seed=17 global_step=4980 loss=0.01152242
TRAIN_STEP task=put_the_wine_bottle_on_the_rack seed=17 global_step=5000 loss=0.01130466
TRAIN_STEP task=put_the_wine_bottle_on_the_rack seed=17 global_step=5020 loss=0.01155074
TRAIN_STEP task=put_the_wine_bottle_on_the_rack seed=17 global_step=5040 loss=0.01129473
TRAIN_STEP task=put_the_wine_bottle_on_the_rack seed=17 global_step=5060 loss=0.01131271
TRAIN_STEP task=put_the_wine_bottle_on_the_rack seed=17 global_step=5080 loss=0.01256996
TRAIN_STEP task=put_the_wine_bottle_on_the_rack seed=17 global_step=5100 loss=0.01112821
TRAIN_STEP task=put_the_wine_bottle_on_the_rack seed=17 global_step=5120 loss=0.01142118
TRAIN_STEP task=put_the_wine_bottle_on_the_rack seed=17 global_step=5140 loss=0.01162973
TRAIN_STEP task=put_the_wine_bottle_on_the_rack seed=17 global_step=5160 loss=0.01264311
TRAIN_STEP task=put_the_wine_bottle_on_the_rack seed=17 global_step=5180 loss=0.01073509
TRAIN_STEP task=put_the_wine_bottle_on_the_rack seed=17 global_step=5200 loss=0.01109417
TRAIN_STEP task=put_the_wine_bottle_on_the_rack seed=17 global_step=5220 loss=0.01156909
TRAIN_STEP task=put_the_wine_bottle_on_the_rack seed=17 global_step=5240 loss=0.01127076
TRAIN_STEP task=put_the_wine_bottle_on_the_rack seed=17 global_step=5260 loss=0.01217012
TRAIN_STEP task=put_the_wine_bottle_on_the_rack seed=17 global_step=5280 loss=0.01196835
TRAIN_STEP task=put_the_wine_bottle_on_the_rack seed=17 global_step=5300 loss=0.01135819
TRAIN_STEP task=put_the_wine_bottle_on_the_rack seed=17 global_step=5320 loss=0.01113239
TRAIN_STEP task=put_the_wine_bottle_on_the_rack seed=17 global_step=5340 loss=0.01105340
TRAIN_STEP task=put_the_wine_bottle_on_the_rack seed=17 global_step=5360 loss=0.01169457
TRAIN_STEP task=put_the_wine_bottle_on_the_rack seed=17 global_step=5380 loss=0.01145171
TRAIN_STEP task=put_the_wine_bottle_on_the_rack seed=17 global_step=5400 loss=0.01228036
TRAIN_STEP task=put_the_wine_bottle_on_the_rack seed=17 global_step=5420 loss=0.01179762
TRAIN_STEP task=put_the_wine_bottle_on_the_rack seed=17 global_step=5440 loss=0.01077472
TRAIN_STEP task=put_the_wine_bottle_on_the_rack seed=17 global_step=5460 loss=0.01055925
TRAIN_STEP task=put_the_wine_bottle_on_the_rack seed=17 global_step=5480 loss=0.01021009
TRAIN_STEP task=put_the_wine_bottle_on_the_rack seed=17 global_step=5500 loss=0.01096506
TRAIN_STEP task=put_the_wine_bottle_on_the_rack seed=17 global_step=5520 loss=0.01084639
TRAIN_STEP task=put_the_wine_bottle_on_the_rack seed=17 global_step=5540 loss=0.01172374
TRAIN_STEP task=put_the_wine_bottle_on_the_rack seed=17 global_step=5560 loss=0.01115501
TRAIN_STEP task=put_the_wine_bottle_on_the_rack seed=17 global_step=5580 loss=0.01085056
TRAIN_STEP task=put_the_wine_bottle_on_the_rack seed=17 global_step=5600 loss=0.01099715
TRAIN_STEP task=put_the_wine_bottle_on_the_rack seed=17 global_step=5620 loss=0.01130154
TRAIN_STEP task=put_the_wine_bottle_on_the_rack seed=17 global_step=5640 loss=0.01202252
TRAIN_STEP task=put_the_wine_bottle_on_the_rack seed=17 global_step=5660 loss=0.01178278
TRAIN_STEP task=put_the_wine_bottle_on_the_rack seed=17 global_step=5680 loss=0.01145609
TRAIN_STEP task=put_the_wine_bottle_on_the_rack seed=17 global_step=5700 loss=0.01127565
TRAIN_STEP task=put_the_wine_bottle_on_the_rack seed=17 global_step=5720 loss=0.01137233
TRAIN_STEP task=put_the_wine_bottle_on_the_rack seed=17 global_step=5740 loss=0.01087781
TRAIN_STEP task=put_the_wine_bottle_on_the_rack seed=17 global_step=5760 loss=0.01151710
TRAIN_STEP task=put_the_wine_bottle_on_the_rack seed=17 global_step=5780 loss=0.01100795
TRAIN_STEP task=put_the_wine_bottle_on_the_rack seed=17 global_step=5800 loss=0.01095467
TRAIN_STEP task=put_the_wine_bottle_on_the_rack seed=17 global_step=5820 loss=0.01047966
TRAIN_STEP task=put_the_wine_bottle_on_the_rack seed=17 global_step=5840 loss=0.01057476
TRAIN_STEP task=put_the_wine_bottle_on_the_rack seed=17 global_step=5860 loss=0.01012175
TRAIN_STEP task=put_the_wine_bottle_on_the_rack seed=17 global_step=5880 loss=0.01144644
TRAIN_STEP task=put_the_wine_bottle_on_the_rack seed=17 global_step=5900 loss=0.01071128
TRAIN_STEP task=put_the_wine_bottle_on_the_rack seed=17 global_step=5920 loss=0.01005393
TRAIN_STEP task=put_the_wine_bottle_on_the_rack seed=17 global_step=5940 loss=0.01084552
TRAIN_STEP task=put_the_wine_bottle_on_the_rack seed=17 global_step=5960 loss=0.01154348
TRAIN_STEP task=put_the_wine_bottle_on_the_rack seed=17 global_step=5980 loss=0.01151885
TRAIN_STEP task=put_the_wine_bottle_on_the_rack seed=17 global_step=6000 loss=0.01114179
CHECKPOINT_COMPLETE step=6000 path=/mnt/cpfs/zbl-cpfs-new/CKPT/leon/torch/r16_p14_libero_stage1/r16p14-libero-stage1-pilot-v1/put_the_wine_bottle_on_the_rack/seed_17/step_00006000
TRAIN_STEP task=put_the_wine_bottle_on_the_rack seed=17 global_step=6020 loss=0.01110000
TRAIN_STEP task=put_the_wine_bottle_on_the_rack seed=17 global_step=6040 loss=0.01025292
TRAIN_STEP task=put_the_wine_bottle_on_the_rack seed=17 global_step=6060 loss=0.01130926
TRAIN_STEP task=put_the_wine_bottle_on_the_rack seed=17 global_step=6080 loss=0.01054725
TRAIN_STEP task=put_the_wine_bottle_on_the_rack seed=17 global_step=6100 loss=0.01054587
TRAIN_STEP task=put_the_wine_bottle_on_the_rack seed=17 global_step=6120 loss=0.01078978
TRAIN_STEP task=put_the_wine_bottle_on_the_rack seed=17 global_step=6140 loss=0.01176890
TRAIN_STEP task=put_the_wine_bottle_on_the_rack seed=17 global_step=6160 loss=0.01121296
TRAIN_STEP task=put_the_wine_bottle_on_the_rack seed=17 global_step=6180 loss=0.01031681
TRAIN_STEP task=put_the_wine_bottle_on_the_rack seed=17 global_step=6200 loss=0.01088471
TRAIN_STEP task=put_the_wine_bottle_on_the_rack seed=17 global_step=6220 loss=0.01080925
TRAIN_STEP task=put_the_wine_bottle_on_the_rack seed=17 global_step=6240 loss=0.01037653
TRAIN_STEP task=put_the_wine_bottle_on_the_rack seed=17 global_step=6260 loss=0.00963052
TRAIN_STEP task=put_the_wine_bottle_on_the_rack seed=17 global_step=6280 loss=0.01109687
TRAIN_STEP task=put_the_wine_bottle_on_the_rack seed=17 global_step=6300 loss=0.01125125
TRAIN_STEP task=put_the_wine_bottle_on_the_rack seed=17 global_step=6320 loss=0.01011286
TRAIN_STEP task=put_the_wine_bottle_on_the_rack seed=17 global_step=6340 loss=0.01010711
TRAIN_STEP task=put_the_wine_bottle_on_the_rack seed=17 global_step=6360 loss=0.01061383
TRAIN_STEP task=put_the_wine_bottle_on_the_rack seed=17 global_step=6380 loss=0.01077666
TRAIN_STEP task=put_the_wine_bottle_on_the_rack seed=17 global_step=6400 loss=0.01016862
TRAIN_STEP task=put_the_wine_bottle_on_the_rack seed=17 global_step=6420 loss=0.01084330
TRAIN_STEP task=put_the_wine_bottle_on_the_rack seed=17 global_step=6440 loss=0.01090821
TRAIN_STEP task=put_the_wine_bottle_on_the_rack seed=17 global_step=6460 loss=0.01146789
TRAIN_STEP task=put_the_wine_bottle_on_the_rack seed=17 global_step=6480 loss=0.01124648
TRAIN_STEP task=put_the_wine_bottle_on_the_rack seed=17 global_step=6500 loss=0.01103635
TRAIN_STEP task=put_the_wine_bottle_on_the_rack seed=17 global_step=6520 loss=0.00987664
TRAIN_STEP task=put_the_wine_bottle_on_the_rack seed=17 global_step=6540 loss=0.01058651
TRAIN_STEP task=put_the_wine_bottle_on_the_rack seed=17 global_step=6560 loss=0.00999718
TRAIN_STEP task=put_the_wine_bottle_on_the_rack seed=17 global_step=6580 loss=0.01041204
TRAIN_STEP task=put_the_wine_bottle_on_the_rack seed=17 global_step=6600 loss=0.01092878
TRAIN_STEP task=put_the_wine_bottle_on_the_rack seed=17 global_step=6620 loss=0.01045836
TRAIN_STEP task=put_the_wine_bottle_on_the_rack seed=17 global_step=6640 loss=0.01075332
TRAIN_STEP task=put_the_wine_bottle_on_the_rack seed=17 global_step=6660 loss=0.01065401
TRAIN_STEP task=put_the_wine_bottle_on_the_rack seed=17 global_step=6680 loss=0.01053408
TRAIN_STEP task=put_the_wine_bottle_on_the_rack seed=17 global_step=6700 loss=0.01031347
TRAIN_STEP task=put_the_wine_bottle_on_the_rack seed=17 global_step=6720 loss=0.01059933
TRAIN_STEP task=put_the_wine_bottle_on_the_rack seed=17 global_step=6740 loss=0.01075674
TRAIN_STEP task=put_the_wine_bottle_on_the_rack seed=17 global_step=6760 loss=0.01028202
TRAIN_STEP task=put_the_wine_bottle_on_the_rack seed=17 global_step=6780 loss=0.01080822
TRAIN_STEP task=put_the_wine_bottle_on_the_rack seed=17 global_step=6800 loss=0.01019980
TRAIN_STEP task=put_the_wine_bottle_on_the_rack seed=17 global_step=6820 loss=0.01122391
TRAIN_STEP task=put_the_wine_bottle_on_the_rack seed=17 global_step=6840 loss=0.01081313
TRAIN_STEP task=put_the_wine_bottle_on_the_rack seed=17 global_step=6860 loss=0.01047846
TRAIN_STEP task=put_the_wine_bottle_on_the_rack seed=17 global_step=6880 loss=0.01022354
TRAIN_STEP task=put_the_wine_bottle_on_the_rack seed=17 global_step=6900 loss=0.01039648
TRAIN_STEP task=put_the_wine_bottle_on_the_rack seed=17 global_step=6920 loss=0.00982093
TRAIN_STEP task=put_the_wine_bottle_on_the_rack seed=17 global_step=6940 loss=0.01050577
TRAIN_STEP task=put_the_wine_bottle_on_the_rack seed=17 global_step=6960 loss=0.01021692
TRAIN_STEP task=put_the_wine_bottle_on_the_rack seed=17 global_step=6980 loss=0.01096479
TRAIN_STEP task=put_the_wine_bottle_on_the_rack seed=17 global_step=7000 loss=0.01084890
TRAIN_STEP task=put_the_wine_bottle_on_the_rack seed=17 global_step=7020 loss=0.00942131
TRAIN_STEP task=put_the_wine_bottle_on_the_rack seed=17 global_step=7040 loss=0.01004722
TRAIN_STEP task=put_the_wine_bottle_on_the_rack seed=17 global_step=7060 loss=0.00985587
TRAIN_STEP task=put_the_wine_bottle_on_the_rack seed=17 global_step=7080 loss=0.00956047
TRAIN_STEP task=put_the_wine_bottle_on_the_rack seed=17 global_step=7100 loss=0.01099372
TRAIN_STEP task=put_the_wine_bottle_on_the_rack seed=17 global_step=7120 loss=0.01058799
TRAIN_STEP task=put_the_wine_bottle_on_the_rack seed=17 global_step=7140 loss=0.00995673
TRAIN_STEP task=put_the_wine_bottle_on_the_rack seed=17 global_step=7160 loss=0.01001765
TRAIN_STEP task=put_the_wine_bottle_on_the_rack seed=17 global_step=7180 loss=0.01058619
TRAIN_STEP task=put_the_wine_bottle_on_the_rack seed=17 global_step=7200 loss=0.01026733
TRAIN_STEP task=put_the_wine_bottle_on_the_rack seed=17 global_step=7220 loss=0.01096182
TRAIN_STEP task=put_the_wine_bottle_on_the_rack seed=17 global_step=7240 loss=0.01063666
TRAIN_STEP task=put_the_wine_bottle_on_the_rack seed=17 global_step=7260 loss=0.01035418
TRAIN_STEP task=put_the_wine_bottle_on_the_rack seed=17 global_step=7280 loss=0.01122489
TRAIN_STEP task=put_the_wine_bottle_on_the_rack seed=17 global_step=7300 loss=0.01019889
TRAIN_STEP task=put_the_wine_bottle_on_the_rack seed=17 global_step=7320 loss=0.01029185
TRAIN_STEP task=put_the_wine_bottle_on_the_rack seed=17 global_step=7340 loss=0.00988007
TRAIN_STEP task=put_the_wine_bottle_on_the_rack seed=17 global_step=7360 loss=0.01040943
TRAIN_STEP task=put_the_wine_bottle_on_the_rack seed=17 global_step=7380 loss=0.00987127
TRAIN_STEP task=put_the_wine_bottle_on_the_rack seed=17 global_step=7400 loss=0.01037007
TRAIN_STEP task=put_the_wine_bottle_on_the_rack seed=17 global_step=7420 loss=0.00996842
TRAIN_STEP task=put_the_wine_bottle_on_the_rack seed=17 global_step=7440 loss=0.01054637
TRAIN_STEP task=put_the_wine_bottle_on_the_rack seed=17 global_step=7460 loss=0.01065696
TRAIN_STEP task=put_the_wine_bottle_on_the_rack seed=17 global_step=7480 loss=0.01107479
TRAIN_STEP task=put_the_wine_bottle_on_the_rack seed=17 global_step=7500 loss=0.01103029
TRAIN_STEP task=put_the_wine_bottle_on_the_rack seed=17 global_step=7520 loss=0.00944857
TRAIN_STEP task=put_the_wine_bottle_on_the_rack seed=17 global_step=7540 loss=0.01013574
TRAIN_STEP task=put_the_wine_bottle_on_the_rack seed=17 global_step=7560 loss=0.01059594
TRAIN_STEP task=put_the_wine_bottle_on_the_rack seed=17 global_step=7580 loss=0.01054596
TRAIN_STEP task=put_the_wine_bottle_on_the_rack seed=17 global_step=7600 loss=0.00992843
TRAIN_STEP task=put_the_wine_bottle_on_the_rack seed=17 global_step=7620 loss=0.00983408
TRAIN_STEP task=put_the_wine_bottle_on_the_rack seed=17 global_step=7640 loss=0.01103689
TRAIN_STEP task=put_the_wine_bottle_on_the_rack seed=17 global_step=7660 loss=0.01030849
TRAIN_STEP task=put_the_wine_bottle_on_the_rack seed=17 global_step=7680 loss=0.00985348
TRAIN_STEP task=put_the_wine_bottle_on_the_rack seed=17 global_step=7700 loss=0.00995939
TRAIN_STEP task=put_the_wine_bottle_on_the_rack seed=17 global_step=7720 loss=0.01058184
TRAIN_STEP task=put_the_wine_bottle_on_the_rack seed=17 global_step=7740 loss=0.01075365
TRAIN_STEP task=put_the_wine_bottle_on_the_rack seed=17 global_step=7760 loss=0.01058472
TRAIN_STEP task=put_the_wine_bottle_on_the_rack seed=17 global_step=7780 loss=0.01026199
TRAIN_STEP task=put_the_wine_bottle_on_the_rack seed=17 global_step=7800 loss=0.01116492
TRAIN_STEP task=put_the_wine_bottle_on_the_rack seed=17 global_step=7820 loss=0.00972928
TRAIN_STEP task=put_the_wine_bottle_on_the_rack seed=17 global_step=7840 loss=0.00998657
TRAIN_STEP task=put_the_wine_bottle_on_the_rack seed=17 global_step=7860 loss=0.01036016
TRAIN_STEP task=put_the_wine_bottle_on_the_rack seed=17 global_step=7880 loss=0.01049868
TRAIN_STEP task=put_the_wine_bottle_on_the_rack seed=17 global_step=7900 loss=0.01040680
TRAIN_STEP task=put_the_wine_bottle_on_the_rack seed=17 global_step=7920 loss=0.00963374
TRAIN_STEP task=put_the_wine_bottle_on_the_rack seed=17 global_step=7940 loss=0.00986614
TRAIN_STEP task=put_the_wine_bottle_on_the_rack seed=17 global_step=7960 loss=0.01102860
TRAIN_STEP task=put_the_wine_bottle_on_the_rack seed=17 global_step=7980 loss=0.00980994
TRAIN_STEP task=put_the_wine_bottle_on_the_rack seed=17 global_step=8000 loss=0.01059483
CHECKPOINT_COMPLETE step=8000 path=/mnt/cpfs/zbl-cpfs-new/CKPT/leon/torch/r16_p14_libero_stage1/r16p14-libero-stage1-pilot-v1/put_the_wine_bottle_on_the_rack/seed_17/step_00008000
wandb: - 0.003 MB of 0.003 MB uploadedwandb: \ 0.003 MB of 0.009 MB uploadedwandb: | 0.004 MB of 0.044 MB uploadedwandb: / 0.044 MB of 0.044 MB uploadedwandb: - 0.044 MB of 0.044 MB uploadedwandb: \ 0.044 MB of 0.044 MB uploadedwandb:                                                                                
wandb: 
wandb: Run history:
wandb:   train/global_step ▁▁▁▁▂▂▂▂▂▃▃▃▃▃▃▄▄▄▄▄▅▅▅▅▅▅▆▆▆▆▆▇▇▇▇▇▇███
wandb: train/learning_rate ███████▇▇▇▇▇▆▆▆▆▆▅▅▅▄▄▄▄▃▃▃▃▂▂▂▂▂▁▁▁▁▁▁▁
wandb:          train/loss █▅▄▃▃▃▂▂▂▂▂▂▂▂▁▁▁▁▁▁▁▁▁▁▁▁▁▁▁▁▁▁▁▁▁▁▁▁▁▁
wandb: 
wandb: Run summary:
wandb:   latest_checkpoint /mnt/cpfs/zbl-cpfs-n...
wandb:                loss 0.01059
wandb:              run_id r16p14-libero-stage1...
wandb:                seed 17
wandb:                step 8000
wandb:                task put_the_wine_bottle_...
wandb:   train/global_step 8000
wandb: train/learning_rate 0.0
wandb:          train/loss 0.01059
wandb: 
wandb: 🚀 View run put_the_wine_bottle_on_the_rack-seed-17 at: https://wandb.ai/chen_jian-cj-workspace/r16-p14-libero-stage1/runs/r16p14-libero-stage1-pilot-v1-put_the_wine_bottle_on_the_rack-seed-17
wandb: ⭐️ View project at: https://wandb.ai/chen_jian-cj-workspace/r16-p14-libero-stage1
wandb: Synced 5 W&B file(s), 0 media file(s), 0 artifact file(s) and 0 other file(s)
wandb: Find logs at: ./cache/wandb/wandb/run-20260812_225947-r16p14-libero-stage1-pilot-v1-put_the_wine_bottle_on_the_rack-seed-17/logs
AUTO_RESUME=0 RUN_ID=r16p14-libero-stage1-pilot-v1 task=put_the_wine_bottle_on_the_rack seed=29 RESUME_FLAG=false checkpoint=none
wandb: - Waiting for wandb.init()...wandb: \ Waiting for wandb.init()...wandb: Tracking run with wandb version 0.16.6
wandb: Run data is saved locally in /mnt/cpfs/zbl-cpfs-new/USERS/leon/logs/r16_p14_libero_stage1/pai/r16p14-libero-stage1-20260812-144626/cache/wandb/wandb/run-20260812_230022-r16p14-libero-stage1-pilot-v1-put_the_wine_bottle_on_the_rack-seed-29
wandb: Run `wandb offline` to turn off syncing.
wandb: Syncing run put_the_wine_bottle_on_the_rack-seed-29
wandb: ⭐️ View project at https://wandb.ai/chen_jian-cj-workspace/r16-p14-libero-stage1
wandb: 🚀 View run at https://wandb.ai/chen_jian-cj-workspace/r16-p14-libero-stage1/runs/r16p14-libero-stage1-pilot-v1-put_the_wine_bottle_on_the_rack-seed-29
TRAIN_STEP task=put_the_wine_bottle_on_the_rack seed=29 global_step=1 loss=0.42106786
TRAIN_STEP task=put_the_wine_bottle_on_the_rack seed=29 global_step=20 loss=0.28275165
TRAIN_STEP task=put_the_wine_bottle_on_the_rack seed=29 global_step=40 loss=0.18756790
TRAIN_STEP task=put_the_wine_bottle_on_the_rack seed=29 global_step=60 loss=0.15329434
TRAIN_STEP task=put_the_wine_bottle_on_the_rack seed=29 global_step=80 loss=0.13104673
TRAIN_STEP task=put_the_wine_bottle_on_the_rack seed=29 global_step=100 loss=0.12994334
TRAIN_STEP task=put_the_wine_bottle_on_the_rack seed=29 global_step=120 loss=0.12964214
TRAIN_STEP task=put_the_wine_bottle_on_the_rack seed=29 global_step=140 loss=0.11056385
TRAIN_STEP task=put_the_wine_bottle_on_the_rack seed=29 global_step=160 loss=0.11041670
TRAIN_STEP task=put_the_wine_bottle_on_the_rack seed=29 global_step=180 loss=0.10144340
TRAIN_STEP task=put_the_wine_bottle_on_the_rack seed=29 global_step=200 loss=0.10540206
TRAIN_STEP task=put_the_wine_bottle_on_the_rack seed=29 global_step=220 loss=0.10376217
TRAIN_STEP task=put_the_wine_bottle_on_the_rack seed=29 global_step=240 loss=0.09917145
TRAIN_STEP task=put_the_wine_bottle_on_the_rack seed=29 global_step=260 loss=0.09163702
TRAIN_STEP task=put_the_wine_bottle_on_the_rack seed=29 global_step=280 loss=0.09142096
TRAIN_STEP task=put_the_wine_bottle_on_the_rack seed=29 global_step=300 loss=0.09233520
TRAIN_STEP task=put_the_wine_bottle_on_the_rack seed=29 global_step=320 loss=0.08737881
TRAIN_STEP task=put_the_wine_bottle_on_the_rack seed=29 global_step=340 loss=0.07885987
TRAIN_STEP task=put_the_wine_bottle_on_the_rack seed=29 global_step=360 loss=0.08249988
TRAIN_STEP task=put_the_wine_bottle_on_the_rack seed=29 global_step=380 loss=0.08306886
TRAIN_STEP task=put_the_wine_bottle_on_the_rack seed=29 global_step=400 loss=0.07787858
TRAIN_STEP task=put_the_wine_bottle_on_the_rack seed=29 global_step=420 loss=0.07441171
TRAIN_STEP task=put_the_wine_bottle_on_the_rack seed=29 global_step=440 loss=0.06881025
TRAIN_STEP task=put_the_wine_bottle_on_the_rack seed=29 global_step=460 loss=0.07375772
TRAIN_STEP task=put_the_wine_bottle_on_the_rack seed=29 global_step=480 loss=0.06436295
TRAIN_STEP task=put_the_wine_bottle_on_the_rack seed=29 global_step=500 loss=0.06961963
TRAIN_STEP task=put_the_wine_bottle_on_the_rack seed=29 global_step=520 loss=0.07364903
TRAIN_STEP task=put_the_wine_bottle_on_the_rack seed=29 global_step=540 loss=0.06060455
TRAIN_STEP task=put_the_wine_bottle_on_the_rack seed=29 global_step=560 loss=0.06613137
TRAIN_STEP task=put_the_wine_bottle_on_the_rack seed=29 global_step=580 loss=0.06233067
TRAIN_STEP task=put_the_wine_bottle_on_the_rack seed=29 global_step=600 loss=0.05972472
TRAIN_STEP task=put_the_wine_bottle_on_the_rack seed=29 global_step=620 loss=0.06093956
TRAIN_STEP task=put_the_wine_bottle_on_the_rack seed=29 global_step=640 loss=0.05977541
TRAIN_STEP task=put_the_wine_bottle_on_the_rack seed=29 global_step=660 loss=0.05857069
TRAIN_STEP task=put_the_wine_bottle_on_the_rack seed=29 global_step=680 loss=0.05629283
TRAIN_STEP task=put_the_wine_bottle_on_the_rack seed=29 global_step=700 loss=0.05834062
TRAIN_STEP task=put_the_wine_bottle_on_the_rack seed=29 global_step=720 loss=0.06032098
TRAIN_STEP task=put_the_wine_bottle_on_the_rack seed=29 global_step=740 loss=0.05273784
TRAIN_STEP task=put_the_wine_bottle_on_the_rack seed=29 global_step=760 loss=0.05265043
TRAIN_STEP task=put_the_wine_bottle_on_the_rack seed=29 global_step=780 loss=0.05419344
TRAIN_STEP task=put_the_wine_bottle_on_the_rack seed=29 global_step=800 loss=0.05823516
TRAIN_STEP task=put_the_wine_bottle_on_the_rack seed=29 global_step=820 loss=0.04898747
TRAIN_STEP task=put_the_wine_bottle_on_the_rack seed=29 global_step=840 loss=0.05072452
TRAIN_STEP task=put_the_wine_bottle_on_the_rack seed=29 global_step=860 loss=0.05089593
TRAIN_STEP task=put_the_wine_bottle_on_the_rack seed=29 global_step=880 loss=0.05040485
TRAIN_STEP task=put_the_wine_bottle_on_the_rack seed=29 global_step=900 loss=0.04871745
TRAIN_STEP task=put_the_wine_bottle_on_the_rack seed=29 global_step=920 loss=0.04738857
TRAIN_STEP task=put_the_wine_bottle_on_the_rack seed=29 global_step=940 loss=0.04921953
TRAIN_STEP task=put_the_wine_bottle_on_the_rack seed=29 global_step=960 loss=0.04780430
TRAIN_STEP task=put_the_wine_bottle_on_the_rack seed=29 global_step=980 loss=0.05063095
TRAIN_STEP task=put_the_wine_bottle_on_the_rack seed=29 global_step=1000 loss=0.04492239
TRAIN_STEP task=put_the_wine_bottle_on_the_rack seed=29 global_step=1020 loss=0.04522308
TRAIN_STEP task=put_the_wine_bottle_on_the_rack seed=29 global_step=1040 loss=0.04673886
TRAIN_STEP task=put_the_wine_bottle_on_the_rack seed=29 global_step=1060 loss=0.04474586
TRAIN_STEP task=put_the_wine_bottle_on_the_rack seed=29 global_step=1080 loss=0.04595971
TRAIN_STEP task=put_the_wine_bottle_on_the_rack seed=29 global_step=1100 loss=0.04178182
TRAIN_STEP task=put_the_wine_bottle_on_the_rack seed=29 global_step=1120 loss=0.04237125
TRAIN_STEP task=put_the_wine_bottle_on_the_rack seed=29 global_step=1140 loss=0.04056772
TRAIN_STEP task=put_the_wine_bottle_on_the_rack seed=29 global_step=1160 loss=0.03990436
TRAIN_STEP task=put_the_wine_bottle_on_the_rack seed=29 global_step=1180 loss=0.04083440
TRAIN_STEP task=put_the_wine_bottle_on_the_rack seed=29 global_step=1200 loss=0.04109912
TRAIN_STEP task=put_the_wine_bottle_on_the_rack seed=29 global_step=1220 loss=0.03873336
TRAIN_STEP task=put_the_wine_bottle_on_the_rack seed=29 global_step=1240 loss=0.04059402
TRAIN_STEP task=put_the_wine_bottle_on_the_rack seed=29 global_step=1260 loss=0.03619605
TRAIN_STEP task=put_the_wine_bottle_on_the_rack seed=29 global_step=1280 loss=0.03854236
TRAIN_STEP task=put_the_wine_bottle_on_the_rack seed=29 global_step=1300 loss=0.03768127
TRAIN_STEP task=put_the_wine_bottle_on_the_rack seed=29 global_step=1320 loss=0.03573706
TRAIN_STEP task=put_the_wine_bottle_on_the_rack seed=29 global_step=1340 loss=0.03594203
TRAIN_STEP task=put_the_wine_bottle_on_the_rack seed=29 global_step=1360 loss=0.03556367
TRAIN_STEP task=put_the_wine_bottle_on_the_rack seed=29 global_step=1380 loss=0.03648435
TRAIN_STEP task=put_the_wine_bottle_on_the_rack seed=29 global_step=1400 loss=0.03684373
TRAIN_STEP task=put_the_wine_bottle_on_the_rack seed=29 global_step=1420 loss=0.03478055
TRAIN_STEP task=put_the_wine_bottle_on_the_rack seed=29 global_step=1440 loss=0.03368896
TRAIN_STEP task=put_the_wine_bottle_on_the_rack seed=29 global_step=1460 loss=0.03495483
TRAIN_STEP task=put_the_wine_bottle_on_the_rack seed=29 global_step=1480 loss=0.03241483
TRAIN_STEP task=put_the_wine_bottle_on_the_rack seed=29 global_step=1500 loss=0.03375267
TRAIN_STEP task=put_the_wine_bottle_on_the_rack seed=29 global_step=1520 loss=0.03290452
TRAIN_STEP task=put_the_wine_bottle_on_the_rack seed=29 global_step=1540 loss=0.03271381
TRAIN_STEP task=put_the_wine_bottle_on_the_rack seed=29 global_step=1560 loss=0.03244060
TRAIN_STEP task=put_the_wine_bottle_on_the_rack seed=29 global_step=1580 loss=0.03170727
TRAIN_STEP task=put_the_wine_bottle_on_the_rack seed=29 global_step=1600 loss=0.03251853
TRAIN_STEP task=put_the_wine_bottle_on_the_rack seed=29 global_step=1620 loss=0.03174040
TRAIN_STEP task=put_the_wine_bottle_on_the_rack seed=29 global_step=1640 loss=0.03024878
TRAIN_STEP task=put_the_wine_bottle_on_the_rack seed=29 global_step=1660 loss=0.02910809
TRAIN_STEP task=put_the_wine_bottle_on_the_rack seed=29 global_step=1680 loss=0.02803579
TRAIN_STEP task=put_the_wine_bottle_on_the_rack seed=29 global_step=1700 loss=0.02973971
TRAIN_STEP task=put_the_wine_bottle_on_the_rack seed=29 global_step=1720 loss=0.02861273
TRAIN_STEP task=put_the_wine_bottle_on_the_rack seed=29 global_step=1740 loss=0.03046870
TRAIN_STEP task=put_the_wine_bottle_on_the_rack seed=29 global_step=1760 loss=0.02788069
TRAIN_STEP task=put_the_wine_bottle_on_the_rack seed=29 global_step=1780 loss=0.02969682
TRAIN_STEP task=put_the_wine_bottle_on_the_rack seed=29 global_step=1800 loss=0.02931530
TRAIN_STEP task=put_the_wine_bottle_on_the_rack seed=29 global_step=1820 loss=0.02711203
TRAIN_STEP task=put_the_wine_bottle_on_the_rack seed=29 global_step=1840 loss=0.02663015
TRAIN_STEP task=put_the_wine_bottle_on_the_rack seed=29 global_step=1860 loss=0.02617490
TRAIN_STEP task=put_the_wine_bottle_on_the_rack seed=29 global_step=1880 loss=0.02941928
TRAIN_STEP task=put_the_wine_bottle_on_the_rack seed=29 global_step=1900 loss=0.02704905
TRAIN_STEP task=put_the_wine_bottle_on_the_rack seed=29 global_step=1920 loss=0.02688649
TRAIN_STEP task=put_the_wine_bottle_on_the_rack seed=29 global_step=1940 loss=0.02692285
TRAIN_STEP task=put_the_wine_bottle_on_the_rack seed=29 global_step=1960 loss=0.02654149
TRAIN_STEP task=put_the_wine_bottle_on_the_rack seed=29 global_step=1980 loss=0.02673450
TRAIN_STEP task=put_the_wine_bottle_on_the_rack seed=29 global_step=2000 loss=0.02512934
CHECKPOINT_COMPLETE step=2000 path=/mnt/cpfs/zbl-cpfs-new/CKPT/leon/torch/r16_p14_libero_stage1/r16p14-libero-stage1-pilot-v1/put_the_wine_bottle_on_the_rack/seed_29/step_00002000
TRAIN_STEP task=put_the_wine_bottle_on_the_rack seed=29 global_step=2020 loss=0.02441297
TRAIN_STEP task=put_the_wine_bottle_on_the_rack seed=29 global_step=2040 loss=0.02627507
TRAIN_STEP task=put_the_wine_bottle_on_the_rack seed=29 global_step=2060 loss=0.02634469
TRAIN_STEP task=put_the_wine_bottle_on_the_rack seed=29 global_step=2080 loss=0.02411884
TRAIN_STEP task=put_the_wine_bottle_on_the_rack seed=29 global_step=2100 loss=0.02557673
TRAIN_STEP task=put_the_wine_bottle_on_the_rack seed=29 global_step=2120 loss=0.02510390
TRAIN_STEP task=put_the_wine_bottle_on_the_rack seed=29 global_step=2140 loss=0.02480908
TRAIN_STEP task=put_the_wine_bottle_on_the_rack seed=29 global_step=2160 loss=0.02226873
TRAIN_STEP task=put_the_wine_bottle_on_the_rack seed=29 global_step=2180 loss=0.02443596
TRAIN_STEP task=put_the_wine_bottle_on_the_rack seed=29 global_step=2200 loss=0.02225608
TRAIN_STEP task=put_the_wine_bottle_on_the_rack seed=29 global_step=2220 loss=0.02439369
TRAIN_STEP task=put_the_wine_bottle_on_the_rack seed=29 global_step=2240 loss=0.02512913
TRAIN_STEP task=put_the_wine_bottle_on_the_rack seed=29 global_step=2260 loss=0.02333028
TRAIN_STEP task=put_the_wine_bottle_on_the_rack seed=29 global_step=2280 loss=0.02160088
TRAIN_STEP task=put_the_wine_bottle_on_the_rack seed=29 global_step=2300 loss=0.02230434
TRAIN_STEP task=put_the_wine_bottle_on_the_rack seed=29 global_step=2320 loss=0.02319302
TRAIN_STEP task=put_the_wine_bottle_on_the_rack seed=29 global_step=2340 loss=0.02287194
TRAIN_STEP task=put_the_wine_bottle_on_the_rack seed=29 global_step=2360 loss=0.02181403
TRAIN_STEP task=put_the_wine_bottle_on_the_rack seed=29 global_step=2380 loss=0.02183267
TRAIN_STEP task=put_the_wine_bottle_on_the_rack seed=29 global_step=2400 loss=0.02007019
TRAIN_STEP task=put_the_wine_bottle_on_the_rack seed=29 global_step=2420 loss=0.02198844
TRAIN_STEP task=put_the_wine_bottle_on_the_rack seed=29 global_step=2440 loss=0.02110568
TRAIN_STEP task=put_the_wine_bottle_on_the_rack seed=29 global_step=2460 loss=0.02025153
TRAIN_STEP task=put_the_wine_bottle_on_the_rack seed=29 global_step=2480 loss=0.01932806
TRAIN_STEP task=put_the_wine_bottle_on_the_rack seed=29 global_step=2500 loss=0.02077636
TRAIN_STEP task=put_the_wine_bottle_on_the_rack seed=29 global_step=2520 loss=0.02075346
TRAIN_STEP task=put_the_wine_bottle_on_the_rack seed=29 global_step=2540 loss=0.02164102
TRAIN_STEP task=put_the_wine_bottle_on_the_rack seed=29 global_step=2560 loss=0.01969958
TRAIN_STEP task=put_the_wine_bottle_on_the_rack seed=29 global_step=2580 loss=0.02058787
TRAIN_STEP task=put_the_wine_bottle_on_the_rack seed=29 global_step=2600 loss=0.01937294
TRAIN_STEP task=put_the_wine_bottle_on_the_rack seed=29 global_step=2620 loss=0.01924801
TRAIN_STEP task=put_the_wine_bottle_on_the_rack seed=29 global_step=2640 loss=0.02039765
TRAIN_STEP task=put_the_wine_bottle_on_the_rack seed=29 global_step=2660 loss=0.02045513
TRAIN_STEP task=put_the_wine_bottle_on_the_rack seed=29 global_step=2680 loss=0.02002124
TRAIN_STEP task=put_the_wine_bottle_on_the_rack seed=29 global_step=2700 loss=0.01969622
TRAIN_STEP task=put_the_wine_bottle_on_the_rack seed=29 global_step=2720 loss=0.02002691
TRAIN_STEP task=put_the_wine_bottle_on_the_rack seed=29 global_step=2740 loss=0.01897035
TRAIN_STEP task=put_the_wine_bottle_on_the_rack seed=29 global_step=2760 loss=0.02021261
TRAIN_STEP task=put_the_wine_bottle_on_the_rack seed=29 global_step=2780 loss=0.01927067
TRAIN_STEP task=put_the_wine_bottle_on_the_rack seed=29 global_step=2800 loss=0.01813008
TRAIN_STEP task=put_the_wine_bottle_on_the_rack seed=29 global_step=2820 loss=0.01877886
TRAIN_STEP task=put_the_wine_bottle_on_the_rack seed=29 global_step=2840 loss=0.01809844
TRAIN_STEP task=put_the_wine_bottle_on_the_rack seed=29 global_step=2860 loss=0.01875406
TRAIN_STEP task=put_the_wine_bottle_on_the_rack seed=29 global_step=2880 loss=0.01908687
TRAIN_STEP task=put_the_wine_bottle_on_the_rack seed=29 global_step=2900 loss=0.01767316
TRAIN_STEP task=put_the_wine_bottle_on_the_rack seed=29 global_step=2920 loss=0.01738648
TRAIN_STEP task=put_the_wine_bottle_on_the_rack seed=29 global_step=2940 loss=0.01766222
TRAIN_STEP task=put_the_wine_bottle_on_the_rack seed=29 global_step=2960 loss=0.01760229
TRAIN_STEP task=put_the_wine_bottle_on_the_rack seed=29 global_step=2980 loss=0.01835844
TRAIN_STEP task=put_the_wine_bottle_on_the_rack seed=29 global_step=3000 loss=0.01787679
TRAIN_STEP task=put_the_wine_bottle_on_the_rack seed=29 global_step=3020 loss=0.01791576
TRAIN_STEP task=put_the_wine_bottle_on_the_rack seed=29 global_step=3040 loss=0.01704399
TRAIN_STEP task=put_the_wine_bottle_on_the_rack seed=29 global_step=3060 loss=0.01750239
TRAIN_STEP task=put_the_wine_bottle_on_the_rack seed=29 global_step=3080 loss=0.01745837
TRAIN_STEP task=put_the_wine_bottle_on_the_rack seed=29 global_step=3100 loss=0.01696753
TRAIN_STEP task=put_the_wine_bottle_on_the_rack seed=29 global_step=3120 loss=0.01733996
TRAIN_STEP task=put_the_wine_bottle_on_the_rack seed=29 global_step=3140 loss=0.01637581
TRAIN_STEP task=put_the_wine_bottle_on_the_rack seed=29 global_step=3160 loss=0.01764054
TRAIN_STEP task=put_the_wine_bottle_on_the_rack seed=29 global_step=3180 loss=0.01668615
TRAIN_STEP task=put_the_wine_bottle_on_the_rack seed=29 global_step=3200 loss=0.01664473
TRAIN_STEP task=put_the_wine_bottle_on_the_rack seed=29 global_step=3220 loss=0.01588649
TRAIN_STEP task=put_the_wine_bottle_on_the_rack seed=29 global_step=3240 loss=0.01557918
TRAIN_STEP task=put_the_wine_bottle_on_the_rack seed=29 global_step=3260 loss=0.01635867
TRAIN_STEP task=put_the_wine_bottle_on_the_rack seed=29 global_step=3280 loss=0.01536491
TRAIN_STEP task=put_the_wine_bottle_on_the_rack seed=29 global_step=3300 loss=0.01591656
TRAIN_STEP task=put_the_wine_bottle_on_the_rack seed=29 global_step=3320 loss=0.01534088
TRAIN_STEP task=put_the_wine_bottle_on_the_rack seed=29 global_step=3340 loss=0.01544082
TRAIN_STEP task=put_the_wine_bottle_on_the_rack seed=29 global_step=3360 loss=0.01573281
TRAIN_STEP task=put_the_wine_bottle_on_the_rack seed=29 global_step=3380 loss=0.01652408
TRAIN_STEP task=put_the_wine_bottle_on_the_rack seed=29 global_step=3400 loss=0.01521616
TRAIN_STEP task=put_the_wine_bottle_on_the_rack seed=29 global_step=3420 loss=0.01600602
TRAIN_STEP task=put_the_wine_bottle_on_the_rack seed=29 global_step=3440 loss=0.01631658
TRAIN_STEP task=put_the_wine_bottle_on_the_rack seed=29 global_step=3460 loss=0.01499143
TRAIN_STEP task=put_the_wine_bottle_on_the_rack seed=29 global_step=3480 loss=0.01376430
TRAIN_STEP task=put_the_wine_bottle_on_the_rack seed=29 global_step=3500 loss=0.01478489
TRAIN_STEP task=put_the_wine_bottle_on_the_rack seed=29 global_step=3520 loss=0.01493779
TRAIN_STEP task=put_the_wine_bottle_on_the_rack seed=29 global_step=3540 loss=0.01526168
TRAIN_STEP task=put_the_wine_bottle_on_the_rack seed=29 global_step=3560 loss=0.01561093
TRAIN_STEP task=put_the_wine_bottle_on_the_rack seed=29 global_step=3580 loss=0.01551977
TRAIN_STEP task=put_the_wine_bottle_on_the_rack seed=29 global_step=3600 loss=0.01447624
TRAIN_STEP task=put_the_wine_bottle_on_the_rack seed=29 global_step=3620 loss=0.01379250
TRAIN_STEP task=put_the_wine_bottle_on_the_rack seed=29 global_step=3640 loss=0.01475181
TRAIN_STEP task=put_the_wine_bottle_on_the_rack seed=29 global_step=3660 loss=0.01415169
TRAIN_STEP task=put_the_wine_bottle_on_the_rack seed=29 global_step=3680 loss=0.01491148
TRAIN_STEP task=put_the_wine_bottle_on_the_rack seed=29 global_step=3700 loss=0.01467692
TRAIN_STEP task=put_the_wine_bottle_on_the_rack seed=29 global_step=3720 loss=0.01525393
TRAIN_STEP task=put_the_wine_bottle_on_the_rack seed=29 global_step=3740 loss=0.01360795
TRAIN_STEP task=put_the_wine_bottle_on_the_rack seed=29 global_step=3760 loss=0.01404993
TRAIN_STEP task=put_the_wine_bottle_on_the_rack seed=29 global_step=3780 loss=0.01422226
TRAIN_STEP task=put_the_wine_bottle_on_the_rack seed=29 global_step=3800 loss=0.01413670
TRAIN_STEP task=put_the_wine_bottle_on_the_rack seed=29 global_step=3820 loss=0.01394427
TRAIN_STEP task=put_the_wine_bottle_on_the_rack seed=29 global_step=3840 loss=0.01440704
TRAIN_STEP task=put_the_wine_bottle_on_the_rack seed=29 global_step=3860 loss=0.01356360
TRAIN_STEP task=put_the_wine_bottle_on_the_rack seed=29 global_step=3880 loss=0.01401731
TRAIN_STEP task=put_the_wine_bottle_on_the_rack seed=29 global_step=3900 loss=0.01435797
TRAIN_STEP task=put_the_wine_bottle_on_the_rack seed=29 global_step=3920 loss=0.01360926
TRAIN_STEP task=put_the_wine_bottle_on_the_rack seed=29 global_step=3940 loss=0.01251204
TRAIN_STEP task=put_the_wine_bottle_on_the_rack seed=29 global_step=3960 loss=0.01466420
TRAIN_STEP task=put_the_wine_bottle_on_the_rack seed=29 global_step=3980 loss=0.01340820
TRAIN_STEP task=put_the_wine_bottle_on_the_rack seed=29 global_step=4000 loss=0.01354407
CHECKPOINT_COMPLETE step=4000 path=/mnt/cpfs/zbl-cpfs-new/CKPT/leon/torch/r16_p14_libero_stage1/r16p14-libero-stage1-pilot-v1/put_the_wine_bottle_on_the_rack/seed_29/step_00004000
TRAIN_STEP task=put_the_wine_bottle_on_the_rack seed=29 global_step=4020 loss=0.01310306
TRAIN_STEP task=put_the_wine_bottle_on_the_rack seed=29 global_step=4040 loss=0.01345468
TRAIN_STEP task=put_the_wine_bottle_on_the_rack seed=29 global_step=4060 loss=0.01398305
TRAIN_STEP task=put_the_wine_bottle_on_the_rack seed=29 global_step=4080 loss=0.01276890
TRAIN_STEP task=put_the_wine_bottle_on_the_rack seed=29 global_step=4100 loss=0.01316612
TRAIN_STEP task=put_the_wine_bottle_on_the_rack seed=29 global_step=4120 loss=0.01372802
TRAIN_STEP task=put_the_wine_bottle_on_the_rack seed=29 global_step=4140 loss=0.01388320
TRAIN_STEP task=put_the_wine_bottle_on_the_rack seed=29 global_step=4160 loss=0.01317157
TRAIN_STEP task=put_the_wine_bottle_on_the_rack seed=29 global_step=4180 loss=0.01406074
TRAIN_STEP task=put_the_wine_bottle_on_the_rack seed=29 global_step=4200 loss=0.01302483
TRAIN_STEP task=put_the_wine_bottle_on_the_rack seed=29 global_step=4220 loss=0.01373438
TRAIN_STEP task=put_the_wine_bottle_on_the_rack seed=29 global_step=4240 loss=0.01275245
TRAIN_STEP task=put_the_wine_bottle_on_the_rack seed=29 global_step=4260 loss=0.01264701
TRAIN_STEP task=put_the_wine_bottle_on_the_rack seed=29 global_step=4280 loss=0.01307321
TRAIN_STEP task=put_the_wine_bottle_on_the_rack seed=29 global_step=4300 loss=0.01279290
TRAIN_STEP task=put_the_wine_bottle_on_the_rack seed=29 global_step=4320 loss=0.01347812
TRAIN_STEP task=put_the_wine_bottle_on_the_rack seed=29 global_step=4340 loss=0.01290457
TRAIN_STEP task=put_the_wine_bottle_on_the_rack seed=29 global_step=4360 loss=0.01199732
TRAIN_STEP task=put_the_wine_bottle_on_the_rack seed=29 global_step=4380 loss=0.01238701
TRAIN_STEP task=put_the_wine_bottle_on_the_rack seed=29 global_step=4400 loss=0.01312461
TRAIN_STEP task=put_the_wine_bottle_on_the_rack seed=29 global_step=4420 loss=0.01285945
TRAIN_STEP task=put_the_wine_bottle_on_the_rack seed=29 global_step=4440 loss=0.01244640
TRAIN_STEP task=put_the_wine_bottle_on_the_rack seed=29 global_step=4460 loss=0.01232356
TRAIN_STEP task=put_the_wine_bottle_on_the_rack seed=29 global_step=4480 loss=0.01279866
TRAIN_STEP task=put_the_wine_bottle_on_the_rack seed=29 global_step=4500 loss=0.01275420
TRAIN_STEP task=put_the_wine_bottle_on_the_rack seed=29 global_step=4520 loss=0.01295553
TRAIN_STEP task=put_the_wine_bottle_on_the_rack seed=29 global_step=4540 loss=0.01232963
TRAIN_STEP task=put_the_wine_bottle_on_the_rack seed=29 global_step=4560 loss=0.01241649
TRAIN_STEP task=put_the_wine_bottle_on_the_rack seed=29 global_step=4580 loss=0.01241644
TRAIN_STEP task=put_the_wine_bottle_on_the_rack seed=29 global_step=4600 loss=0.01189828
TRAIN_STEP task=put_the_wine_bottle_on_the_rack seed=29 global_step=4620 loss=0.01127208
TRAIN_STEP task=put_the_wine_bottle_on_the_rack seed=29 global_step=4640 loss=0.01248919
TRAIN_STEP task=put_the_wine_bottle_on_the_rack seed=29 global_step=4660 loss=0.01140102
TRAIN_STEP task=put_the_wine_bottle_on_the_rack seed=29 global_step=4680 loss=0.01324620
TRAIN_STEP task=put_the_wine_bottle_on_the_rack seed=29 global_step=4700 loss=0.01113600
TRAIN_STEP task=put_the_wine_bottle_on_the_rack seed=29 global_step=4720 loss=0.01163642
TRAIN_STEP task=put_the_wine_bottle_on_the_rack seed=29 global_step=4740 loss=0.01302508
TRAIN_STEP task=put_the_wine_bottle_on_the_rack seed=29 global_step=4760 loss=0.01146846
TRAIN_STEP task=put_the_wine_bottle_on_the_rack seed=29 global_step=4780 loss=0.01253885
TRAIN_STEP task=put_the_wine_bottle_on_the_rack seed=29 global_step=4800 loss=0.01303063
TRAIN_STEP task=put_the_wine_bottle_on_the_rack seed=29 global_step=4820 loss=0.01216531
TRAIN_STEP task=put_the_wine_bottle_on_the_rack seed=29 global_step=4840 loss=0.01059729
TRAIN_STEP task=put_the_wine_bottle_on_the_rack seed=29 global_step=4860 loss=0.01209807
TRAIN_STEP task=put_the_wine_bottle_on_the_rack seed=29 global_step=4880 loss=0.01169753
TRAIN_STEP task=put_the_wine_bottle_on_the_rack seed=29 global_step=4900 loss=0.01212152
TRAIN_STEP task=put_the_wine_bottle_on_the_rack seed=29 global_step=4920 loss=0.01078849
TRAIN_STEP task=put_the_wine_bottle_on_the_rack seed=29 global_step=4940 loss=0.01209069
TRAIN_STEP task=put_the_wine_bottle_on_the_rack seed=29 global_step=4960 loss=0.01216239
TRAIN_STEP task=put_the_wine_bottle_on_the_rack seed=29 global_step=4980 loss=0.01201153
TRAIN_STEP task=put_the_wine_bottle_on_the_rack seed=29 global_step=5000 loss=0.01197311
TRAIN_STEP task=put_the_wine_bottle_on_the_rack seed=29 global_step=5020 loss=0.01180268
TRAIN_STEP task=put_the_wine_bottle_on_the_rack seed=29 global_step=5040 loss=0.01170212
TRAIN_STEP task=put_the_wine_bottle_on_the_rack seed=29 global_step=5060 loss=0.01178308
TRAIN_STEP task=put_the_wine_bottle_on_the_rack seed=29 global_step=5080 loss=0.01141520
TRAIN_STEP task=put_the_wine_bottle_on_the_rack seed=29 global_step=5100 loss=0.01115756
TRAIN_STEP task=put_the_wine_bottle_on_the_rack seed=29 global_step=5120 loss=0.01136240
TRAIN_STEP task=put_the_wine_bottle_on_the_rack seed=29 global_step=5140 loss=0.01131043
TRAIN_STEP task=put_the_wine_bottle_on_the_rack seed=29 global_step=5160 loss=0.01163895
TRAIN_STEP task=put_the_wine_bottle_on_the_rack seed=29 global_step=5180 loss=0.01172148
TRAIN_STEP task=put_the_wine_bottle_on_the_rack seed=29 global_step=5200 loss=0.01100881
TRAIN_STEP task=put_the_wine_bottle_on_the_rack seed=29 global_step=5220 loss=0.01080777
TRAIN_STEP task=put_the_wine_bottle_on_the_rack seed=29 global_step=5240 loss=0.01101448
TRAIN_STEP task=put_the_wine_bottle_on_the_rack seed=29 global_step=5260 loss=0.01106219
TRAIN_STEP task=put_the_wine_bottle_on_the_rack seed=29 global_step=5280 loss=0.01051483
TRAIN_STEP task=put_the_wine_bottle_on_the_rack seed=29 global_step=5300 loss=0.01081228
TRAIN_STEP task=put_the_wine_bottle_on_the_rack seed=29 global_step=5320 loss=0.01142979
TRAIN_STEP task=put_the_wine_bottle_on_the_rack seed=29 global_step=5340 loss=0.01148115
TRAIN_STEP task=put_the_wine_bottle_on_the_rack seed=29 global_step=5360 loss=0.01110128
TRAIN_STEP task=put_the_wine_bottle_on_the_rack seed=29 global_step=5380 loss=0.01144388
TRAIN_STEP task=put_the_wine_bottle_on_the_rack seed=29 global_step=5400 loss=0.01183135
TRAIN_STEP task=put_the_wine_bottle_on_the_rack seed=29 global_step=5420 loss=0.01155374
TRAIN_STEP task=put_the_wine_bottle_on_the_rack seed=29 global_step=5440 loss=0.01066468
TRAIN_STEP task=put_the_wine_bottle_on_the_rack seed=29 global_step=5460 loss=0.01154799
TRAIN_STEP task=put_the_wine_bottle_on_the_rack seed=29 global_step=5480 loss=0.01129193
TRAIN_STEP task=put_the_wine_bottle_on_the_rack seed=29 global_step=5500 loss=0.01028505
TRAIN_STEP task=put_the_wine_bottle_on_the_rack seed=29 global_step=5520 loss=0.01160874
TRAIN_STEP task=put_the_wine_bottle_on_the_rack seed=29 global_step=5540 loss=0.01200966
TRAIN_STEP task=put_the_wine_bottle_on_the_rack seed=29 global_step=5560 loss=0.01119107
TRAIN_STEP task=put_the_wine_bottle_on_the_rack seed=29 global_step=5580 loss=0.01081104
TRAIN_STEP task=put_the_wine_bottle_on_the_rack seed=29 global_step=5600 loss=0.01172040
TRAIN_STEP task=put_the_wine_bottle_on_the_rack seed=29 global_step=5620 loss=0.01154001
TRAIN_STEP task=put_the_wine_bottle_on_the_rack seed=29 global_step=5640 loss=0.01091191
TRAIN_STEP task=put_the_wine_bottle_on_the_rack seed=29 global_step=5660 loss=0.01174945
TRAIN_STEP task=put_the_wine_bottle_on_the_rack seed=29 global_step=5680 loss=0.00952511
TRAIN_STEP task=put_the_wine_bottle_on_the_rack seed=29 global_step=5700 loss=0.01091003
TRAIN_STEP task=put_the_wine_bottle_on_the_rack seed=29 global_step=5720 loss=0.01075898
TRAIN_STEP task=put_the_wine_bottle_on_the_rack seed=29 global_step=5740 loss=0.01084835
TRAIN_STEP task=put_the_wine_bottle_on_the_rack seed=29 global_step=5760 loss=0.01217325
TRAIN_STEP task=put_the_wine_bottle_on_the_rack seed=29 global_step=5780 loss=0.01064212
TRAIN_STEP task=put_the_wine_bottle_on_the_rack seed=29 global_step=5800 loss=0.01098647
TRAIN_STEP task=put_the_wine_bottle_on_the_rack seed=29 global_step=5820 loss=0.01154693
TRAIN_STEP task=put_the_wine_bottle_on_the_rack seed=29 global_step=5840 loss=0.01149889
TRAIN_STEP task=put_the_wine_bottle_on_the_rack seed=29 global_step=5860 loss=0.01003137
TRAIN_STEP task=put_the_wine_bottle_on_the_rack seed=29 global_step=5880 loss=0.01037038
TRAIN_STEP task=put_the_wine_bottle_on_the_rack seed=29 global_step=5900 loss=0.01058453
TRAIN_STEP task=put_the_wine_bottle_on_the_rack seed=29 global_step=5920 loss=0.01041749
TRAIN_STEP task=put_the_wine_bottle_on_the_rack seed=29 global_step=5940 loss=0.01061824
TRAIN_STEP task=put_the_wine_bottle_on_the_rack seed=29 global_step=5960 loss=0.01026586
TRAIN_STEP task=put_the_wine_bottle_on_the_rack seed=29 global_step=5980 loss=0.01137199
TRAIN_STEP task=put_the_wine_bottle_on_the_rack seed=29 global_step=6000 loss=0.01049115
CHECKPOINT_COMPLETE step=6000 path=/mnt/cpfs/zbl-cpfs-new/CKPT/leon/torch/r16_p14_libero_stage1/r16p14-libero-stage1-pilot-v1/put_the_wine_bottle_on_the_rack/seed_29/step_00006000
TRAIN_STEP task=put_the_wine_bottle_on_the_rack seed=29 global_step=6020 loss=0.01030166
TRAIN_STEP task=put_the_wine_bottle_on_the_rack seed=29 global_step=6040 loss=0.00970612
TRAIN_STEP task=put_the_wine_bottle_on_the_rack seed=29 global_step=6060 loss=0.01021364
TRAIN_STEP task=put_the_wine_bottle_on_the_rack seed=29 global_step=6080 loss=0.01030836
TRAIN_STEP task=put_the_wine_bottle_on_the_rack seed=29 global_step=6100 loss=0.01036695
TRAIN_STEP task=put_the_wine_bottle_on_the_rack seed=29 global_step=6120 loss=0.01060820
TRAIN_STEP task=put_the_wine_bottle_on_the_rack seed=29 global_step=6140 loss=0.01037708
TRAIN_STEP task=put_the_wine_bottle_on_the_rack seed=29 global_step=6160 loss=0.01115880
TRAIN_STEP task=put_the_wine_bottle_on_the_rack seed=29 global_step=6180 loss=0.01018986
TRAIN_STEP task=put_the_wine_bottle_on_the_rack seed=29 global_step=6200 loss=0.01054617
TRAIN_STEP task=put_the_wine_bottle_on_the_rack seed=29 global_step=6220 loss=0.01035202
TRAIN_STEP task=put_the_wine_bottle_on_the_rack seed=29 global_step=6240 loss=0.00984947
TRAIN_STEP task=put_the_wine_bottle_on_the_rack seed=29 global_step=6260 loss=0.01093222
TRAIN_STEP task=put_the_wine_bottle_on_the_rack seed=29 global_step=6280 loss=0.01036383
TRAIN_STEP task=put_the_wine_bottle_on_the_rack seed=29 global_step=6300 loss=0.01057241
TRAIN_STEP task=put_the_wine_bottle_on_the_rack seed=29 global_step=6320 loss=0.01056764
TRAIN_STEP task=put_the_wine_bottle_on_the_rack seed=29 global_step=6340 loss=0.00995028
TRAIN_STEP task=put_the_wine_bottle_on_the_rack seed=29 global_step=6360 loss=0.01077473
TRAIN_STEP task=put_the_wine_bottle_on_the_rack seed=29 global_step=6380 loss=0.00956705
TRAIN_STEP task=put_the_wine_bottle_on_the_rack seed=29 global_step=6400 loss=0.01171115
TRAIN_STEP task=put_the_wine_bottle_on_the_rack seed=29 global_step=6420 loss=0.01017917
TRAIN_STEP task=put_the_wine_bottle_on_the_rack seed=29 global_step=6440 loss=0.01070254
TRAIN_STEP task=put_the_wine_bottle_on_the_rack seed=29 global_step=6460 loss=0.01025404
TRAIN_STEP task=put_the_wine_bottle_on_the_rack seed=29 global_step=6480 loss=0.01091656
TRAIN_STEP task=put_the_wine_bottle_on_the_rack seed=29 global_step=6500 loss=0.01035783
TRAIN_STEP task=put_the_wine_bottle_on_the_rack seed=29 global_step=6520 loss=0.00990685
TRAIN_STEP task=put_the_wine_bottle_on_the_rack seed=29 global_step=6540 loss=0.01085416
TRAIN_STEP task=put_the_wine_bottle_on_the_rack seed=29 global_step=6560 loss=0.01002290
TRAIN_STEP task=put_the_wine_bottle_on_the_rack seed=29 global_step=6580 loss=0.01014924
TRAIN_STEP task=put_the_wine_bottle_on_the_rack seed=29 global_step=6600 loss=0.01055132
TRAIN_STEP task=put_the_wine_bottle_on_the_rack seed=29 global_step=6620 loss=0.00965602
TRAIN_STEP task=put_the_wine_bottle_on_the_rack seed=29 global_step=6640 loss=0.01115287
TRAIN_STEP task=put_the_wine_bottle_on_the_rack seed=29 global_step=6660 loss=0.01107230
TRAIN_STEP task=put_the_wine_bottle_on_the_rack seed=29 global_step=6680 loss=0.01116000
TRAIN_STEP task=put_the_wine_bottle_on_the_rack seed=29 global_step=6700 loss=0.00999427
TRAIN_STEP task=put_the_wine_bottle_on_the_rack seed=29 global_step=6720 loss=0.01020595
TRAIN_STEP task=put_the_wine_bottle_on_the_rack seed=29 global_step=6740 loss=0.00941885
TRAIN_STEP task=put_the_wine_bottle_on_the_rack seed=29 global_step=6760 loss=0.01026670
TRAIN_STEP task=put_the_wine_bottle_on_the_rack seed=29 global_step=6780 loss=0.00959561
TRAIN_STEP task=put_the_wine_bottle_on_the_rack seed=29 global_step=6800 loss=0.00971501
TRAIN_STEP task=put_the_wine_bottle_on_the_rack seed=29 global_step=6820 loss=0.01025927
TRAIN_STEP task=put_the_wine_bottle_on_the_rack seed=29 global_step=6840 loss=0.00975737
TRAIN_STEP task=put_the_wine_bottle_on_the_rack seed=29 global_step=6860 loss=0.01085062
TRAIN_STEP task=put_the_wine_bottle_on_the_rack seed=29 global_step=6880 loss=0.01028851
TRAIN_STEP task=put_the_wine_bottle_on_the_rack seed=29 global_step=6900 loss=0.01096396
TRAIN_STEP task=put_the_wine_bottle_on_the_rack seed=29 global_step=6920 loss=0.01083030
TRAIN_STEP task=put_the_wine_bottle_on_the_rack seed=29 global_step=6940 loss=0.01099505
TRAIN_STEP task=put_the_wine_bottle_on_the_rack seed=29 global_step=6960 loss=0.01016636
TRAIN_STEP task=put_the_wine_bottle_on_the_rack seed=29 global_step=6980 loss=0.01066036
TRAIN_STEP task=put_the_wine_bottle_on_the_rack seed=29 global_step=7000 loss=0.00988911
TRAIN_STEP task=put_the_wine_bottle_on_the_rack seed=29 global_step=7020 loss=0.01036645
TRAIN_STEP task=put_the_wine_bottle_on_the_rack seed=29 global_step=7040 loss=0.01075219
TRAIN_STEP task=put_the_wine_bottle_on_the_rack seed=29 global_step=7060 loss=0.01000252
TRAIN_STEP task=put_the_wine_bottle_on_the_rack seed=29 global_step=7080 loss=0.01075511
TRAIN_STEP task=put_the_wine_bottle_on_the_rack seed=29 global_step=7100 loss=0.00952542
TRAIN_STEP task=put_the_wine_bottle_on_the_rack seed=29 global_step=7120 loss=0.00982753
TRAIN_STEP task=put_the_wine_bottle_on_the_rack seed=29 global_step=7140 loss=0.01010685
TRAIN_STEP task=put_the_wine_bottle_on_the_rack seed=29 global_step=7160 loss=0.01023251
TRAIN_STEP task=put_the_wine_bottle_on_the_rack seed=29 global_step=7180 loss=0.01038337
TRAIN_STEP task=put_the_wine_bottle_on_the_rack seed=29 global_step=7200 loss=0.01071729
TRAIN_STEP task=put_the_wine_bottle_on_the_rack seed=29 global_step=7220 loss=0.01005225
TRAIN_STEP task=put_the_wine_bottle_on_the_rack seed=29 global_step=7240 loss=0.00975818
TRAIN_STEP task=put_the_wine_bottle_on_the_rack seed=29 global_step=7260 loss=0.01058531
TRAIN_STEP task=put_the_wine_bottle_on_the_rack seed=29 global_step=7280 loss=0.01150372
TRAIN_STEP task=put_the_wine_bottle_on_the_rack seed=29 global_step=7300 loss=0.01032340
TRAIN_STEP task=put_the_wine_bottle_on_the_rack seed=29 global_step=7320 loss=0.00996305
TRAIN_STEP task=put_the_wine_bottle_on_the_rack seed=29 global_step=7340 loss=0.01058500
TRAIN_STEP task=put_the_wine_bottle_on_the_rack seed=29 global_step=7360 loss=0.00988235
TRAIN_STEP task=put_the_wine_bottle_on_the_rack seed=29 global_step=7380 loss=0.00968420
TRAIN_STEP task=put_the_wine_bottle_on_the_rack seed=29 global_step=7400 loss=0.00955130
TRAIN_STEP task=put_the_wine_bottle_on_the_rack seed=29 global_step=7420 loss=0.01062576
TRAIN_STEP task=put_the_wine_bottle_on_the_rack seed=29 global_step=7440 loss=0.01032469
TRAIN_STEP task=put_the_wine_bottle_on_the_rack seed=29 global_step=7460 loss=0.00981456
TRAIN_STEP task=put_the_wine_bottle_on_the_rack seed=29 global_step=7480 loss=0.00984590
TRAIN_STEP task=put_the_wine_bottle_on_the_rack seed=29 global_step=7500 loss=0.01001824
TRAIN_STEP task=put_the_wine_bottle_on_the_rack seed=29 global_step=7520 loss=0.01009793
TRAIN_STEP task=put_the_wine_bottle_on_the_rack seed=29 global_step=7540 loss=0.01107438
TRAIN_STEP task=put_the_wine_bottle_on_the_rack seed=29 global_step=7560 loss=0.01000981
TRAIN_STEP task=put_the_wine_bottle_on_the_rack seed=29 global_step=7580 loss=0.00984305
TRAIN_STEP task=put_the_wine_bottle_on_the_rack seed=29 global_step=7600 loss=0.01031742
TRAIN_STEP task=put_the_wine_bottle_on_the_rack seed=29 global_step=7620 loss=0.01056077
TRAIN_STEP task=put_the_wine_bottle_on_the_rack seed=29 global_step=7640 loss=0.01087068
TRAIN_STEP task=put_the_wine_bottle_on_the_rack seed=29 global_step=7660 loss=0.00997822
TRAIN_STEP task=put_the_wine_bottle_on_the_rack seed=29 global_step=7680 loss=0.00996129
TRAIN_STEP task=put_the_wine_bottle_on_the_rack seed=29 global_step=7700 loss=0.01015769
TRAIN_STEP task=put_the_wine_bottle_on_the_rack seed=29 global_step=7720 loss=0.00987157
TRAIN_STEP task=put_the_wine_bottle_on_the_rack seed=29 global_step=7740 loss=0.01083780
TRAIN_STEP task=put_the_wine_bottle_on_the_rack seed=29 global_step=7760 loss=0.00963781
TRAIN_STEP task=put_the_wine_bottle_on_the_rack seed=29 global_step=7780 loss=0.01022126
TRAIN_STEP task=put_the_wine_bottle_on_the_rack seed=29 global_step=7800 loss=0.01109240
TRAIN_STEP task=put_the_wine_bottle_on_the_rack seed=29 global_step=7820 loss=0.00925869
TRAIN_STEP task=put_the_wine_bottle_on_the_rack seed=29 global_step=7840 loss=0.00970124
TRAIN_STEP task=put_the_wine_bottle_on_the_rack seed=29 global_step=7860 loss=0.00955913
TRAIN_STEP task=put_the_wine_bottle_on_the_rack seed=29 global_step=7880 loss=0.00967255
TRAIN_STEP task=put_the_wine_bottle_on_the_rack seed=29 global_step=7900 loss=0.00936128
TRAIN_STEP task=put_the_wine_bottle_on_the_rack seed=29 global_step=7920 loss=0.00990861
TRAIN_STEP task=put_the_wine_bottle_on_the_rack seed=29 global_step=7940 loss=0.00985974
TRAIN_STEP task=put_the_wine_bottle_on_the_rack seed=29 global_step=7960 loss=0.00982368
TRAIN_STEP task=put_the_wine_bottle_on_the_rack seed=29 global_step=7980 loss=0.01023842
TRAIN_STEP task=put_the_wine_bottle_on_the_rack seed=29 global_step=8000 loss=0.00922414
CHECKPOINT_COMPLETE step=8000 path=/mnt/cpfs/zbl-cpfs-new/CKPT/leon/torch/r16_p14_libero_stage1/r16p14-libero-stage1-pilot-v1/put_the_wine_bottle_on_the_rack/seed_29/step_00008000
wandb: - 0.003 MB of 0.003 MB uploadedwandb: \ 0.004 MB of 0.044 MB uploadedwandb: | 0.004 MB of 0.044 MB uploadedwandb: / 0.044 MB of 0.044 MB uploadedwandb:                                                                                
wandb: 
wandb: Run history:
wandb:   train/global_step ▁▁▁▁▂▂▂▂▂▃▃▃▃▃▃▄▄▄▄▄▅▅▅▅▅▅▆▆▆▆▆▇▇▇▇▇▇███
wandb: train/learning_rate ███████▇▇▇▇▇▆▆▆▆▆▅▅▅▄▄▄▄▃▃▃▃▂▂▂▂▂▁▁▁▁▁▁▁
wandb:          train/loss █▆▄▄▃▃▂▂▂▂▂▂▂▁▁▁▁▁▁▁▁▁▁▁▁▁▁▁▁▁▁▁▁▁▁▁▁▁▁▁
wandb: 
wandb: Run summary:
wandb:   latest_checkpoint /mnt/cpfs/zbl-cpfs-n...
wandb:                loss 0.00922
wandb:              run_id r16p14-libero-stage1...
wandb:                seed 29
wandb:                step 8000
wandb:                task put_the_wine_bottle_...
wandb:   train/global_step 8000
wandb: train/learning_rate 0.0
wandb:          train/loss 0.00922
wandb: 
wandb: 🚀 View run put_the_wine_bottle_on_the_rack-seed-29 at: https://wandb.ai/chen_jian-cj-workspace/r16-p14-libero-stage1/runs/r16p14-libero-stage1-pilot-v1-put_the_wine_bottle_on_the_rack-seed-29
wandb: ⭐️ View project at: https://wandb.ai/chen_jian-cj-workspace/r16-p14-libero-stage1
wandb: Synced 5 W&B file(s), 0 media file(s), 0 artifact file(s) and 0 other file(s)
wandb: Find logs at: ./cache/wandb/wandb/run-20260812_230022-r16p14-libero-stage1-pilot-v1-put_the_wine_bottle_on_the_rack-seed-29/logs
TRAINING_SUITE_COMPLETE summary=/mnt/cpfs/zbl-cpfs-new/USERS/leon/logs/r16_p14_libero_stage1/pai/r16p14-libero-stage1-20260812-144626/training/r16p14-libero-stage1-pilot-v1/training_summary.json
