/mnt/cpfs/zbl-cpfs-new/USERS/leon/code/r16-p14-stage2d-20260818-phase1-recovery-v2/experiments/r16_p14_stage2a/r16_p14_stage2a/actor_model.py:62: UserWarning: enable_nested_tensor is True, but self.use_nested_tensor is False because encoder_layer.norm_first was True
  self.encoder = nn.TransformerEncoder(
[info] using task orders [0, 1, 2, 3, 4, 5, 6, 7, 8, 9]
QUAL_DONE put_the_cream_cheese_in_the_bowl__calibration__seed07__init12__shift_060mm error=0
/mnt/cpfs/zbl-cpfs-new/USERS/leon/code/r16-p14-stage2d-20260818-phase1-recovery-v2/experiments/r16_p14_stage2a/r16_p14_stage2a/actor_model.py:62: UserWarning: enable_nested_tensor is True, but self.use_nested_tensor is False because encoder_layer.norm_first was True
  self.encoder = nn.TransformerEncoder(
[info] using task orders [0, 1, 2, 3, 4, 5, 6, 7, 8, 9]
QUAL_DONE put_the_cream_cheese_in_the_bowl__calibration__seed07__init12__shift_080mm error=0
/mnt/cpfs/zbl-cpfs-new/USERS/leon/code/r16-p14-stage2d-20260818-phase1-recovery-v2/experiments/r16_p14_stage2a/r16_p14_stage2a/actor_model.py:62: UserWarning: enable_nested_tensor is True, but self.use_nested_tensor is False because encoder_layer.norm_first was True
  self.encoder = nn.TransformerEncoder(
[info] using task orders [0, 1, 2, 3, 4, 5, 6, 7, 8, 9]
QUAL_DONE put_the_cream_cheese_in_the_bowl__calibration__seed07__init21__shift_060mm error=0
/mnt/cpfs/zbl-cpfs-new/USERS/leon/code/r16-p14-stage2d-20260818-phase1-recovery-v2/experiments/r16_p14_stage2a/r16_p14_stage2a/actor_model.py:62: UserWarning: enable_nested_tensor is True, but self.use_nested_tensor is False because encoder_layer.norm_first was True
  self.encoder = nn.TransformerEncoder(
[info] using task orders [0, 1, 2, 3, 4, 5, 6, 7, 8, 9]
QUAL_DONE put_the_cream_cheese_in_the_bowl__calibration__seed07__init23__shift_040mm error=0
/mnt/cpfs/zbl-cpfs-new/USERS/leon/code/r16-p14-stage2d-20260818-phase1-recovery-v2/experiments/r16_p14_stage2a/r16_p14_stage2a/actor_model.py:62: UserWarning: enable_nested_tensor is True, but self.use_nested_tensor is False because encoder_layer.norm_first was True
  self.encoder = nn.TransformerEncoder(
[info] using task orders [0, 1, 2, 3, 4, 5, 6, 7, 8, 9]
QUAL_DONE put_the_cream_cheese_in_the_bowl__calibration__seed07__init23__shift_080mm error=0
/mnt/cpfs/zbl-cpfs-new/USERS/leon/code/r16-p14-stage2d-20260818-phase1-recovery-v2/experiments/r16_p14_stage2a/r16_p14_stage2a/actor_model.py:62: UserWarning: enable_nested_tensor is True, but self.use_nested_tensor is False because encoder_layer.norm_first was True
  self.encoder = nn.TransformerEncoder(
[info] using task orders [0, 1, 2, 3, 4, 5, 6, 7, 8, 9]
QUAL_DONE put_the_cream_cheese_in_the_bowl__calibration__seed07__init30__shift_060mm error=0
/mnt/cpfs/zbl-cpfs-new/USERS/leon/code/r16-p14-stage2d-20260818-phase1-recovery-v2/experiments/r16_p14_stage2a/r16_p14_stage2a/actor_model.py:62: UserWarning: enable_nested_tensor is True, but self.use_nested_tensor is False because encoder_layer.norm_first was True
  self.encoder = nn.TransformerEncoder(
[info] using task orders [0, 1, 2, 3, 4, 5, 6, 7, 8, 9]
QUAL_DONE put_the_cream_cheese_in_the_bowl__calibration__seed07__init30__shift_080mm error=0
/mnt/cpfs/zbl-cpfs-new/USERS/leon/code/r16-p14-stage2d-20260818-phase1-recovery-v2/experiments/r16_p14_stage2a/r16_p14_stage2a/actor_model.py:62: UserWarning: enable_nested_tensor is True, but self.use_nested_tensor is False because encoder_layer.norm_first was True
  self.encoder = nn.TransformerEncoder(
[info] using task orders [0, 1, 2, 3, 4, 5, 6, 7, 8, 9]
QUAL_DONE put_the_cream_cheese_in_the_bowl__calibration__seed07__init32__shift_080mm error=0
/mnt/cpfs/zbl-cpfs-new/USERS/leon/code/r16-p14-stage2d-20260818-phase1-recovery-v2/experiments/r16_p14_stage2a/r16_p14_stage2a/actor_model.py:62: UserWarning: enable_nested_tensor is True, but self.use_nested_tensor is False because encoder_layer.norm_first was True
  self.encoder = nn.TransformerEncoder(
[info] using task orders [0, 1, 2, 3, 4, 5, 6, 7, 8, 9]
QUAL_DONE put_the_cream_cheese_in_the_bowl__calibration__seed07__init36__shift_040mm error=0
/mnt/cpfs/zbl-cpfs-new/USERS/leon/code/r16-p14-stage2d-20260818-phase1-recovery-v2/experiments/r16_p14_stage2a/r16_p14_stage2a/actor_model.py:62: UserWarning: enable_nested_tensor is True, but self.use_nested_tensor is False because encoder_layer.norm_first was True
  self.encoder = nn.TransformerEncoder(
[info] using task orders [0, 1, 2, 3, 4, 5, 6, 7, 8, 9]
QUAL_DONE put_the_cream_cheese_in_the_bowl__calibration__seed07__init36__shift_060mm error=0
/mnt/cpfs/zbl-cpfs-new/USERS/leon/code/r16-p14-stage2d-20260818-phase1-recovery-v2/experiments/r16_p14_stage2a/r16_p14_stage2a/actor_model.py:62: UserWarning: enable_nested_tensor is True, but self.use_nested_tensor is False because encoder_layer.norm_first was True
  self.encoder = nn.TransformerEncoder(
[info] using task orders [0, 1, 2, 3, 4, 5, 6, 7, 8, 9]
QUAL_DONE put_the_cream_cheese_in_the_bowl__calibration__seed07__init37__shift_040mm error=0
/mnt/cpfs/zbl-cpfs-new/USERS/leon/code/r16-p14-stage2d-20260818-phase1-recovery-v2/experiments/r16_p14_stage2a/r16_p14_stage2a/actor_model.py:62: UserWarning: enable_nested_tensor is True, but self.use_nested_tensor is False because encoder_layer.norm_first was True
  self.encoder = nn.TransformerEncoder(
[info] using task orders [0, 1, 2, 3, 4, 5, 6, 7, 8, 9]
QUAL_DONE put_the_cream_cheese_in_the_bowl__calibration__seed07__init37__shift_060mm error=0
/mnt/cpfs/zbl-cpfs-new/USERS/leon/code/r16-p14-stage2d-20260818-phase1-recovery-v2/experiments/r16_p14_stage2a/r16_p14_stage2a/actor_model.py:62: UserWarning: enable_nested_tensor is True, but self.use_nested_tensor is False because encoder_layer.norm_first was True
  self.encoder = nn.TransformerEncoder(
[info] using task orders [0, 1, 2, 3, 4, 5, 6, 7, 8, 9]
QUAL_DONE put_the_cream_cheese_in_the_bowl__calibration__seed07__init37__shift_080mm error=0
/mnt/cpfs/zbl-cpfs-new/USERS/leon/code/r16-p14-stage2d-20260818-phase1-recovery-v2/experiments/r16_p14_stage2a/r16_p14_stage2a/actor_model.py:62: UserWarning: enable_nested_tensor is True, but self.use_nested_tensor is False because encoder_layer.norm_first was True
  self.encoder = nn.TransformerEncoder(
[info] using task orders [0, 1, 2, 3, 4, 5, 6, 7, 8, 9]
QUAL_DONE put_the_cream_cheese_in_the_bowl__calibration__seed17__init10__shift_040mm error=0
/mnt/cpfs/zbl-cpfs-new/USERS/leon/code/r16-p14-stage2d-20260818-phase1-recovery-v2/experiments/r16_p14_stage2a/r16_p14_stage2a/actor_model.py:62: UserWarning: enable_nested_tensor is True, but self.use_nested_tensor is False because encoder_layer.norm_first was True
  self.encoder = nn.TransformerEncoder(
[info] using task orders [0, 1, 2, 3, 4, 5, 6, 7, 8, 9]
QUAL_DONE put_the_cream_cheese_in_the_bowl__calibration__seed17__init10__shift_060mm error=0
/mnt/cpfs/zbl-cpfs-new/USERS/leon/code/r16-p14-stage2d-20260818-phase1-recovery-v2/experiments/r16_p14_stage2a/r16_p14_stage2a/actor_model.py:62: UserWarning: enable_nested_tensor is True, but self.use_nested_tensor is False because encoder_layer.norm_first was True
  self.encoder = nn.TransformerEncoder(
[info] using task orders [0, 1, 2, 3, 4, 5, 6, 7, 8, 9]
QUAL_DONE put_the_cream_cheese_in_the_bowl__calibration__seed17__init10__shift_080mm error=0
/mnt/cpfs/zbl-cpfs-new/USERS/leon/code/r16-p14-stage2d-20260818-phase1-recovery-v2/experiments/r16_p14_stage2a/r16_p14_stage2a/actor_model.py:62: UserWarning: enable_nested_tensor is True, but self.use_nested_tensor is False because encoder_layer.norm_first was True
  self.encoder = nn.TransformerEncoder(
[info] using task orders [0, 1, 2, 3, 4, 5, 6, 7, 8, 9]
QUAL_DONE put_the_cream_cheese_in_the_bowl__calibration__seed17__init11__shift_060mm error=0
/mnt/cpfs/zbl-cpfs-new/USERS/leon/code/r16-p14-stage2d-20260818-phase1-recovery-v2/experiments/r16_p14_stage2a/r16_p14_stage2a/actor_model.py:62: UserWarning: enable_nested_tensor is True, but self.use_nested_tensor is False because encoder_layer.norm_first was True
  self.encoder = nn.TransformerEncoder(
[info] using task orders [0, 1, 2, 3, 4, 5, 6, 7, 8, 9]
QUAL_DONE put_the_cream_cheese_in_the_bowl__calibration__seed17__init11__shift_080mm error=0
/mnt/cpfs/zbl-cpfs-new/USERS/leon/code/r16-p14-stage2d-20260818-phase1-recovery-v2/experiments/r16_p14_stage2a/r16_p14_stage2a/actor_model.py:62: UserWarning: enable_nested_tensor is True, but self.use_nested_tensor is False because encoder_layer.norm_first was True
  self.encoder = nn.TransformerEncoder(
[info] using task orders [0, 1, 2, 3, 4, 5, 6, 7, 8, 9]
QUAL_DONE put_the_cream_cheese_in_the_bowl__calibration__seed17__init12__shift_060mm error=0
/mnt/cpfs/zbl-cpfs-new/USERS/leon/code/r16-p14-stage2d-20260818-phase1-recovery-v2/experiments/r16_p14_stage2a/r16_p14_stage2a/actor_model.py:62: UserWarning: enable_nested_tensor is True, but self.use_nested_tensor is False because encoder_layer.norm_first was True
  self.encoder = nn.TransformerEncoder(
[info] using task orders [0, 1, 2, 3, 4, 5, 6, 7, 8, 9]
QUAL_DONE put_the_cream_cheese_in_the_bowl__calibration__seed17__init13__shift_080mm error=0
/mnt/cpfs/zbl-cpfs-new/USERS/leon/code/r16-p14-stage2d-20260818-phase1-recovery-v2/experiments/r16_p14_stage2a/r16_p14_stage2a/actor_model.py:62: UserWarning: enable_nested_tensor is True, but self.use_nested_tensor is False because encoder_layer.norm_first was True
  self.encoder = nn.TransformerEncoder(
[info] using task orders [0, 1, 2, 3, 4, 5, 6, 7, 8, 9]
QUAL_DONE put_the_cream_cheese_in_the_bowl__calibration__seed17__init14__shift_080mm error=0
/mnt/cpfs/zbl-cpfs-new/USERS/leon/code/r16-p14-stage2d-20260818-phase1-recovery-v2/experiments/r16_p14_stage2a/r16_p14_stage2a/actor_model.py:62: UserWarning: enable_nested_tensor is True, but self.use_nested_tensor is False because encoder_layer.norm_first was True
  self.encoder = nn.TransformerEncoder(
[info] using task orders [0, 1, 2, 3, 4, 5, 6, 7, 8, 9]
QUAL_DONE put_the_cream_cheese_in_the_bowl__calibration__seed17__init15__shift_040mm error=0
/mnt/cpfs/zbl-cpfs-new/USERS/leon/code/r16-p14-stage2d-20260818-phase1-recovery-v2/experiments/r16_p14_stage2a/r16_p14_stage2a/actor_model.py:62: UserWarning: enable_nested_tensor is True, but self.use_nested_tensor is False because encoder_layer.norm_first was True
  self.encoder = nn.TransformerEncoder(
[info] using task orders [0, 1, 2, 3, 4, 5, 6, 7, 8, 9]
QUAL_DONE put_the_cream_cheese_in_the_bowl__calibration__seed17__init15__shift_060mm error=0
/mnt/cpfs/zbl-cpfs-new/USERS/leon/code/r16-p14-stage2d-20260818-phase1-recovery-v2/experiments/r16_p14_stage2a/r16_p14_stage2a/actor_model.py:62: UserWarning: enable_nested_tensor is True, but self.use_nested_tensor is False because encoder_layer.norm_first was True
  self.encoder = nn.TransformerEncoder(
[info] using task orders [0, 1, 2, 3, 4, 5, 6, 7, 8, 9]
QUAL_DONE put_the_cream_cheese_in_the_bowl__calibration__seed17__init15__shift_080mm error=0
/mnt/cpfs/zbl-cpfs-new/USERS/leon/code/r16-p14-stage2d-20260818-phase1-recovery-v2/experiments/r16_p14_stage2a/r16_p14_stage2a/actor_model.py:62: UserWarning: enable_nested_tensor is True, but self.use_nested_tensor is False because encoder_layer.norm_first was True
  self.encoder = nn.TransformerEncoder(
[info] using task orders [0, 1, 2, 3, 4, 5, 6, 7, 8, 9]
QUAL_DONE put_the_cream_cheese_in_the_bowl__calibration__seed17__init16__shift_060mm error=0
/mnt/cpfs/zbl-cpfs-new/USERS/leon/code/r16-p14-stage2d-20260818-phase1-recovery-v2/experiments/r16_p14_stage2a/r16_p14_stage2a/actor_model.py:62: UserWarning: enable_nested_tensor is True, but self.use_nested_tensor is False because encoder_layer.norm_first was True
  self.encoder = nn.TransformerEncoder(
[info] using task orders [0, 1, 2, 3, 4, 5, 6, 7, 8, 9]
QUAL_DONE put_the_cream_cheese_in_the_bowl__calibration__seed17__init16__shift_080mm error=0
/mnt/cpfs/zbl-cpfs-new/USERS/leon/code/r16-p14-stage2d-20260818-phase1-recovery-v2/experiments/r16_p14_stage2a/r16_p14_stage2a/actor_model.py:62: UserWarning: enable_nested_tensor is True, but self.use_nested_tensor is False because encoder_layer.norm_first was True
  self.encoder = nn.TransformerEncoder(
[info] using task orders [0, 1, 2, 3, 4, 5, 6, 7, 8, 9]
QUAL_DONE put_the_cream_cheese_in_the_bowl__calibration__seed17__init17__shift_040mm error=0
/mnt/cpfs/zbl-cpfs-new/USERS/leon/code/r16-p14-stage2d-20260818-phase1-recovery-v2/experiments/r16_p14_stage2a/r16_p14_stage2a/actor_model.py:62: UserWarning: enable_nested_tensor is True, but self.use_nested_tensor is False because encoder_layer.norm_first was True
  self.encoder = nn.TransformerEncoder(
[info] using task orders [0, 1, 2, 3, 4, 5, 6, 7, 8, 9]
QUAL_DONE put_the_cream_cheese_in_the_bowl__calibration__seed17__init17__shift_080mm error=0
/mnt/cpfs/zbl-cpfs-new/USERS/leon/code/r16-p14-stage2d-20260818-phase1-recovery-v2/experiments/r16_p14_stage2a/r16_p14_stage2a/actor_model.py:62: UserWarning: enable_nested_tensor is True, but self.use_nested_tensor is False because encoder_layer.norm_first was True
  self.encoder = nn.TransformerEncoder(
[info] using task orders [0, 1, 2, 3, 4, 5, 6, 7, 8, 9]
QUAL_DONE put_the_cream_cheese_in_the_bowl__calibration__seed17__init19__shift_040mm error=0
/mnt/cpfs/zbl-cpfs-new/USERS/leon/code/r16-p14-stage2d-20260818-phase1-recovery-v2/experiments/r16_p14_stage2a/r16_p14_stage2a/actor_model.py:62: UserWarning: enable_nested_tensor is True, but self.use_nested_tensor is False because encoder_layer.norm_first was True
  self.encoder = nn.TransformerEncoder(
[info] using task orders [0, 1, 2, 3, 4, 5, 6, 7, 8, 9]
QUAL_DONE put_the_cream_cheese_in_the_bowl__calibration__seed17__init19__shift_060mm error=0
/mnt/cpfs/zbl-cpfs-new/USERS/leon/code/r16-p14-stage2d-20260818-phase1-recovery-v2/experiments/r16_p14_stage2a/r16_p14_stage2a/actor_model.py:62: UserWarning: enable_nested_tensor is True, but self.use_nested_tensor is False because encoder_layer.norm_first was True
  self.encoder = nn.TransformerEncoder(
[info] using task orders [0, 1, 2, 3, 4, 5, 6, 7, 8, 9]
QUAL_DONE put_the_cream_cheese_in_the_bowl__calibration__seed17__init20__shift_080mm error=0
/mnt/cpfs/zbl-cpfs-new/USERS/leon/code/r16-p14-stage2d-20260818-phase1-recovery-v2/experiments/r16_p14_stage2a/r16_p14_stage2a/actor_model.py:62: UserWarning: enable_nested_tensor is True, but self.use_nested_tensor is False because encoder_layer.norm_first was True
  self.encoder = nn.TransformerEncoder(
[info] using task orders [0, 1, 2, 3, 4, 5, 6, 7, 8, 9]
QUAL_DONE put_the_cream_cheese_in_the_bowl__calibration__seed17__init21__shift_080mm error=0
/mnt/cpfs/zbl-cpfs-new/USERS/leon/code/r16-p14-stage2d-20260818-phase1-recovery-v2/experiments/r16_p14_stage2a/r16_p14_stage2a/actor_model.py:62: UserWarning: enable_nested_tensor is True, but self.use_nested_tensor is False because encoder_layer.norm_first was True
  self.encoder = nn.TransformerEncoder(
[info] using task orders [0, 1, 2, 3, 4, 5, 6, 7, 8, 9]
QUAL_DONE put_the_cream_cheese_in_the_bowl__calibration__seed17__init22__shift_060mm error=0
/mnt/cpfs/zbl-cpfs-new/USERS/leon/code/r16-p14-stage2d-20260818-phase1-recovery-v2/experiments/r16_p14_stage2a/r16_p14_stage2a/actor_model.py:62: UserWarning: enable_nested_tensor is True, but self.use_nested_tensor is False because encoder_layer.norm_first was True
  self.encoder = nn.TransformerEncoder(
[info] using task orders [0, 1, 2, 3, 4, 5, 6, 7, 8, 9]
QUAL_DONE put_the_cream_cheese_in_the_bowl__calibration__seed17__init22__shift_080mm error=0
/mnt/cpfs/zbl-cpfs-new/USERS/leon/code/r16-p14-stage2d-20260818-phase1-recovery-v2/experiments/r16_p14_stage2a/r16_p14_stage2a/actor_model.py:62: UserWarning: enable_nested_tensor is True, but self.use_nested_tensor is False because encoder_layer.norm_first was True
  self.encoder = nn.TransformerEncoder(
[info] using task orders [0, 1, 2, 3, 4, 5, 6, 7, 8, 9]
QUAL_DONE put_the_cream_cheese_in_the_bowl__calibration__seed17__init23__shift_040mm error=0
/mnt/cpfs/zbl-cpfs-new/USERS/leon/code/r16-p14-stage2d-20260818-phase1-recovery-v2/experiments/r16_p14_stage2a/r16_p14_stage2a/actor_model.py:62: UserWarning: enable_nested_tensor is True, but self.use_nested_tensor is False because encoder_layer.norm_first was True
  self.encoder = nn.TransformerEncoder(
[info] using task orders [0, 1, 2, 3, 4, 5, 6, 7, 8, 9]
QUAL_DONE put_the_cream_cheese_in_the_bowl__calibration__seed17__init23__shift_060mm error=0
/mnt/cpfs/zbl-cpfs-new/USERS/leon/code/r16-p14-stage2d-20260818-phase1-recovery-v2/experiments/r16_p14_stage2a/r16_p14_stage2a/actor_model.py:62: UserWarning: enable_nested_tensor is True, but self.use_nested_tensor is False because encoder_layer.norm_first was True
  self.encoder = nn.TransformerEncoder(
[info] using task orders [0, 1, 2, 3, 4, 5, 6, 7, 8, 9]
QUAL_DONE put_the_cream_cheese_in_the_bowl__calibration__seed17__init24__shift_040mm error=0
/mnt/cpfs/zbl-cpfs-new/USERS/leon/code/r16-p14-stage2d-20260818-phase1-recovery-v2/experiments/r16_p14_stage2a/r16_p14_stage2a/actor_model.py:62: UserWarning: enable_nested_tensor is True, but self.use_nested_tensor is False because encoder_layer.norm_first was True
  self.encoder = nn.TransformerEncoder(
[info] using task orders [0, 1, 2, 3, 4, 5, 6, 7, 8, 9]
QUAL_DONE put_the_cream_cheese_in_the_bowl__calibration__seed17__init26__shift_040mm error=0
/mnt/cpfs/zbl-cpfs-new/USERS/leon/code/r16-p14-stage2d-20260818-phase1-recovery-v2/experiments/r16_p14_stage2a/r16_p14_stage2a/actor_model.py:62: UserWarning: enable_nested_tensor is True, but self.use_nested_tensor is False because encoder_layer.norm_first was True
  self.encoder = nn.TransformerEncoder(
[info] using task orders [0, 1, 2, 3, 4, 5, 6, 7, 8, 9]
QUAL_DONE put_the_cream_cheese_in_the_bowl__calibration__seed17__init26__shift_060mm error=0
/mnt/cpfs/zbl-cpfs-new/USERS/leon/code/r16-p14-stage2d-20260818-phase1-recovery-v2/experiments/r16_p14_stage2a/r16_p14_stage2a/actor_model.py:62: UserWarning: enable_nested_tensor is True, but self.use_nested_tensor is False because encoder_layer.norm_first was True
  self.encoder = nn.TransformerEncoder(
[info] using task orders [0, 1, 2, 3, 4, 5, 6, 7, 8, 9]
QUAL_DONE put_the_cream_cheese_in_the_bowl__calibration__seed17__init29__shift_040mm error=0
/mnt/cpfs/zbl-cpfs-new/USERS/leon/code/r16-p14-stage2d-20260818-phase1-recovery-v2/experiments/r16_p14_stage2a/r16_p14_stage2a/actor_model.py:62: UserWarning: enable_nested_tensor is True, but self.use_nested_tensor is False because encoder_layer.norm_first was True
  self.encoder = nn.TransformerEncoder(
[info] using task orders [0, 1, 2, 3, 4, 5, 6, 7, 8, 9]
QUAL_DONE put_the_cream_cheese_in_the_bowl__calibration__seed17__init32__shift_060mm error=0
/mnt/cpfs/zbl-cpfs-new/USERS/leon/code/r16-p14-stage2d-20260818-phase1-recovery-v2/experiments/r16_p14_stage2a/r16_p14_stage2a/actor_model.py:62: UserWarning: enable_nested_tensor is True, but self.use_nested_tensor is False because encoder_layer.norm_first was True
  self.encoder = nn.TransformerEncoder(
[info] using task orders [0, 1, 2, 3, 4, 5, 6, 7, 8, 9]
QUAL_DONE put_the_cream_cheese_in_the_bowl__calibration__seed17__init34__shift_080mm error=0
/mnt/cpfs/zbl-cpfs-new/USERS/leon/code/r16-p14-stage2d-20260818-phase1-recovery-v2/experiments/r16_p14_stage2a/r16_p14_stage2a/actor_model.py:62: UserWarning: enable_nested_tensor is True, but self.use_nested_tensor is False because encoder_layer.norm_first was True
  self.encoder = nn.TransformerEncoder(
[info] using task orders [0, 1, 2, 3, 4, 5, 6, 7, 8, 9]
QUAL_DONE put_the_cream_cheese_in_the_bowl__calibration__seed17__init35__shift_060mm error=0
/mnt/cpfs/zbl-cpfs-new/USERS/leon/code/r16-p14-stage2d-20260818-phase1-recovery-v2/experiments/r16_p14_stage2a/r16_p14_stage2a/actor_model.py:62: UserWarning: enable_nested_tensor is True, but self.use_nested_tensor is False because encoder_layer.norm_first was True
  self.encoder = nn.TransformerEncoder(
[info] using task orders [0, 1, 2, 3, 4, 5, 6, 7, 8, 9]
QUAL_DONE put_the_cream_cheese_in_the_bowl__calibration__seed17__init39__shift_040mm error=0
/mnt/cpfs/zbl-cpfs-new/USERS/leon/code/r16-p14-stage2d-20260818-phase1-recovery-v2/experiments/r16_p14_stage2a/r16_p14_stage2a/actor_model.py:62: UserWarning: enable_nested_tensor is True, but self.use_nested_tensor is False because encoder_layer.norm_first was True
  self.encoder = nn.TransformerEncoder(
[info] using task orders [0, 1, 2, 3, 4, 5, 6, 7, 8, 9]
QUAL_DONE put_the_cream_cheese_in_the_bowl__calibration__seed17__init39__shift_060mm error=0
/mnt/cpfs/zbl-cpfs-new/USERS/leon/code/r16-p14-stage2d-20260818-phase1-recovery-v2/experiments/r16_p14_stage2a/r16_p14_stage2a/actor_model.py:62: UserWarning: enable_nested_tensor is True, but self.use_nested_tensor is False because encoder_layer.norm_first was True
  self.encoder = nn.TransformerEncoder(
[info] using task orders [0, 1, 2, 3, 4, 5, 6, 7, 8, 9]
QUAL_DONE put_the_cream_cheese_in_the_bowl__calibration__seed17__init39__shift_080mm error=0
/mnt/cpfs/zbl-cpfs-new/USERS/leon/code/r16-p14-stage2d-20260818-phase1-recovery-v2/experiments/r16_p14_stage2a/r16_p14_stage2a/actor_model.py:62: UserWarning: enable_nested_tensor is True, but self.use_nested_tensor is False because encoder_layer.norm_first was True
  self.encoder = nn.TransformerEncoder(
[info] using task orders [0, 1, 2, 3, 4, 5, 6, 7, 8, 9]
QUAL_DONE put_the_cream_cheese_in_the_bowl__calibration__seed29__init10__shift_040mm error=0
/mnt/cpfs/zbl-cpfs-new/USERS/leon/code/r16-p14-stage2d-20260818-phase1-recovery-v2/experiments/r16_p14_stage2a/r16_p14_stage2a/actor_model.py:62: UserWarning: enable_nested_tensor is True, but self.use_nested_tensor is False because encoder_layer.norm_first was True
  self.encoder = nn.TransformerEncoder(
[info] using task orders [0, 1, 2, 3, 4, 5, 6, 7, 8, 9]
QUAL_DONE put_the_cream_cheese_in_the_bowl__calibration__seed29__init10__shift_080mm error=0
/mnt/cpfs/zbl-cpfs-new/USERS/leon/code/r16-p14-stage2d-20260818-phase1-recovery-v2/experiments/r16_p14_stage2a/r16_p14_stage2a/actor_model.py:62: UserWarning: enable_nested_tensor is True, but self.use_nested_tensor is False because encoder_layer.norm_first was True
  self.encoder = nn.TransformerEncoder(
[info] using task orders [0, 1, 2, 3, 4, 5, 6, 7, 8, 9]
QUAL_DONE put_the_cream_cheese_in_the_bowl__calibration__seed29__init12__shift_040mm error=0
/mnt/cpfs/zbl-cpfs-new/USERS/leon/code/r16-p14-stage2d-20260818-phase1-recovery-v2/experiments/r16_p14_stage2a/r16_p14_stage2a/actor_model.py:62: UserWarning: enable_nested_tensor is True, but self.use_nested_tensor is False because encoder_layer.norm_first was True
  self.encoder = nn.TransformerEncoder(
[info] using task orders [0, 1, 2, 3, 4, 5, 6, 7, 8, 9]
QUAL_DONE put_the_cream_cheese_in_the_bowl__calibration__seed29__init12__shift_060mm error=0
/mnt/cpfs/zbl-cpfs-new/USERS/leon/code/r16-p14-stage2d-20260818-phase1-recovery-v2/experiments/r16_p14_stage2a/r16_p14_stage2a/actor_model.py:62: UserWarning: enable_nested_tensor is True, but self.use_nested_tensor is False because encoder_layer.norm_first was True
  self.encoder = nn.TransformerEncoder(
[info] using task orders [0, 1, 2, 3, 4, 5, 6, 7, 8, 9]
QUAL_DONE put_the_cream_cheese_in_the_bowl__calibration__seed29__init13__shift_060mm error=0
/mnt/cpfs/zbl-cpfs-new/USERS/leon/code/r16-p14-stage2d-20260818-phase1-recovery-v2/experiments/r16_p14_stage2a/r16_p14_stage2a/actor_model.py:62: UserWarning: enable_nested_tensor is True, but self.use_nested_tensor is False because encoder_layer.norm_first was True
  self.encoder = nn.TransformerEncoder(
[info] using task orders [0, 1, 2, 3, 4, 5, 6, 7, 8, 9]
QUAL_DONE put_the_cream_cheese_in_the_bowl__calibration__seed29__init13__shift_080mm error=0
/mnt/cpfs/zbl-cpfs-new/USERS/leon/code/r16-p14-stage2d-20260818-phase1-recovery-v2/experiments/r16_p14_stage2a/r16_p14_stage2a/actor_model.py:62: UserWarning: enable_nested_tensor is True, but self.use_nested_tensor is False because encoder_layer.norm_first was True
  self.encoder = nn.TransformerEncoder(
[info] using task orders [0, 1, 2, 3, 4, 5, 6, 7, 8, 9]
QUAL_DONE put_the_cream_cheese_in_the_bowl__calibration__seed29__init14__shift_040mm error=0
/mnt/cpfs/zbl-cpfs-new/USERS/leon/code/r16-p14-stage2d-20260818-phase1-recovery-v2/experiments/r16_p14_stage2a/r16_p14_stage2a/actor_model.py:62: UserWarning: enable_nested_tensor is True, but self.use_nested_tensor is False because encoder_layer.norm_first was True
  self.encoder = nn.TransformerEncoder(
[info] using task orders [0, 1, 2, 3, 4, 5, 6, 7, 8, 9]
QUAL_DONE put_the_cream_cheese_in_the_bowl__calibration__seed29__init15__shift_040mm error=0
/mnt/cpfs/zbl-cpfs-new/USERS/leon/code/r16-p14-stage2d-20260818-phase1-recovery-v2/experiments/r16_p14_stage2a/r16_p14_stage2a/actor_model.py:62: UserWarning: enable_nested_tensor is True, but self.use_nested_tensor is False because encoder_layer.norm_first was True
  self.encoder = nn.TransformerEncoder(
[info] using task orders [0, 1, 2, 3, 4, 5, 6, 7, 8, 9]
QUAL_DONE put_the_cream_cheese_in_the_bowl__calibration__seed29__init16__shift_040mm error=0
/mnt/cpfs/zbl-cpfs-new/USERS/leon/code/r16-p14-stage2d-20260818-phase1-recovery-v2/experiments/r16_p14_stage2a/r16_p14_stage2a/actor_model.py:62: UserWarning: enable_nested_tensor is True, but self.use_nested_tensor is False because encoder_layer.norm_first was True
  self.encoder = nn.TransformerEncoder(
[info] using task orders [0, 1, 2, 3, 4, 5, 6, 7, 8, 9]
QUAL_DONE put_the_cream_cheese_in_the_bowl__calibration__seed29__init16__shift_060mm error=0
/mnt/cpfs/zbl-cpfs-new/USERS/leon/code/r16-p14-stage2d-20260818-phase1-recovery-v2/experiments/r16_p14_stage2a/r16_p14_stage2a/actor_model.py:62: UserWarning: enable_nested_tensor is True, but self.use_nested_tensor is False because encoder_layer.norm_first was True
  self.encoder = nn.TransformerEncoder(
[info] using task orders [0, 1, 2, 3, 4, 5, 6, 7, 8, 9]
QUAL_DONE put_the_cream_cheese_in_the_bowl__calibration__seed29__init16__shift_080mm error=0
/mnt/cpfs/zbl-cpfs-new/USERS/leon/code/r16-p14-stage2d-20260818-phase1-recovery-v2/experiments/r16_p14_stage2a/r16_p14_stage2a/actor_model.py:62: UserWarning: enable_nested_tensor is True, but self.use_nested_tensor is False because encoder_layer.norm_first was True
  self.encoder = nn.TransformerEncoder(
[info] using task orders [0, 1, 2, 3, 4, 5, 6, 7, 8, 9]
QUAL_DONE put_the_cream_cheese_in_the_bowl__calibration__seed29__init18__shift_040mm error=0
/mnt/cpfs/zbl-cpfs-new/USERS/leon/code/r16-p14-stage2d-20260818-phase1-recovery-v2/experiments/r16_p14_stage2a/r16_p14_stage2a/actor_model.py:62: UserWarning: enable_nested_tensor is True, but self.use_nested_tensor is False because encoder_layer.norm_first was True
  self.encoder = nn.TransformerEncoder(
[info] using task orders [0, 1, 2, 3, 4, 5, 6, 7, 8, 9]
QUAL_DONE put_the_cream_cheese_in_the_bowl__calibration__seed29__init18__shift_060mm error=0
/mnt/cpfs/zbl-cpfs-new/USERS/leon/code/r16-p14-stage2d-20260818-phase1-recovery-v2/experiments/r16_p14_stage2a/r16_p14_stage2a/actor_model.py:62: UserWarning: enable_nested_tensor is True, but self.use_nested_tensor is False because encoder_layer.norm_first was True
  self.encoder = nn.TransformerEncoder(
[info] using task orders [0, 1, 2, 3, 4, 5, 6, 7, 8, 9]
QUAL_DONE put_the_cream_cheese_in_the_bowl__calibration__seed29__init18__shift_080mm error=0
/mnt/cpfs/zbl-cpfs-new/USERS/leon/code/r16-p14-stage2d-20260818-phase1-recovery-v2/experiments/r16_p14_stage2a/r16_p14_stage2a/actor_model.py:62: UserWarning: enable_nested_tensor is True, but self.use_nested_tensor is False because encoder_layer.norm_first was True
  self.encoder = nn.TransformerEncoder(
[info] using task orders [0, 1, 2, 3, 4, 5, 6, 7, 8, 9]
QUAL_DONE put_the_cream_cheese_in_the_bowl__calibration__seed29__init19__shift_080mm error=0
/mnt/cpfs/zbl-cpfs-new/USERS/leon/code/r16-p14-stage2d-20260818-phase1-recovery-v2/experiments/r16_p14_stage2a/r16_p14_stage2a/actor_model.py:62: UserWarning: enable_nested_tensor is True, but self.use_nested_tensor is False because encoder_layer.norm_first was True
  self.encoder = nn.TransformerEncoder(
[info] using task orders [0, 1, 2, 3, 4, 5, 6, 7, 8, 9]
QUAL_DONE put_the_cream_cheese_in_the_bowl__calibration__seed29__init20__shift_060mm error=0
/mnt/cpfs/zbl-cpfs-new/USERS/leon/code/r16-p14-stage2d-20260818-phase1-recovery-v2/experiments/r16_p14_stage2a/r16_p14_stage2a/actor_model.py:62: UserWarning: enable_nested_tensor is True, but self.use_nested_tensor is False because encoder_layer.norm_first was True
  self.encoder = nn.TransformerEncoder(
[info] using task orders [0, 1, 2, 3, 4, 5, 6, 7, 8, 9]
QUAL_DONE put_the_cream_cheese_in_the_bowl__calibration__seed29__init20__shift_080mm error=0
/mnt/cpfs/zbl-cpfs-new/USERS/leon/code/r16-p14-stage2d-20260818-phase1-recovery-v2/experiments/r16_p14_stage2a/r16_p14_stage2a/actor_model.py:62: UserWarning: enable_nested_tensor is True, but self.use_nested_tensor is False because encoder_layer.norm_first was True
  self.encoder = nn.TransformerEncoder(
[info] using task orders [0, 1, 2, 3, 4, 5, 6, 7, 8, 9]
QUAL_DONE put_the_cream_cheese_in_the_bowl__calibration__seed29__init21__shift_060mm error=0
/mnt/cpfs/zbl-cpfs-new/USERS/leon/code/r16-p14-stage2d-20260818-phase1-recovery-v2/experiments/r16_p14_stage2a/r16_p14_stage2a/actor_model.py:62: UserWarning: enable_nested_tensor is True, but self.use_nested_tensor is False because encoder_layer.norm_first was True
  self.encoder = nn.TransformerEncoder(
[info] using task orders [0, 1, 2, 3, 4, 5, 6, 7, 8, 9]
QUAL_DONE put_the_cream_cheese_in_the_bowl__calibration__seed29__init21__shift_080mm error=0
/mnt/cpfs/zbl-cpfs-new/USERS/leon/code/r16-p14-stage2d-20260818-phase1-recovery-v2/experiments/r16_p14_stage2a/r16_p14_stage2a/actor_model.py:62: UserWarning: enable_nested_tensor is True, but self.use_nested_tensor is False because encoder_layer.norm_first was True
  self.encoder = nn.TransformerEncoder(
[info] using task orders [0, 1, 2, 3, 4, 5, 6, 7, 8, 9]
QUAL_DONE put_the_cream_cheese_in_the_bowl__calibration__seed29__init22__shift_060mm error=0
/mnt/cpfs/zbl-cpfs-new/USERS/leon/code/r16-p14-stage2d-20260818-phase1-recovery-v2/experiments/r16_p14_stage2a/r16_p14_stage2a/actor_model.py:62: UserWarning: enable_nested_tensor is True, but self.use_nested_tensor is False because encoder_layer.norm_first was True
  self.encoder = nn.TransformerEncoder(
[info] using task orders [0, 1, 2, 3, 4, 5, 6, 7, 8, 9]
QUAL_DONE put_the_cream_cheese_in_the_bowl__calibration__seed29__init24__shift_060mm error=0
/mnt/cpfs/zbl-cpfs-new/USERS/leon/code/r16-p14-stage2d-20260818-phase1-recovery-v2/experiments/r16_p14_stage2a/r16_p14_stage2a/actor_model.py:62: UserWarning: enable_nested_tensor is True, but self.use_nested_tensor is False because encoder_layer.norm_first was True
  self.encoder = nn.TransformerEncoder(
[info] using task orders [0, 1, 2, 3, 4, 5, 6, 7, 8, 9]
QUAL_DONE put_the_cream_cheese_in_the_bowl__calibration__seed29__init24__shift_080mm error=0
/mnt/cpfs/zbl-cpfs-new/USERS/leon/code/r16-p14-stage2d-20260818-phase1-recovery-v2/experiments/r16_p14_stage2a/r16_p14_stage2a/actor_model.py:62: UserWarning: enable_nested_tensor is True, but self.use_nested_tensor is False because encoder_layer.norm_first was True
  self.encoder = nn.TransformerEncoder(
[info] using task orders [0, 1, 2, 3, 4, 5, 6, 7, 8, 9]
QUAL_DONE put_the_cream_cheese_in_the_bowl__calibration__seed29__init25__shift_040mm error=0
/mnt/cpfs/zbl-cpfs-new/USERS/leon/code/r16-p14-stage2d-20260818-phase1-recovery-v2/experiments/r16_p14_stage2a/r16_p14_stage2a/actor_model.py:62: UserWarning: enable_nested_tensor is True, but self.use_nested_tensor is False because encoder_layer.norm_first was True
  self.encoder = nn.TransformerEncoder(
[info] using task orders [0, 1, 2, 3, 4, 5, 6, 7, 8, 9]
QUAL_DONE put_the_cream_cheese_in_the_bowl__calibration__seed29__init25__shift_080mm error=0
/mnt/cpfs/zbl-cpfs-new/USERS/leon/code/r16-p14-stage2d-20260818-phase1-recovery-v2/experiments/r16_p14_stage2a/r16_p14_stage2a/actor_model.py:62: UserWarning: enable_nested_tensor is True, but self.use_nested_tensor is False because encoder_layer.norm_first was True
  self.encoder = nn.TransformerEncoder(
[info] using task orders [0, 1, 2, 3, 4, 5, 6, 7, 8, 9]
QUAL_DONE put_the_cream_cheese_in_the_bowl__calibration__seed29__init27__shift_040mm error=0
/mnt/cpfs/zbl-cpfs-new/USERS/leon/code/r16-p14-stage2d-20260818-phase1-recovery-v2/experiments/r16_p14_stage2a/r16_p14_stage2a/actor_model.py:62: UserWarning: enable_nested_tensor is True, but self.use_nested_tensor is False because encoder_layer.norm_first was True
  self.encoder = nn.TransformerEncoder(
[info] using task orders [0, 1, 2, 3, 4, 5, 6, 7, 8, 9]
QUAL_DONE put_the_cream_cheese_in_the_bowl__calibration__seed29__init27__shift_080mm error=0
/mnt/cpfs/zbl-cpfs-new/USERS/leon/code/r16-p14-stage2d-20260818-phase1-recovery-v2/experiments/r16_p14_stage2a/r16_p14_stage2a/actor_model.py:62: UserWarning: enable_nested_tensor is True, but self.use_nested_tensor is False because encoder_layer.norm_first was True
  self.encoder = nn.TransformerEncoder(
[info] using task orders [0, 1, 2, 3, 4, 5, 6, 7, 8, 9]
QUAL_DONE put_the_cream_cheese_in_the_bowl__calibration__seed29__init30__shift_080mm error=0
/mnt/cpfs/zbl-cpfs-new/USERS/leon/code/r16-p14-stage2d-20260818-phase1-recovery-v2/experiments/r16_p14_stage2a/r16_p14_stage2a/actor_model.py:62: UserWarning: enable_nested_tensor is True, but self.use_nested_tensor is False because encoder_layer.norm_first was True
  self.encoder = nn.TransformerEncoder(
[info] using task orders [0, 1, 2, 3, 4, 5, 6, 7, 8, 9]
QUAL_DONE put_the_cream_cheese_in_the_bowl__calibration__seed29__init31__shift_040mm error=0
/mnt/cpfs/zbl-cpfs-new/USERS/leon/code/r16-p14-stage2d-20260818-phase1-recovery-v2/experiments/r16_p14_stage2a/r16_p14_stage2a/actor_model.py:62: UserWarning: enable_nested_tensor is True, but self.use_nested_tensor is False because encoder_layer.norm_first was True
  self.encoder = nn.TransformerEncoder(
[info] using task orders [0, 1, 2, 3, 4, 5, 6, 7, 8, 9]
QUAL_DONE put_the_cream_cheese_in_the_bowl__calibration__seed29__init31__shift_060mm error=0
/mnt/cpfs/zbl-cpfs-new/USERS/leon/code/r16-p14-stage2d-20260818-phase1-recovery-v2/experiments/r16_p14_stage2a/r16_p14_stage2a/actor_model.py:62: UserWarning: enable_nested_tensor is True, but self.use_nested_tensor is False because encoder_layer.norm_first was True
  self.encoder = nn.TransformerEncoder(
[info] using task orders [0, 1, 2, 3, 4, 5, 6, 7, 8, 9]
QUAL_DONE put_the_cream_cheese_in_the_bowl__calibration__seed29__init32__shift_060mm error=0
/mnt/cpfs/zbl-cpfs-new/USERS/leon/code/r16-p14-stage2d-20260818-phase1-recovery-v2/experiments/r16_p14_stage2a/r16_p14_stage2a/actor_model.py:62: UserWarning: enable_nested_tensor is True, but self.use_nested_tensor is False because encoder_layer.norm_first was True
  self.encoder = nn.TransformerEncoder(
[info] using task orders [0, 1, 2, 3, 4, 5, 6, 7, 8, 9]
QUAL_DONE put_the_cream_cheese_in_the_bowl__calibration__seed29__init32__shift_080mm error=0
/mnt/cpfs/zbl-cpfs-new/USERS/leon/code/r16-p14-stage2d-20260818-phase1-recovery-v2/experiments/r16_p14_stage2a/r16_p14_stage2a/actor_model.py:62: UserWarning: enable_nested_tensor is True, but self.use_nested_tensor is False because encoder_layer.norm_first was True
  self.encoder = nn.TransformerEncoder(
[info] using task orders [0, 1, 2, 3, 4, 5, 6, 7, 8, 9]
QUAL_DONE put_the_cream_cheese_in_the_bowl__calibration__seed29__init33__shift_040mm error=0
/mnt/cpfs/zbl-cpfs-new/USERS/leon/code/r16-p14-stage2d-20260818-phase1-recovery-v2/experiments/r16_p14_stage2a/r16_p14_stage2a/actor_model.py:62: UserWarning: enable_nested_tensor is True, but self.use_nested_tensor is False because encoder_layer.norm_first was True
  self.encoder = nn.TransformerEncoder(
[info] using task orders [0, 1, 2, 3, 4, 5, 6, 7, 8, 9]
QUAL_DONE put_the_cream_cheese_in_the_bowl__calibration__seed29__init33__shift_080mm error=0
/mnt/cpfs/zbl-cpfs-new/USERS/leon/code/r16-p14-stage2d-20260818-phase1-recovery-v2/experiments/r16_p14_stage2a/r16_p14_stage2a/actor_model.py:62: UserWarning: enable_nested_tensor is True, but self.use_nested_tensor is False because encoder_layer.norm_first was True
  self.encoder = nn.TransformerEncoder(
[info] using task orders [0, 1, 2, 3, 4, 5, 6, 7, 8, 9]
QUAL_DONE put_the_cream_cheese_in_the_bowl__calibration__seed29__init35__shift_080mm error=0
/mnt/cpfs/zbl-cpfs-new/USERS/leon/code/r16-p14-stage2d-20260818-phase1-recovery-v2/experiments/r16_p14_stage2a/r16_p14_stage2a/actor_model.py:62: UserWarning: enable_nested_tensor is True, but self.use_nested_tensor is False because encoder_layer.norm_first was True
  self.encoder = nn.TransformerEncoder(
[info] using task orders [0, 1, 2, 3, 4, 5, 6, 7, 8, 9]
QUAL_DONE put_the_cream_cheese_in_the_bowl__calibration__seed29__init37__shift_080mm error=0
/mnt/cpfs/zbl-cpfs-new/USERS/leon/code/r16-p14-stage2d-20260818-phase1-recovery-v2/experiments/r16_p14_stage2a/r16_p14_stage2a/actor_model.py:62: UserWarning: enable_nested_tensor is True, but self.use_nested_tensor is False because encoder_layer.norm_first was True
  self.encoder = nn.TransformerEncoder(
[info] using task orders [0, 1, 2, 3, 4, 5, 6, 7, 8, 9]
QUAL_DONE put_the_cream_cheese_in_the_bowl__calibration__seed29__init38__shift_040mm error=0
/mnt/cpfs/zbl-cpfs-new/USERS/leon/code/r16-p14-stage2d-20260818-phase1-recovery-v2/experiments/r16_p14_stage2a/r16_p14_stage2a/actor_model.py:62: UserWarning: enable_nested_tensor is True, but self.use_nested_tensor is False because encoder_layer.norm_first was True
  self.encoder = nn.TransformerEncoder(
[info] using task orders [0, 1, 2, 3, 4, 5, 6, 7, 8, 9]
QUAL_DONE put_the_cream_cheese_in_the_bowl__calibration__seed29__init38__shift_080mm error=0
/mnt/cpfs/zbl-cpfs-new/USERS/leon/code/r16-p14-stage2d-20260818-phase1-recovery-v2/experiments/r16_p14_stage2a/r16_p14_stage2a/actor_model.py:62: UserWarning: enable_nested_tensor is True, but self.use_nested_tensor is False because encoder_layer.norm_first was True
  self.encoder = nn.TransformerEncoder(
[info] using task orders [0, 1, 2, 3, 4, 5, 6, 7, 8, 9]
QUAL_DONE put_the_cream_cheese_in_the_bowl__calibration__seed29__init39__shift_040mm error=0
/mnt/cpfs/zbl-cpfs-new/USERS/leon/code/r16-p14-stage2d-20260818-phase1-recovery-v2/experiments/r16_p14_stage2a/r16_p14_stage2a/actor_model.py:62: UserWarning: enable_nested_tensor is True, but self.use_nested_tensor is False because encoder_layer.norm_first was True
  self.encoder = nn.TransformerEncoder(
[info] using task orders [0, 1, 2, 3, 4, 5, 6, 7, 8, 9]
QUAL_DONE put_the_cream_cheese_in_the_bowl__calibration__seed29__init39__shift_060mm error=0
/mnt/cpfs/zbl-cpfs-new/USERS/leon/code/r16-p14-stage2d-20260818-phase1-recovery-v2/experiments/r16_p14_stage2a/r16_p14_stage2a/actor_model.py:62: UserWarning: enable_nested_tensor is True, but self.use_nested_tensor is False because encoder_layer.norm_first was True
  self.encoder = nn.TransformerEncoder(
[info] using task orders [0, 1, 2, 3, 4, 5, 6, 7, 8, 9]
QUAL_DONE put_the_bowl_on_the_stove__calibration__seed07__init12__future_06__clearance_p000mm error=0
/mnt/cpfs/zbl-cpfs-new/USERS/leon/code/r16-p14-stage2d-20260818-phase1-recovery-v2/experiments/r16_p14_stage2a/r16_p14_stage2a/actor_model.py:62: UserWarning: enable_nested_tensor is True, but self.use_nested_tensor is False because encoder_layer.norm_first was True
  self.encoder = nn.TransformerEncoder(
[info] using task orders [0, 1, 2, 3, 4, 5, 6, 7, 8, 9]
QUAL_DONE put_the_bowl_on_the_stove__calibration__seed07__init12__future_06__clearance_p010mm error=0
/mnt/cpfs/zbl-cpfs-new/USERS/leon/code/r16-p14-stage2d-20260818-phase1-recovery-v2/experiments/r16_p14_stage2a/r16_p14_stage2a/actor_model.py:62: UserWarning: enable_nested_tensor is True, but self.use_nested_tensor is False because encoder_layer.norm_first was True
  self.encoder = nn.TransformerEncoder(
[info] using task orders [0, 1, 2, 3, 4, 5, 6, 7, 8, 9]
QUAL_DONE put_the_bowl_on_the_stove__calibration__seed07__init12__future_12__clearance_p000mm error=1
/mnt/cpfs/zbl-cpfs-new/USERS/leon/code/r16-p14-stage2d-20260818-phase1-recovery-v2/experiments/r16_p14_stage2a/r16_p14_stage2a/actor_model.py:62: UserWarning: enable_nested_tensor is True, but self.use_nested_tensor is False because encoder_layer.norm_first was True
  self.encoder = nn.TransformerEncoder(
[info] using task orders [0, 1, 2, 3, 4, 5, 6, 7, 8, 9]
QUAL_DONE put_the_bowl_on_the_stove__calibration__seed07__init13__future_06__clearance_m010mm error=0
/mnt/cpfs/zbl-cpfs-new/USERS/leon/code/r16-p14-stage2d-20260818-phase1-recovery-v2/experiments/r16_p14_stage2a/r16_p14_stage2a/actor_model.py:62: UserWarning: enable_nested_tensor is True, but self.use_nested_tensor is False because encoder_layer.norm_first was True
  self.encoder = nn.TransformerEncoder(
[info] using task orders [0, 1, 2, 3, 4, 5, 6, 7, 8, 9]
QUAL_DONE put_the_bowl_on_the_stove__calibration__seed07__init13__future_09__clearance_m010mm error=0
/mnt/cpfs/zbl-cpfs-new/USERS/leon/code/r16-p14-stage2d-20260818-phase1-recovery-v2/experiments/r16_p14_stage2a/r16_p14_stage2a/actor_model.py:62: UserWarning: enable_nested_tensor is True, but self.use_nested_tensor is False because encoder_layer.norm_first was True
  self.encoder = nn.TransformerEncoder(
[info] using task orders [0, 1, 2, 3, 4, 5, 6, 7, 8, 9]
QUAL_DONE put_the_bowl_on_the_stove__calibration__seed07__init13__future_09__clearance_p000mm error=0
/mnt/cpfs/zbl-cpfs-new/USERS/leon/code/r16-p14-stage2d-20260818-phase1-recovery-v2/experiments/r16_p14_stage2a/r16_p14_stage2a/actor_model.py:62: UserWarning: enable_nested_tensor is True, but self.use_nested_tensor is False because encoder_layer.norm_first was True
  self.encoder = nn.TransformerEncoder(
[info] using task orders [0, 1, 2, 3, 4, 5, 6, 7, 8, 9]
QUAL_DONE put_the_bowl_on_the_stove__calibration__seed07__init13__future_09__clearance_p010mm error=0
/mnt/cpfs/zbl-cpfs-new/USERS/leon/code/r16-p14-stage2d-20260818-phase1-recovery-v2/experiments/r16_p14_stage2a/r16_p14_stage2a/actor_model.py:62: UserWarning: enable_nested_tensor is True, but self.use_nested_tensor is False because encoder_layer.norm_first was True
  self.encoder = nn.TransformerEncoder(
[info] using task orders [0, 1, 2, 3, 4, 5, 6, 7, 8, 9]
QUAL_DONE put_the_bowl_on_the_stove__calibration__seed07__init13__future_12__clearance_m010mm error=0
/mnt/cpfs/zbl-cpfs-new/USERS/leon/code/r16-p14-stage2d-20260818-phase1-recovery-v2/experiments/r16_p14_stage2a/r16_p14_stage2a/actor_model.py:62: UserWarning: enable_nested_tensor is True, but self.use_nested_tensor is False because encoder_layer.norm_first was True
  self.encoder = nn.TransformerEncoder(
[info] using task orders [0, 1, 2, 3, 4, 5, 6, 7, 8, 9]
QUAL_DONE put_the_bowl_on_the_stove__calibration__seed07__init13__future_12__clearance_p000mm error=0
/mnt/cpfs/zbl-cpfs-new/USERS/leon/code/r16-p14-stage2d-20260818-phase1-recovery-v2/experiments/r16_p14_stage2a/r16_p14_stage2a/actor_model.py:62: UserWarning: enable_nested_tensor is True, but self.use_nested_tensor is False because encoder_layer.norm_first was True
  self.encoder = nn.TransformerEncoder(
[info] using task orders [0, 1, 2, 3, 4, 5, 6, 7, 8, 9]
QUAL_DONE put_the_bowl_on_the_stove__calibration__seed07__init14__future_06__clearance_p000mm error=0
/mnt/cpfs/zbl-cpfs-new/USERS/leon/code/r16-p14-stage2d-20260818-phase1-recovery-v2/experiments/r16_p14_stage2a/r16_p14_stage2a/actor_model.py:62: UserWarning: enable_nested_tensor is True, but self.use_nested_tensor is False because encoder_layer.norm_first was True
  self.encoder = nn.TransformerEncoder(
[info] using task orders [0, 1, 2, 3, 4, 5, 6, 7, 8, 9]
QUAL_DONE put_the_bowl_on_the_stove__calibration__seed07__init14__future_06__clearance_p010mm error=0
/mnt/cpfs/zbl-cpfs-new/USERS/leon/code/r16-p14-stage2d-20260818-phase1-recovery-v2/experiments/r16_p14_stage2a/r16_p14_stage2a/actor_model.py:62: UserWarning: enable_nested_tensor is True, but self.use_nested_tensor is False because encoder_layer.norm_first was True
  self.encoder = nn.TransformerEncoder(
[info] using task orders [0, 1, 2, 3, 4, 5, 6, 7, 8, 9]
QUAL_DONE put_the_bowl_on_the_stove__calibration__seed07__init14__future_09__clearance_p010mm error=0
/mnt/cpfs/zbl-cpfs-new/USERS/leon/code/r16-p14-stage2d-20260818-phase1-recovery-v2/experiments/r16_p14_stage2a/r16_p14_stage2a/actor_model.py:62: UserWarning: enable_nested_tensor is True, but self.use_nested_tensor is False because encoder_layer.norm_first was True
  self.encoder = nn.TransformerEncoder(
[info] using task orders [0, 1, 2, 3, 4, 5, 6, 7, 8, 9]
QUAL_DONE put_the_bowl_on_the_stove__calibration__seed07__init14__future_12__clearance_m010mm error=1
/mnt/cpfs/zbl-cpfs-new/USERS/leon/code/r16-p14-stage2d-20260818-phase1-recovery-v2/experiments/r16_p14_stage2a/r16_p14_stage2a/actor_model.py:62: UserWarning: enable_nested_tensor is True, but self.use_nested_tensor is False because encoder_layer.norm_first was True
  self.encoder = nn.TransformerEncoder(
[info] using task orders [0, 1, 2, 3, 4, 5, 6, 7, 8, 9]
QUAL_DONE put_the_bowl_on_the_stove__calibration__seed07__init14__future_12__clearance_p010mm error=1
/mnt/cpfs/zbl-cpfs-new/USERS/leon/code/r16-p14-stage2d-20260818-phase1-recovery-v2/experiments/r16_p14_stage2a/r16_p14_stage2a/actor_model.py:62: UserWarning: enable_nested_tensor is True, but self.use_nested_tensor is False because encoder_layer.norm_first was True
  self.encoder = nn.TransformerEncoder(
[info] using task orders [0, 1, 2, 3, 4, 5, 6, 7, 8, 9]
QUAL_DONE put_the_bowl_on_the_stove__calibration__seed07__init15__future_09__clearance_m010mm error=0
/mnt/cpfs/zbl-cpfs-new/USERS/leon/code/r16-p14-stage2d-20260818-phase1-recovery-v2/experiments/r16_p14_stage2a/r16_p14_stage2a/actor_model.py:62: UserWarning: enable_nested_tensor is True, but self.use_nested_tensor is False because encoder_layer.norm_first was True
  self.encoder = nn.TransformerEncoder(
[info] using task orders [0, 1, 2, 3, 4, 5, 6, 7, 8, 9]
QUAL_DONE put_the_bowl_on_the_stove__calibration__seed07__init15__future_09__clearance_p000mm error=0
/mnt/cpfs/zbl-cpfs-new/USERS/leon/code/r16-p14-stage2d-20260818-phase1-recovery-v2/experiments/r16_p14_stage2a/r16_p14_stage2a/actor_model.py:62: UserWarning: enable_nested_tensor is True, but self.use_nested_tensor is False because encoder_layer.norm_first was True
  self.encoder = nn.TransformerEncoder(
[info] using task orders [0, 1, 2, 3, 4, 5, 6, 7, 8, 9]
QUAL_DONE put_the_bowl_on_the_stove__calibration__seed07__init15__future_09__clearance_p010mm error=0
/mnt/cpfs/zbl-cpfs-new/USERS/leon/code/r16-p14-stage2d-20260818-phase1-recovery-v2/experiments/r16_p14_stage2a/r16_p14_stage2a/actor_model.py:62: UserWarning: enable_nested_tensor is True, but self.use_nested_tensor is False because encoder_layer.norm_first was True
  self.encoder = nn.TransformerEncoder(
[info] using task orders [0, 1, 2, 3, 4, 5, 6, 7, 8, 9]
QUAL_DONE put_the_bowl_on_the_stove__calibration__seed07__init15__future_12__clearance_m010mm error=1
/mnt/cpfs/zbl-cpfs-new/USERS/leon/code/r16-p14-stage2d-20260818-phase1-recovery-v2/experiments/r16_p14_stage2a/r16_p14_stage2a/actor_model.py:62: UserWarning: enable_nested_tensor is True, but self.use_nested_tensor is False because encoder_layer.norm_first was True
  self.encoder = nn.TransformerEncoder(
[info] using task orders [0, 1, 2, 3, 4, 5, 6, 7, 8, 9]
QUAL_DONE put_the_bowl_on_the_stove__calibration__seed07__init15__future_12__clearance_p000mm error=1
/mnt/cpfs/zbl-cpfs-new/USERS/leon/code/r16-p14-stage2d-20260818-phase1-recovery-v2/experiments/r16_p14_stage2a/r16_p14_stage2a/actor_model.py:62: UserWarning: enable_nested_tensor is True, but self.use_nested_tensor is False because encoder_layer.norm_first was True
  self.encoder = nn.TransformerEncoder(
[info] using task orders [0, 1, 2, 3, 4, 5, 6, 7, 8, 9]
QUAL_DONE put_the_bowl_on_the_stove__calibration__seed07__init15__future_12__clearance_p010mm error=1
/mnt/cpfs/zbl-cpfs-new/USERS/leon/code/r16-p14-stage2d-20260818-phase1-recovery-v2/experiments/r16_p14_stage2a/r16_p14_stage2a/actor_model.py:62: UserWarning: enable_nested_tensor is True, but self.use_nested_tensor is False because encoder_layer.norm_first was True
  self.encoder = nn.TransformerEncoder(
[info] using task orders [0, 1, 2, 3, 4, 5, 6, 7, 8, 9]
QUAL_DONE put_the_bowl_on_the_stove__calibration__seed07__init16__future_06__clearance_m010mm error=0
/mnt/cpfs/zbl-cpfs-new/USERS/leon/code/r16-p14-stage2d-20260818-phase1-recovery-v2/experiments/r16_p14_stage2a/r16_p14_stage2a/actor_model.py:62: UserWarning: enable_nested_tensor is True, but self.use_nested_tensor is False because encoder_layer.norm_first was True
  self.encoder = nn.TransformerEncoder(
[info] using task orders [0, 1, 2, 3, 4, 5, 6, 7, 8, 9]
QUAL_DONE put_the_bowl_on_the_stove__calibration__seed07__init16__future_09__clearance_p000mm error=0
/mnt/cpfs/zbl-cpfs-new/USERS/leon/code/r16-p14-stage2d-20260818-phase1-recovery-v2/experiments/r16_p14_stage2a/r16_p14_stage2a/actor_model.py:62: UserWarning: enable_nested_tensor is True, but self.use_nested_tensor is False because encoder_layer.norm_first was True
  self.encoder = nn.TransformerEncoder(
[info] using task orders [0, 1, 2, 3, 4, 5, 6, 7, 8, 9]
QUAL_DONE put_the_bowl_on_the_stove__calibration__seed07__init16__future_09__clearance_p010mm error=0
/mnt/cpfs/zbl-cpfs-new/USERS/leon/code/r16-p14-stage2d-20260818-phase1-recovery-v2/experiments/r16_p14_stage2a/r16_p14_stage2a/actor_model.py:62: UserWarning: enable_nested_tensor is True, but self.use_nested_tensor is False because encoder_layer.norm_first was True
  self.encoder = nn.TransformerEncoder(
[info] using task orders [0, 1, 2, 3, 4, 5, 6, 7, 8, 9]
QUAL_DONE put_the_bowl_on_the_stove__calibration__seed07__init16__future_12__clearance_m010mm error=0
/mnt/cpfs/zbl-cpfs-new/USERS/leon/code/r16-p14-stage2d-20260818-phase1-recovery-v2/experiments/r16_p14_stage2a/r16_p14_stage2a/actor_model.py:62: UserWarning: enable_nested_tensor is True, but self.use_nested_tensor is False because encoder_layer.norm_first was True
  self.encoder = nn.TransformerEncoder(
[info] using task orders [0, 1, 2, 3, 4, 5, 6, 7, 8, 9]
QUAL_DONE put_the_bowl_on_the_stove__calibration__seed07__init16__future_12__clearance_p000mm error=0
/mnt/cpfs/zbl-cpfs-new/USERS/leon/code/r16-p14-stage2d-20260818-phase1-recovery-v2/experiments/r16_p14_stage2a/r16_p14_stage2a/actor_model.py:62: UserWarning: enable_nested_tensor is True, but self.use_nested_tensor is False because encoder_layer.norm_first was True
  self.encoder = nn.TransformerEncoder(
[info] using task orders [0, 1, 2, 3, 4, 5, 6, 7, 8, 9]
QUAL_DONE put_the_bowl_on_the_stove__calibration__seed07__init17__future_06__clearance_m010mm error=0
/mnt/cpfs/zbl-cpfs-new/USERS/leon/code/r16-p14-stage2d-20260818-phase1-recovery-v2/experiments/r16_p14_stage2a/r16_p14_stage2a/actor_model.py:62: UserWarning: enable_nested_tensor is True, but self.use_nested_tensor is False because encoder_layer.norm_first was True
  self.encoder = nn.TransformerEncoder(
[info] using task orders [0, 1, 2, 3, 4, 5, 6, 7, 8, 9]
QUAL_DONE put_the_bowl_on_the_stove__calibration__seed07__init17__future_09__clearance_m010mm error=0
/mnt/cpfs/zbl-cpfs-new/USERS/leon/code/r16-p14-stage2d-20260818-phase1-recovery-v2/experiments/r16_p14_stage2a/r16_p14_stage2a/actor_model.py:62: UserWarning: enable_nested_tensor is True, but self.use_nested_tensor is False because encoder_layer.norm_first was True
  self.encoder = nn.TransformerEncoder(
[info] using task orders [0, 1, 2, 3, 4, 5, 6, 7, 8, 9]
QUAL_DONE put_the_bowl_on_the_stove__calibration__seed07__init17__future_12__clearance_m010mm error=0
/mnt/cpfs/zbl-cpfs-new/USERS/leon/code/r16-p14-stage2d-20260818-phase1-recovery-v2/experiments/r16_p14_stage2a/r16_p14_stage2a/actor_model.py:62: UserWarning: enable_nested_tensor is True, but self.use_nested_tensor is False because encoder_layer.norm_first was True
  self.encoder = nn.TransformerEncoder(
[info] using task orders [0, 1, 2, 3, 4, 5, 6, 7, 8, 9]
QUAL_DONE put_the_bowl_on_the_stove__calibration__seed07__init17__future_12__clearance_p000mm error=0
/mnt/cpfs/zbl-cpfs-new/USERS/leon/code/r16-p14-stage2d-20260818-phase1-recovery-v2/experiments/r16_p14_stage2a/r16_p14_stage2a/actor_model.py:62: UserWarning: enable_nested_tensor is True, but self.use_nested_tensor is False because encoder_layer.norm_first was True
  self.encoder = nn.TransformerEncoder(
[info] using task orders [0, 1, 2, 3, 4, 5, 6, 7, 8, 9]
QUAL_DONE put_the_bowl_on_the_stove__calibration__seed07__init18__future_06__clearance_m010mm error=0
/mnt/cpfs/zbl-cpfs-new/USERS/leon/code/r16-p14-stage2d-20260818-phase1-recovery-v2/experiments/r16_p14_stage2a/r16_p14_stage2a/actor_model.py:62: UserWarning: enable_nested_tensor is True, but self.use_nested_tensor is False because encoder_layer.norm_first was True
  self.encoder = nn.TransformerEncoder(
[info] using task orders [0, 1, 2, 3, 4, 5, 6, 7, 8, 9]
QUAL_DONE put_the_bowl_on_the_stove__calibration__seed07__init18__future_06__clearance_p010mm error=0
/mnt/cpfs/zbl-cpfs-new/USERS/leon/code/r16-p14-stage2d-20260818-phase1-recovery-v2/experiments/r16_p14_stage2a/r16_p14_stage2a/actor_model.py:62: UserWarning: enable_nested_tensor is True, but self.use_nested_tensor is False because encoder_layer.norm_first was True
  self.encoder = nn.TransformerEncoder(
[info] using task orders [0, 1, 2, 3, 4, 5, 6, 7, 8, 9]
QUAL_DONE put_the_bowl_on_the_stove__calibration__seed07__init18__future_09__clearance_m010mm error=0
/mnt/cpfs/zbl-cpfs-new/USERS/leon/code/r16-p14-stage2d-20260818-phase1-recovery-v2/experiments/r16_p14_stage2a/r16_p14_stage2a/actor_model.py:62: UserWarning: enable_nested_tensor is True, but self.use_nested_tensor is False because encoder_layer.norm_first was True
  self.encoder = nn.TransformerEncoder(
[info] using task orders [0, 1, 2, 3, 4, 5, 6, 7, 8, 9]
QUAL_DONE put_the_bowl_on_the_stove__calibration__seed07__init18__future_09__clearance_p010mm error=0
/mnt/cpfs/zbl-cpfs-new/USERS/leon/code/r16-p14-stage2d-20260818-phase1-recovery-v2/experiments/r16_p14_stage2a/r16_p14_stage2a/actor_model.py:62: UserWarning: enable_nested_tensor is True, but self.use_nested_tensor is False because encoder_layer.norm_first was True
  self.encoder = nn.TransformerEncoder(
[info] using task orders [0, 1, 2, 3, 4, 5, 6, 7, 8, 9]
QUAL_DONE put_the_bowl_on_the_stove__calibration__seed07__init18__future_12__clearance_p000mm error=0
/mnt/cpfs/zbl-cpfs-new/USERS/leon/code/r16-p14-stage2d-20260818-phase1-recovery-v2/experiments/r16_p14_stage2a/r16_p14_stage2a/actor_model.py:62: UserWarning: enable_nested_tensor is True, but self.use_nested_tensor is False because encoder_layer.norm_first was True
  self.encoder = nn.TransformerEncoder(
[info] using task orders [0, 1, 2, 3, 4, 5, 6, 7, 8, 9]
QUAL_DONE put_the_bowl_on_the_stove__calibration__seed07__init20__future_06__clearance_m010mm error=0
/mnt/cpfs/zbl-cpfs-new/USERS/leon/code/r16-p14-stage2d-20260818-phase1-recovery-v2/experiments/r16_p14_stage2a/r16_p14_stage2a/actor_model.py:62: UserWarning: enable_nested_tensor is True, but self.use_nested_tensor is False because encoder_layer.norm_first was True
  self.encoder = nn.TransformerEncoder(
[info] using task orders [0, 1, 2, 3, 4, 5, 6, 7, 8, 9]
QUAL_DONE put_the_bowl_on_the_stove__calibration__seed07__init20__future_06__clearance_p000mm error=0
/mnt/cpfs/zbl-cpfs-new/USERS/leon/code/r16-p14-stage2d-20260818-phase1-recovery-v2/experiments/r16_p14_stage2a/r16_p14_stage2a/actor_model.py:62: UserWarning: enable_nested_tensor is True, but self.use_nested_tensor is False because encoder_layer.norm_first was True
  self.encoder = nn.TransformerEncoder(
[info] using task orders [0, 1, 2, 3, 4, 5, 6, 7, 8, 9]
QUAL_DONE put_the_bowl_on_the_stove__calibration__seed07__init20__future_12__clearance_p000mm error=1
/mnt/cpfs/zbl-cpfs-new/USERS/leon/code/r16-p14-stage2d-20260818-phase1-recovery-v2/experiments/r16_p14_stage2a/r16_p14_stage2a/actor_model.py:62: UserWarning: enable_nested_tensor is True, but self.use_nested_tensor is False because encoder_layer.norm_first was True
  self.encoder = nn.TransformerEncoder(
[info] using task orders [0, 1, 2, 3, 4, 5, 6, 7, 8, 9]
QUAL_DONE put_the_bowl_on_the_stove__calibration__seed07__init22__future_06__clearance_m010mm error=0
/mnt/cpfs/zbl-cpfs-new/USERS/leon/code/r16-p14-stage2d-20260818-phase1-recovery-v2/experiments/r16_p14_stage2a/r16_p14_stage2a/actor_model.py:62: UserWarning: enable_nested_tensor is True, but self.use_nested_tensor is False because encoder_layer.norm_first was True
  self.encoder = nn.TransformerEncoder(
[info] using task orders [0, 1, 2, 3, 4, 5, 6, 7, 8, 9]
QUAL_DONE put_the_bowl_on_the_stove__calibration__seed07__init22__future_12__clearance_p000mm error=0
/mnt/cpfs/zbl-cpfs-new/USERS/leon/code/r16-p14-stage2d-20260818-phase1-recovery-v2/experiments/r16_p14_stage2a/r16_p14_stage2a/actor_model.py:62: UserWarning: enable_nested_tensor is True, but self.use_nested_tensor is False because encoder_layer.norm_first was True
  self.encoder = nn.TransformerEncoder(
[info] using task orders [0, 1, 2, 3, 4, 5, 6, 7, 8, 9]
QUAL_DONE put_the_bowl_on_the_stove__calibration__seed07__init22__future_12__clearance_p010mm error=0
/mnt/cpfs/zbl-cpfs-new/USERS/leon/code/r16-p14-stage2d-20260818-phase1-recovery-v2/experiments/r16_p14_stage2a/r16_p14_stage2a/actor_model.py:62: UserWarning: enable_nested_tensor is True, but self.use_nested_tensor is False because encoder_layer.norm_first was True
  self.encoder = nn.TransformerEncoder(
[info] using task orders [0, 1, 2, 3, 4, 5, 6, 7, 8, 9]
QUAL_DONE put_the_bowl_on_the_stove__calibration__seed07__init23__future_06__clearance_m010mm error=0
/mnt/cpfs/zbl-cpfs-new/USERS/leon/code/r16-p14-stage2d-20260818-phase1-recovery-v2/experiments/r16_p14_stage2a/r16_p14_stage2a/actor_model.py:62: UserWarning: enable_nested_tensor is True, but self.use_nested_tensor is False because encoder_layer.norm_first was True
  self.encoder = nn.TransformerEncoder(
[info] using task orders [0, 1, 2, 3, 4, 5, 6, 7, 8, 9]
QUAL_DONE put_the_bowl_on_the_stove__calibration__seed07__init23__future_06__clearance_p000mm error=0
/mnt/cpfs/zbl-cpfs-new/USERS/leon/code/r16-p14-stage2d-20260818-phase1-recovery-v2/experiments/r16_p14_stage2a/r16_p14_stage2a/actor_model.py:62: UserWarning: enable_nested_tensor is True, but self.use_nested_tensor is False because encoder_layer.norm_first was True
  self.encoder = nn.TransformerEncoder(
[info] using task orders [0, 1, 2, 3, 4, 5, 6, 7, 8, 9]
QUAL_DONE put_the_bowl_on_the_stove__calibration__seed07__init24__future_06__clearance_p000mm error=0
/mnt/cpfs/zbl-cpfs-new/USERS/leon/code/r16-p14-stage2d-20260818-phase1-recovery-v2/experiments/r16_p14_stage2a/r16_p14_stage2a/actor_model.py:62: UserWarning: enable_nested_tensor is True, but self.use_nested_tensor is False because encoder_layer.norm_first was True
  self.encoder = nn.TransformerEncoder(
[info] using task orders [0, 1, 2, 3, 4, 5, 6, 7, 8, 9]
QUAL_DONE put_the_bowl_on_the_stove__calibration__seed07__init24__future_06__clearance_p010mm error=0
/mnt/cpfs/zbl-cpfs-new/USERS/leon/code/r16-p14-stage2d-20260818-phase1-recovery-v2/experiments/r16_p14_stage2a/r16_p14_stage2a/actor_model.py:62: UserWarning: enable_nested_tensor is True, but self.use_nested_tensor is False because encoder_layer.norm_first was True
  self.encoder = nn.TransformerEncoder(
[info] using task orders [0, 1, 2, 3, 4, 5, 6, 7, 8, 9]
QUAL_DONE put_the_bowl_on_the_stove__calibration__seed07__init24__future_09__clearance_p000mm error=0
/mnt/cpfs/zbl-cpfs-new/USERS/leon/code/r16-p14-stage2d-20260818-phase1-recovery-v2/experiments/r16_p14_stage2a/r16_p14_stage2a/actor_model.py:62: UserWarning: enable_nested_tensor is True, but self.use_nested_tensor is False because encoder_layer.norm_first was True
  self.encoder = nn.TransformerEncoder(
[info] using task orders [0, 1, 2, 3, 4, 5, 6, 7, 8, 9]
QUAL_DONE put_the_bowl_on_the_stove__calibration__seed07__init24__future_12__clearance_m010mm error=1
/mnt/cpfs/zbl-cpfs-new/USERS/leon/code/r16-p14-stage2d-20260818-phase1-recovery-v2/experiments/r16_p14_stage2a/r16_p14_stage2a/actor_model.py:62: UserWarning: enable_nested_tensor is True, but self.use_nested_tensor is False because encoder_layer.norm_first was True
  self.encoder = nn.TransformerEncoder(
[info] using task orders [0, 1, 2, 3, 4, 5, 6, 7, 8, 9]
QUAL_DONE put_the_bowl_on_the_stove__calibration__seed07__init24__future_12__clearance_p000mm error=1
/mnt/cpfs/zbl-cpfs-new/USERS/leon/code/r16-p14-stage2d-20260818-phase1-recovery-v2/experiments/r16_p14_stage2a/r16_p14_stage2a/actor_model.py:62: UserWarning: enable_nested_tensor is True, but self.use_nested_tensor is False because encoder_layer.norm_first was True
  self.encoder = nn.TransformerEncoder(
[info] using task orders [0, 1, 2, 3, 4, 5, 6, 7, 8, 9]
QUAL_DONE put_the_bowl_on_the_stove__calibration__seed07__init24__future_12__clearance_p010mm error=1
/mnt/cpfs/zbl-cpfs-new/USERS/leon/code/r16-p14-stage2d-20260818-phase1-recovery-v2/experiments/r16_p14_stage2a/r16_p14_stage2a/actor_model.py:62: UserWarning: enable_nested_tensor is True, but self.use_nested_tensor is False because encoder_layer.norm_first was True
  self.encoder = nn.TransformerEncoder(
[info] using task orders [0, 1, 2, 3, 4, 5, 6, 7, 8, 9]
QUAL_DONE put_the_bowl_on_the_stove__calibration__seed07__init25__future_06__clearance_m010mm error=0
/mnt/cpfs/zbl-cpfs-new/USERS/leon/code/r16-p14-stage2d-20260818-phase1-recovery-v2/experiments/r16_p14_stage2a/r16_p14_stage2a/actor_model.py:62: UserWarning: enable_nested_tensor is True, but self.use_nested_tensor is False because encoder_layer.norm_first was True
  self.encoder = nn.TransformerEncoder(
[info] using task orders [0, 1, 2, 3, 4, 5, 6, 7, 8, 9]
QUAL_DONE put_the_bowl_on_the_stove__calibration__seed07__init25__future_06__clearance_p010mm error=0
/mnt/cpfs/zbl-cpfs-new/USERS/leon/code/r16-p14-stage2d-20260818-phase1-recovery-v2/experiments/r16_p14_stage2a/r16_p14_stage2a/actor_model.py:62: UserWarning: enable_nested_tensor is True, but self.use_nested_tensor is False because encoder_layer.norm_first was True
  self.encoder = nn.TransformerEncoder(
[info] using task orders [0, 1, 2, 3, 4, 5, 6, 7, 8, 9]
QUAL_DONE put_the_bowl_on_the_stove__calibration__seed07__init25__future_09__clearance_p010mm error=0
/mnt/cpfs/zbl-cpfs-new/USERS/leon/code/r16-p14-stage2d-20260818-phase1-recovery-v2/experiments/r16_p14_stage2a/r16_p14_stage2a/actor_model.py:62: UserWarning: enable_nested_tensor is True, but self.use_nested_tensor is False because encoder_layer.norm_first was True
  self.encoder = nn.TransformerEncoder(
[info] using task orders [0, 1, 2, 3, 4, 5, 6, 7, 8, 9]
QUAL_DONE put_the_bowl_on_the_stove__calibration__seed07__init25__future_12__clearance_m010mm error=1
/mnt/cpfs/zbl-cpfs-new/USERS/leon/code/r16-p14-stage2d-20260818-phase1-recovery-v2/experiments/r16_p14_stage2a/r16_p14_stage2a/actor_model.py:62: UserWarning: enable_nested_tensor is True, but self.use_nested_tensor is False because encoder_layer.norm_first was True
  self.encoder = nn.TransformerEncoder(
[info] using task orders [0, 1, 2, 3, 4, 5, 6, 7, 8, 9]
QUAL_DONE put_the_bowl_on_the_stove__calibration__seed07__init25__future_12__clearance_p000mm error=1
/mnt/cpfs/zbl-cpfs-new/USERS/leon/code/r16-p14-stage2d-20260818-phase1-recovery-v2/experiments/r16_p14_stage2a/r16_p14_stage2a/actor_model.py:62: UserWarning: enable_nested_tensor is True, but self.use_nested_tensor is False because encoder_layer.norm_first was True
  self.encoder = nn.TransformerEncoder(
[info] using task orders [0, 1, 2, 3, 4, 5, 6, 7, 8, 9]
QUAL_DONE put_the_bowl_on_the_stove__calibration__seed07__init26__future_06__clearance_m010mm error=0
/mnt/cpfs/zbl-cpfs-new/USERS/leon/code/r16-p14-stage2d-20260818-phase1-recovery-v2/experiments/r16_p14_stage2a/r16_p14_stage2a/actor_model.py:62: UserWarning: enable_nested_tensor is True, but self.use_nested_tensor is False because encoder_layer.norm_first was True
  self.encoder = nn.TransformerEncoder(
[info] using task orders [0, 1, 2, 3, 4, 5, 6, 7, 8, 9]
QUAL_DONE put_the_bowl_on_the_stove__calibration__seed07__init26__future_06__clearance_p000mm error=0
/mnt/cpfs/zbl-cpfs-new/USERS/leon/code/r16-p14-stage2d-20260818-phase1-recovery-v2/experiments/r16_p14_stage2a/r16_p14_stage2a/actor_model.py:62: UserWarning: enable_nested_tensor is True, but self.use_nested_tensor is False because encoder_layer.norm_first was True
  self.encoder = nn.TransformerEncoder(
[info] using task orders [0, 1, 2, 3, 4, 5, 6, 7, 8, 9]
QUAL_DONE put_the_bowl_on_the_stove__calibration__seed07__init26__future_09__clearance_p010mm error=0
/mnt/cpfs/zbl-cpfs-new/USERS/leon/code/r16-p14-stage2d-20260818-phase1-recovery-v2/experiments/r16_p14_stage2a/r16_p14_stage2a/actor_model.py:62: UserWarning: enable_nested_tensor is True, but self.use_nested_tensor is False because encoder_layer.norm_first was True
  self.encoder = nn.TransformerEncoder(
[info] using task orders [0, 1, 2, 3, 4, 5, 6, 7, 8, 9]
QUAL_DONE put_the_bowl_on_the_stove__calibration__seed07__init26__future_12__clearance_p000mm error=1
/mnt/cpfs/zbl-cpfs-new/USERS/leon/code/r16-p14-stage2d-20260818-phase1-recovery-v2/experiments/r16_p14_stage2a/r16_p14_stage2a/actor_model.py:62: UserWarning: enable_nested_tensor is True, but self.use_nested_tensor is False because encoder_layer.norm_first was True
  self.encoder = nn.TransformerEncoder(
[info] using task orders [0, 1, 2, 3, 4, 5, 6, 7, 8, 9]
QUAL_DONE put_the_bowl_on_the_stove__calibration__seed07__init26__future_12__clearance_p010mm error=1
/mnt/cpfs/zbl-cpfs-new/USERS/leon/code/r16-p14-stage2d-20260818-phase1-recovery-v2/experiments/r16_p14_stage2a/r16_p14_stage2a/actor_model.py:62: UserWarning: enable_nested_tensor is True, but self.use_nested_tensor is False because encoder_layer.norm_first was True
  self.encoder = nn.TransformerEncoder(
[info] using task orders [0, 1, 2, 3, 4, 5, 6, 7, 8, 9]
QUAL_DONE put_the_bowl_on_the_stove__calibration__seed07__init27__future_06__clearance_m010mm error=0
/mnt/cpfs/zbl-cpfs-new/USERS/leon/code/r16-p14-stage2d-20260818-phase1-recovery-v2/experiments/r16_p14_stage2a/r16_p14_stage2a/actor_model.py:62: UserWarning: enable_nested_tensor is True, but self.use_nested_tensor is False because encoder_layer.norm_first was True
  self.encoder = nn.TransformerEncoder(
[info] using task orders [0, 1, 2, 3, 4, 5, 6, 7, 8, 9]
QUAL_DONE put_the_bowl_on_the_stove__calibration__seed07__init27__future_06__clearance_p010mm error=0
/mnt/cpfs/zbl-cpfs-new/USERS/leon/code/r16-p14-stage2d-20260818-phase1-recovery-v2/experiments/r16_p14_stage2a/r16_p14_stage2a/actor_model.py:62: UserWarning: enable_nested_tensor is True, but self.use_nested_tensor is False because encoder_layer.norm_first was True
  self.encoder = nn.TransformerEncoder(
[info] using task orders [0, 1, 2, 3, 4, 5, 6, 7, 8, 9]
QUAL_DONE put_the_bowl_on_the_stove__calibration__seed07__init27__future_09__clearance_m010mm error=0
/mnt/cpfs/zbl-cpfs-new/USERS/leon/code/r16-p14-stage2d-20260818-phase1-recovery-v2/experiments/r16_p14_stage2a/r16_p14_stage2a/actor_model.py:62: UserWarning: enable_nested_tensor is True, but self.use_nested_tensor is False because encoder_layer.norm_first was True
  self.encoder = nn.TransformerEncoder(
[info] using task orders [0, 1, 2, 3, 4, 5, 6, 7, 8, 9]
QUAL_DONE put_the_bowl_on_the_stove__calibration__seed07__init27__future_09__clearance_p000mm error=0
/mnt/cpfs/zbl-cpfs-new/USERS/leon/code/r16-p14-stage2d-20260818-phase1-recovery-v2/experiments/r16_p14_stage2a/r16_p14_stage2a/actor_model.py:62: UserWarning: enable_nested_tensor is True, but self.use_nested_tensor is False because encoder_layer.norm_first was True
  self.encoder = nn.TransformerEncoder(
[info] using task orders [0, 1, 2, 3, 4, 5, 6, 7, 8, 9]
QUAL_DONE put_the_bowl_on_the_stove__calibration__seed07__init27__future_09__clearance_p010mm error=0
/mnt/cpfs/zbl-cpfs-new/USERS/leon/code/r16-p14-stage2d-20260818-phase1-recovery-v2/experiments/r16_p14_stage2a/r16_p14_stage2a/actor_model.py:62: UserWarning: enable_nested_tensor is True, but self.use_nested_tensor is False because encoder_layer.norm_first was True
  self.encoder = nn.TransformerEncoder(
[info] using task orders [0, 1, 2, 3, 4, 5, 6, 7, 8, 9]
QUAL_DONE put_the_bowl_on_the_stove__calibration__seed07__init29__future_06__clearance_m010mm error=0
/mnt/cpfs/zbl-cpfs-new/USERS/leon/code/r16-p14-stage2d-20260818-phase1-recovery-v2/experiments/r16_p14_stage2a/r16_p14_stage2a/actor_model.py:62: UserWarning: enable_nested_tensor is True, but self.use_nested_tensor is False because encoder_layer.norm_first was True
  self.encoder = nn.TransformerEncoder(
[info] using task orders [0, 1, 2, 3, 4, 5, 6, 7, 8, 9]
QUAL_DONE put_the_bowl_on_the_stove__calibration__seed07__init29__future_06__clearance_p010mm error=0
/mnt/cpfs/zbl-cpfs-new/USERS/leon/code/r16-p14-stage2d-20260818-phase1-recovery-v2/experiments/r16_p14_stage2a/r16_p14_stage2a/actor_model.py:62: UserWarning: enable_nested_tensor is True, but self.use_nested_tensor is False because encoder_layer.norm_first was True
  self.encoder = nn.TransformerEncoder(
[info] using task orders [0, 1, 2, 3, 4, 5, 6, 7, 8, 9]
QUAL_DONE put_the_bowl_on_the_stove__calibration__seed07__init29__future_09__clearance_m010mm error=0
/mnt/cpfs/zbl-cpfs-new/USERS/leon/code/r16-p14-stage2d-20260818-phase1-recovery-v2/experiments/r16_p14_stage2a/r16_p14_stage2a/actor_model.py:62: UserWarning: enable_nested_tensor is True, but self.use_nested_tensor is False because encoder_layer.norm_first was True
  self.encoder = nn.TransformerEncoder(
[info] using task orders [0, 1, 2, 3, 4, 5, 6, 7, 8, 9]
QUAL_DONE put_the_bowl_on_the_stove__calibration__seed07__init29__future_09__clearance_p010mm error=0
/mnt/cpfs/zbl-cpfs-new/USERS/leon/code/r16-p14-stage2d-20260818-phase1-recovery-v2/experiments/r16_p14_stage2a/r16_p14_stage2a/actor_model.py:62: UserWarning: enable_nested_tensor is True, but self.use_nested_tensor is False because encoder_layer.norm_first was True
  self.encoder = nn.TransformerEncoder(
[info] using task orders [0, 1, 2, 3, 4, 5, 6, 7, 8, 9]
QUAL_DONE put_the_bowl_on_the_stove__calibration__seed07__init29__future_12__clearance_p000mm error=1
/mnt/cpfs/zbl-cpfs-new/USERS/leon/code/r16-p14-stage2d-20260818-phase1-recovery-v2/experiments/r16_p14_stage2a/r16_p14_stage2a/actor_model.py:62: UserWarning: enable_nested_tensor is True, but self.use_nested_tensor is False because encoder_layer.norm_first was True
  self.encoder = nn.TransformerEncoder(
[info] using task orders [0, 1, 2, 3, 4, 5, 6, 7, 8, 9]
QUAL_DONE put_the_bowl_on_the_stove__calibration__seed07__init29__future_12__clearance_p010mm error=1
/mnt/cpfs/zbl-cpfs-new/USERS/leon/code/r16-p14-stage2d-20260818-phase1-recovery-v2/experiments/r16_p14_stage2a/r16_p14_stage2a/actor_model.py:62: UserWarning: enable_nested_tensor is True, but self.use_nested_tensor is False because encoder_layer.norm_first was True
  self.encoder = nn.TransformerEncoder(
[info] using task orders [0, 1, 2, 3, 4, 5, 6, 7, 8, 9]
QUAL_DONE put_the_bowl_on_the_stove__calibration__seed07__init30__future_06__clearance_p010mm error=0
/mnt/cpfs/zbl-cpfs-new/USERS/leon/code/r16-p14-stage2d-20260818-phase1-recovery-v2/experiments/r16_p14_stage2a/r16_p14_stage2a/actor_model.py:62: UserWarning: enable_nested_tensor is True, but self.use_nested_tensor is False because encoder_layer.norm_first was True
  self.encoder = nn.TransformerEncoder(
[info] using task orders [0, 1, 2, 3, 4, 5, 6, 7, 8, 9]
QUAL_DONE put_the_bowl_on_the_stove__calibration__seed07__init30__future_09__clearance_m010mm error=0
/mnt/cpfs/zbl-cpfs-new/USERS/leon/code/r16-p14-stage2d-20260818-phase1-recovery-v2/experiments/r16_p14_stage2a/r16_p14_stage2a/actor_model.py:62: UserWarning: enable_nested_tensor is True, but self.use_nested_tensor is False because encoder_layer.norm_first was True
  self.encoder = nn.TransformerEncoder(
[info] using task orders [0, 1, 2, 3, 4, 5, 6, 7, 8, 9]
QUAL_DONE put_the_bowl_on_the_stove__calibration__seed07__init30__future_12__clearance_m010mm error=1
/mnt/cpfs/zbl-cpfs-new/USERS/leon/code/r16-p14-stage2d-20260818-phase1-recovery-v2/experiments/r16_p14_stage2a/r16_p14_stage2a/actor_model.py:62: UserWarning: enable_nested_tensor is True, but self.use_nested_tensor is False because encoder_layer.norm_first was True
  self.encoder = nn.TransformerEncoder(
[info] using task orders [0, 1, 2, 3, 4, 5, 6, 7, 8, 9]
QUAL_DONE put_the_bowl_on_the_stove__calibration__seed07__init30__future_12__clearance_p000mm error=1
/mnt/cpfs/zbl-cpfs-new/USERS/leon/code/r16-p14-stage2d-20260818-phase1-recovery-v2/experiments/r16_p14_stage2a/r16_p14_stage2a/actor_model.py:62: UserWarning: enable_nested_tensor is True, but self.use_nested_tensor is False because encoder_layer.norm_first was True
  self.encoder = nn.TransformerEncoder(
[info] using task orders [0, 1, 2, 3, 4, 5, 6, 7, 8, 9]
QUAL_DONE put_the_bowl_on_the_stove__calibration__seed07__init31__future_06__clearance_p000mm error=0
/mnt/cpfs/zbl-cpfs-new/USERS/leon/code/r16-p14-stage2d-20260818-phase1-recovery-v2/experiments/r16_p14_stage2a/r16_p14_stage2a/actor_model.py:62: UserWarning: enable_nested_tensor is True, but self.use_nested_tensor is False because encoder_layer.norm_first was True
  self.encoder = nn.TransformerEncoder(
[info] using task orders [0, 1, 2, 3, 4, 5, 6, 7, 8, 9]
QUAL_DONE put_the_bowl_on_the_stove__calibration__seed07__init31__future_06__clearance_p010mm error=0
/mnt/cpfs/zbl-cpfs-new/USERS/leon/code/r16-p14-stage2d-20260818-phase1-recovery-v2/experiments/r16_p14_stage2a/r16_p14_stage2a/actor_model.py:62: UserWarning: enable_nested_tensor is True, but self.use_nested_tensor is False because encoder_layer.norm_first was True
  self.encoder = nn.TransformerEncoder(
[info] using task orders [0, 1, 2, 3, 4, 5, 6, 7, 8, 9]
QUAL_DONE put_the_bowl_on_the_stove__calibration__seed07__init31__future_09__clearance_p010mm error=0
/mnt/cpfs/zbl-cpfs-new/USERS/leon/code/r16-p14-stage2d-20260818-phase1-recovery-v2/experiments/r16_p14_stage2a/r16_p14_stage2a/actor_model.py:62: UserWarning: enable_nested_tensor is True, but self.use_nested_tensor is False because encoder_layer.norm_first was True
  self.encoder = nn.TransformerEncoder(
[info] using task orders [0, 1, 2, 3, 4, 5, 6, 7, 8, 9]
QUAL_DONE put_the_bowl_on_the_stove__calibration__seed07__init31__future_12__clearance_p000mm error=0
/mnt/cpfs/zbl-cpfs-new/USERS/leon/code/r16-p14-stage2d-20260818-phase1-recovery-v2/experiments/r16_p14_stage2a/r16_p14_stage2a/actor_model.py:62: UserWarning: enable_nested_tensor is True, but self.use_nested_tensor is False because encoder_layer.norm_first was True
  self.encoder = nn.TransformerEncoder(
[info] using task orders [0, 1, 2, 3, 4, 5, 6, 7, 8, 9]
QUAL_DONE put_the_bowl_on_the_stove__calibration__seed07__init31__future_12__clearance_p010mm error=0
/mnt/cpfs/zbl-cpfs-new/USERS/leon/code/r16-p14-stage2d-20260818-phase1-recovery-v2/experiments/r16_p14_stage2a/r16_p14_stage2a/actor_model.py:62: UserWarning: enable_nested_tensor is True, but self.use_nested_tensor is False because encoder_layer.norm_first was True
  self.encoder = nn.TransformerEncoder(
[info] using task orders [0, 1, 2, 3, 4, 5, 6, 7, 8, 9]
QUAL_DONE put_the_bowl_on_the_stove__calibration__seed07__init32__future_06__clearance_p000mm error=0
/mnt/cpfs/zbl-cpfs-new/USERS/leon/code/r16-p14-stage2d-20260818-phase1-recovery-v2/experiments/r16_p14_stage2a/r16_p14_stage2a/actor_model.py:62: UserWarning: enable_nested_tensor is True, but self.use_nested_tensor is False because encoder_layer.norm_first was True
  self.encoder = nn.TransformerEncoder(
[info] using task orders [0, 1, 2, 3, 4, 5, 6, 7, 8, 9]
QUAL_DONE put_the_bowl_on_the_stove__calibration__seed07__init32__future_12__clearance_p000mm error=1
/mnt/cpfs/zbl-cpfs-new/USERS/leon/code/r16-p14-stage2d-20260818-phase1-recovery-v2/experiments/r16_p14_stage2a/r16_p14_stage2a/actor_model.py:62: UserWarning: enable_nested_tensor is True, but self.use_nested_tensor is False because encoder_layer.norm_first was True
  self.encoder = nn.TransformerEncoder(
[info] using task orders [0, 1, 2, 3, 4, 5, 6, 7, 8, 9]
QUAL_DONE put_the_bowl_on_the_stove__calibration__seed07__init33__future_09__clearance_m010mm error=0
/mnt/cpfs/zbl-cpfs-new/USERS/leon/code/r16-p14-stage2d-20260818-phase1-recovery-v2/experiments/r16_p14_stage2a/r16_p14_stage2a/actor_model.py:62: UserWarning: enable_nested_tensor is True, but self.use_nested_tensor is False because encoder_layer.norm_first was True
  self.encoder = nn.TransformerEncoder(
[info] using task orders [0, 1, 2, 3, 4, 5, 6, 7, 8, 9]
QUAL_DONE put_the_bowl_on_the_stove__calibration__seed07__init33__future_09__clearance_p000mm error=0
/mnt/cpfs/zbl-cpfs-new/USERS/leon/code/r16-p14-stage2d-20260818-phase1-recovery-v2/experiments/r16_p14_stage2a/r16_p14_stage2a/actor_model.py:62: UserWarning: enable_nested_tensor is True, but self.use_nested_tensor is False because encoder_layer.norm_first was True
  self.encoder = nn.TransformerEncoder(
[info] using task orders [0, 1, 2, 3, 4, 5, 6, 7, 8, 9]
QUAL_DONE put_the_bowl_on_the_stove__calibration__seed07__init33__future_12__clearance_m010mm error=0
/mnt/cpfs/zbl-cpfs-new/USERS/leon/code/r16-p14-stage2d-20260818-phase1-recovery-v2/experiments/r16_p14_stage2a/r16_p14_stage2a/actor_model.py:62: UserWarning: enable_nested_tensor is True, but self.use_nested_tensor is False because encoder_layer.norm_first was True
  self.encoder = nn.TransformerEncoder(
[info] using task orders [0, 1, 2, 3, 4, 5, 6, 7, 8, 9]
QUAL_DONE put_the_bowl_on_the_stove__calibration__seed07__init33__future_12__clearance_p000mm error=0
/mnt/cpfs/zbl-cpfs-new/USERS/leon/code/r16-p14-stage2d-20260818-phase1-recovery-v2/experiments/r16_p14_stage2a/r16_p14_stage2a/actor_model.py:62: UserWarning: enable_nested_tensor is True, but self.use_nested_tensor is False because encoder_layer.norm_first was True
  self.encoder = nn.TransformerEncoder(
[info] using task orders [0, 1, 2, 3, 4, 5, 6, 7, 8, 9]
QUAL_DONE put_the_bowl_on_the_stove__calibration__seed07__init34__future_06__clearance_m010mm error=0
/mnt/cpfs/zbl-cpfs-new/USERS/leon/code/r16-p14-stage2d-20260818-phase1-recovery-v2/experiments/r16_p14_stage2a/r16_p14_stage2a/actor_model.py:62: UserWarning: enable_nested_tensor is True, but self.use_nested_tensor is False because encoder_layer.norm_first was True
  self.encoder = nn.TransformerEncoder(
[info] using task orders [0, 1, 2, 3, 4, 5, 6, 7, 8, 9]
QUAL_DONE put_the_bowl_on_the_stove__calibration__seed07__init34__future_06__clearance_p010mm error=0
/mnt/cpfs/zbl-cpfs-new/USERS/leon/code/r16-p14-stage2d-20260818-phase1-recovery-v2/experiments/r16_p14_stage2a/r16_p14_stage2a/actor_model.py:62: UserWarning: enable_nested_tensor is True, but self.use_nested_tensor is False because encoder_layer.norm_first was True
  self.encoder = nn.TransformerEncoder(
[info] using task orders [0, 1, 2, 3, 4, 5, 6, 7, 8, 9]
QUAL_DONE put_the_bowl_on_the_stove__calibration__seed07__init34__future_09__clearance_m010mm error=0
/mnt/cpfs/zbl-cpfs-new/USERS/leon/code/r16-p14-stage2d-20260818-phase1-recovery-v2/experiments/r16_p14_stage2a/r16_p14_stage2a/actor_model.py:62: UserWarning: enable_nested_tensor is True, but self.use_nested_tensor is False because encoder_layer.norm_first was True
  self.encoder = nn.TransformerEncoder(
[info] using task orders [0, 1, 2, 3, 4, 5, 6, 7, 8, 9]
QUAL_DONE put_the_bowl_on_the_stove__calibration__seed07__init34__future_09__clearance_p010mm error=0
/mnt/cpfs/zbl-cpfs-new/USERS/leon/code/r16-p14-stage2d-20260818-phase1-recovery-v2/experiments/r16_p14_stage2a/r16_p14_stage2a/actor_model.py:62: UserWarning: enable_nested_tensor is True, but self.use_nested_tensor is False because encoder_layer.norm_first was True
  self.encoder = nn.TransformerEncoder(
[info] using task orders [0, 1, 2, 3, 4, 5, 6, 7, 8, 9]
QUAL_DONE put_the_bowl_on_the_stove__calibration__seed07__init34__future_12__clearance_m010mm error=0
/mnt/cpfs/zbl-cpfs-new/USERS/leon/code/r16-p14-stage2d-20260818-phase1-recovery-v2/experiments/r16_p14_stage2a/r16_p14_stage2a/actor_model.py:62: UserWarning: enable_nested_tensor is True, but self.use_nested_tensor is False because encoder_layer.norm_first was True
  self.encoder = nn.TransformerEncoder(
[info] using task orders [0, 1, 2, 3, 4, 5, 6, 7, 8, 9]
QUAL_DONE put_the_bowl_on_the_stove__calibration__seed07__init34__future_12__clearance_p000mm error=0
/mnt/cpfs/zbl-cpfs-new/USERS/leon/code/r16-p14-stage2d-20260818-phase1-recovery-v2/experiments/r16_p14_stage2a/r16_p14_stage2a/actor_model.py:62: UserWarning: enable_nested_tensor is True, but self.use_nested_tensor is False because encoder_layer.norm_first was True
  self.encoder = nn.TransformerEncoder(
[info] using task orders [0, 1, 2, 3, 4, 5, 6, 7, 8, 9]
QUAL_DONE put_the_bowl_on_the_stove__calibration__seed07__init36__future_06__clearance_m010mm error=0
/mnt/cpfs/zbl-cpfs-new/USERS/leon/code/r16-p14-stage2d-20260818-phase1-recovery-v2/experiments/r16_p14_stage2a/r16_p14_stage2a/actor_model.py:62: UserWarning: enable_nested_tensor is True, but self.use_nested_tensor is False because encoder_layer.norm_first was True
  self.encoder = nn.TransformerEncoder(
[info] using task orders [0, 1, 2, 3, 4, 5, 6, 7, 8, 9]
QUAL_DONE put_the_bowl_on_the_stove__calibration__seed07__init36__future_06__clearance_p000mm error=0
/mnt/cpfs/zbl-cpfs-new/USERS/leon/code/r16-p14-stage2d-20260818-phase1-recovery-v2/experiments/r16_p14_stage2a/r16_p14_stage2a/actor_model.py:62: UserWarning: enable_nested_tensor is True, but self.use_nested_tensor is False because encoder_layer.norm_first was True
  self.encoder = nn.TransformerEncoder(
[info] using task orders [0, 1, 2, 3, 4, 5, 6, 7, 8, 9]
QUAL_DONE put_the_bowl_on_the_stove__calibration__seed07__init36__future_09__clearance_p010mm error=0
/mnt/cpfs/zbl-cpfs-new/USERS/leon/code/r16-p14-stage2d-20260818-phase1-recovery-v2/experiments/r16_p14_stage2a/r16_p14_stage2a/actor_model.py:62: UserWarning: enable_nested_tensor is True, but self.use_nested_tensor is False because encoder_layer.norm_first was True
  self.encoder = nn.TransformerEncoder(
[info] using task orders [0, 1, 2, 3, 4, 5, 6, 7, 8, 9]
QUAL_DONE put_the_bowl_on_the_stove__calibration__seed07__init36__future_12__clearance_p000mm error=1
/mnt/cpfs/zbl-cpfs-new/USERS/leon/code/r16-p14-stage2d-20260818-phase1-recovery-v2/experiments/r16_p14_stage2a/r16_p14_stage2a/actor_model.py:62: UserWarning: enable_nested_tensor is True, but self.use_nested_tensor is False because encoder_layer.norm_first was True
  self.encoder = nn.TransformerEncoder(
[info] using task orders [0, 1, 2, 3, 4, 5, 6, 7, 8, 9]
QUAL_DONE put_the_bowl_on_the_stove__calibration__seed07__init37__future_06__clearance_p000mm error=0
/mnt/cpfs/zbl-cpfs-new/USERS/leon/code/r16-p14-stage2d-20260818-phase1-recovery-v2/experiments/r16_p14_stage2a/r16_p14_stage2a/actor_model.py:62: UserWarning: enable_nested_tensor is True, but self.use_nested_tensor is False because encoder_layer.norm_first was True
  self.encoder = nn.TransformerEncoder(
[info] using task orders [0, 1, 2, 3, 4, 5, 6, 7, 8, 9]
QUAL_DONE put_the_bowl_on_the_stove__calibration__seed07__init37__future_09__clearance_m010mm error=0
/mnt/cpfs/zbl-cpfs-new/USERS/leon/code/r16-p14-stage2d-20260818-phase1-recovery-v2/experiments/r16_p14_stage2a/r16_p14_stage2a/actor_model.py:62: UserWarning: enable_nested_tensor is True, but self.use_nested_tensor is False because encoder_layer.norm_first was True
  self.encoder = nn.TransformerEncoder(
[info] using task orders [0, 1, 2, 3, 4, 5, 6, 7, 8, 9]
QUAL_DONE put_the_bowl_on_the_stove__calibration__seed07__init37__future_09__clearance_p000mm error=0
/mnt/cpfs/zbl-cpfs-new/USERS/leon/code/r16-p14-stage2d-20260818-phase1-recovery-v2/experiments/r16_p14_stage2a/r16_p14_stage2a/actor_model.py:62: UserWarning: enable_nested_tensor is True, but self.use_nested_tensor is False because encoder_layer.norm_first was True
  self.encoder = nn.TransformerEncoder(
[info] using task orders [0, 1, 2, 3, 4, 5, 6, 7, 8, 9]
QUAL_DONE put_the_bowl_on_the_stove__calibration__seed07__init37__future_12__clearance_p000mm error=0
/mnt/cpfs/zbl-cpfs-new/USERS/leon/code/r16-p14-stage2d-20260818-phase1-recovery-v2/experiments/r16_p14_stage2a/r16_p14_stage2a/actor_model.py:62: UserWarning: enable_nested_tensor is True, but self.use_nested_tensor is False because encoder_layer.norm_first was True
  self.encoder = nn.TransformerEncoder(
[info] using task orders [0, 1, 2, 3, 4, 5, 6, 7, 8, 9]
QUAL_DONE put_the_bowl_on_the_stove__calibration__seed07__init37__future_12__clearance_p010mm error=0
/mnt/cpfs/zbl-cpfs-new/USERS/leon/code/r16-p14-stage2d-20260818-phase1-recovery-v2/experiments/r16_p14_stage2a/r16_p14_stage2a/actor_model.py:62: UserWarning: enable_nested_tensor is True, but self.use_nested_tensor is False because encoder_layer.norm_first was True
  self.encoder = nn.TransformerEncoder(
[info] using task orders [0, 1, 2, 3, 4, 5, 6, 7, 8, 9]
QUAL_DONE put_the_bowl_on_the_stove__calibration__seed07__init38__future_06__clearance_p010mm error=0
/mnt/cpfs/zbl-cpfs-new/USERS/leon/code/r16-p14-stage2d-20260818-phase1-recovery-v2/experiments/r16_p14_stage2a/r16_p14_stage2a/actor_model.py:62: UserWarning: enable_nested_tensor is True, but self.use_nested_tensor is False because encoder_layer.norm_first was True
  self.encoder = nn.TransformerEncoder(
[info] using task orders [0, 1, 2, 3, 4, 5, 6, 7, 8, 9]
QUAL_DONE put_the_bowl_on_the_stove__calibration__seed07__init38__future_09__clearance_m010mm error=0
/mnt/cpfs/zbl-cpfs-new/USERS/leon/code/r16-p14-stage2d-20260818-phase1-recovery-v2/experiments/r16_p14_stage2a/r16_p14_stage2a/actor_model.py:62: UserWarning: enable_nested_tensor is True, but self.use_nested_tensor is False because encoder_layer.norm_first was True
  self.encoder = nn.TransformerEncoder(
[info] using task orders [0, 1, 2, 3, 4, 5, 6, 7, 8, 9]
QUAL_DONE put_the_bowl_on_the_stove__calibration__seed07__init38__future_12__clearance_p000mm error=1
/mnt/cpfs/zbl-cpfs-new/USERS/leon/code/r16-p14-stage2d-20260818-phase1-recovery-v2/experiments/r16_p14_stage2a/r16_p14_stage2a/actor_model.py:62: UserWarning: enable_nested_tensor is True, but self.use_nested_tensor is False because encoder_layer.norm_first was True
  self.encoder = nn.TransformerEncoder(
[info] using task orders [0, 1, 2, 3, 4, 5, 6, 7, 8, 9]
QUAL_DONE put_the_bowl_on_the_stove__calibration__seed07__init38__future_12__clearance_p010mm error=1
/mnt/cpfs/zbl-cpfs-new/USERS/leon/code/r16-p14-stage2d-20260818-phase1-recovery-v2/experiments/r16_p14_stage2a/r16_p14_stage2a/actor_model.py:62: UserWarning: enable_nested_tensor is True, but self.use_nested_tensor is False because encoder_layer.norm_first was True
  self.encoder = nn.TransformerEncoder(
[info] using task orders [0, 1, 2, 3, 4, 5, 6, 7, 8, 9]
QUAL_DONE put_the_bowl_on_the_stove__calibration__seed07__init39__future_06__clearance_p000mm error=0
/mnt/cpfs/zbl-cpfs-new/USERS/leon/code/r16-p14-stage2d-20260818-phase1-recovery-v2/experiments/r16_p14_stage2a/r16_p14_stage2a/actor_model.py:62: UserWarning: enable_nested_tensor is True, but self.use_nested_tensor is False because encoder_layer.norm_first was True
  self.encoder = nn.TransformerEncoder(
[info] using task orders [0, 1, 2, 3, 4, 5, 6, 7, 8, 9]
QUAL_DONE put_the_bowl_on_the_stove__calibration__seed07__init39__future_09__clearance_m010mm error=0
/mnt/cpfs/zbl-cpfs-new/USERS/leon/code/r16-p14-stage2d-20260818-phase1-recovery-v2/experiments/r16_p14_stage2a/r16_p14_stage2a/actor_model.py:62: UserWarning: enable_nested_tensor is True, but self.use_nested_tensor is False because encoder_layer.norm_first was True
  self.encoder = nn.TransformerEncoder(
[info] using task orders [0, 1, 2, 3, 4, 5, 6, 7, 8, 9]
QUAL_DONE put_the_bowl_on_the_stove__calibration__seed07__init39__future_12__clearance_p000mm error=1
/mnt/cpfs/zbl-cpfs-new/USERS/leon/code/r16-p14-stage2d-20260818-phase1-recovery-v2/experiments/r16_p14_stage2a/r16_p14_stage2a/actor_model.py:62: UserWarning: enable_nested_tensor is True, but self.use_nested_tensor is False because encoder_layer.norm_first was True
  self.encoder = nn.TransformerEncoder(
[info] using task orders [0, 1, 2, 3, 4, 5, 6, 7, 8, 9]
QUAL_DONE put_the_bowl_on_the_stove__calibration__seed07__init39__future_12__clearance_p010mm error=1
/mnt/cpfs/zbl-cpfs-new/USERS/leon/code/r16-p14-stage2d-20260818-phase1-recovery-v2/experiments/r16_p14_stage2a/r16_p14_stage2a/actor_model.py:62: UserWarning: enable_nested_tensor is True, but self.use_nested_tensor is False because encoder_layer.norm_first was True
  self.encoder = nn.TransformerEncoder(
[info] using task orders [0, 1, 2, 3, 4, 5, 6, 7, 8, 9]
QUAL_DONE put_the_bowl_on_the_stove__calibration__seed17__init10__future_06__clearance_p000mm error=0
/mnt/cpfs/zbl-cpfs-new/USERS/leon/code/r16-p14-stage2d-20260818-phase1-recovery-v2/experiments/r16_p14_stage2a/r16_p14_stage2a/actor_model.py:62: UserWarning: enable_nested_tensor is True, but self.use_nested_tensor is False because encoder_layer.norm_first was True
  self.encoder = nn.TransformerEncoder(
[info] using task orders [0, 1, 2, 3, 4, 5, 6, 7, 8, 9]
QUAL_DONE put_the_bowl_on_the_stove__calibration__seed17__init10__future_06__clearance_p010mm error=0
/mnt/cpfs/zbl-cpfs-new/USERS/leon/code/r16-p14-stage2d-20260818-phase1-recovery-v2/experiments/r16_p14_stage2a/r16_p14_stage2a/actor_model.py:62: UserWarning: enable_nested_tensor is True, but self.use_nested_tensor is False because encoder_layer.norm_first was True
  self.encoder = nn.TransformerEncoder(
[info] using task orders [0, 1, 2, 3, 4, 5, 6, 7, 8, 9]
QUAL_DONE put_the_bowl_on_the_stove__calibration__seed17__init10__future_09__clearance_m010mm error=0
/mnt/cpfs/zbl-cpfs-new/USERS/leon/code/r16-p14-stage2d-20260818-phase1-recovery-v2/experiments/r16_p14_stage2a/r16_p14_stage2a/actor_model.py:62: UserWarning: enable_nested_tensor is True, but self.use_nested_tensor is False because encoder_layer.norm_first was True
  self.encoder = nn.TransformerEncoder(
[info] using task orders [0, 1, 2, 3, 4, 5, 6, 7, 8, 9]
QUAL_DONE put_the_bowl_on_the_stove__calibration__seed17__init10__future_09__clearance_p000mm error=0
/mnt/cpfs/zbl-cpfs-new/USERS/leon/code/r16-p14-stage2d-20260818-phase1-recovery-v2/experiments/r16_p14_stage2a/r16_p14_stage2a/actor_model.py:62: UserWarning: enable_nested_tensor is True, but self.use_nested_tensor is False because encoder_layer.norm_first was True
  self.encoder = nn.TransformerEncoder(
[info] using task orders [0, 1, 2, 3, 4, 5, 6, 7, 8, 9]
QUAL_DONE put_the_bowl_on_the_stove__calibration__seed17__init10__future_09__clearance_p010mm error=0
/mnt/cpfs/zbl-cpfs-new/USERS/leon/code/r16-p14-stage2d-20260818-phase1-recovery-v2/experiments/r16_p14_stage2a/r16_p14_stage2a/actor_model.py:62: UserWarning: enable_nested_tensor is True, but self.use_nested_tensor is False because encoder_layer.norm_first was True
  self.encoder = nn.TransformerEncoder(
[info] using task orders [0, 1, 2, 3, 4, 5, 6, 7, 8, 9]
QUAL_DONE put_the_bowl_on_the_stove__calibration__seed17__init11__future_06__clearance_p010mm error=0
/mnt/cpfs/zbl-cpfs-new/USERS/leon/code/r16-p14-stage2d-20260818-phase1-recovery-v2/experiments/r16_p14_stage2a/r16_p14_stage2a/actor_model.py:62: UserWarning: enable_nested_tensor is True, but self.use_nested_tensor is False because encoder_layer.norm_first was True
  self.encoder = nn.TransformerEncoder(
[info] using task orders [0, 1, 2, 3, 4, 5, 6, 7, 8, 9]
QUAL_DONE put_the_bowl_on_the_stove__calibration__seed17__init11__future_09__clearance_p000mm error=0
/mnt/cpfs/zbl-cpfs-new/USERS/leon/code/r16-p14-stage2d-20260818-phase1-recovery-v2/experiments/r16_p14_stage2a/r16_p14_stage2a/actor_model.py:62: UserWarning: enable_nested_tensor is True, but self.use_nested_tensor is False because encoder_layer.norm_first was True
  self.encoder = nn.TransformerEncoder(
[info] using task orders [0, 1, 2, 3, 4, 5, 6, 7, 8, 9]
QUAL_DONE put_the_bowl_on_the_stove__calibration__seed17__init11__future_09__clearance_p010mm error=0
/mnt/cpfs/zbl-cpfs-new/USERS/leon/code/r16-p14-stage2d-20260818-phase1-recovery-v2/experiments/r16_p14_stage2a/r16_p14_stage2a/actor_model.py:62: UserWarning: enable_nested_tensor is True, but self.use_nested_tensor is False because encoder_layer.norm_first was True
  self.encoder = nn.TransformerEncoder(
[info] using task orders [0, 1, 2, 3, 4, 5, 6, 7, 8, 9]
QUAL_DONE put_the_bowl_on_the_stove__calibration__seed17__init13__future_09__clearance_p000mm error=0
/mnt/cpfs/zbl-cpfs-new/USERS/leon/code/r16-p14-stage2d-20260818-phase1-recovery-v2/experiments/r16_p14_stage2a/r16_p14_stage2a/actor_model.py:62: UserWarning: enable_nested_tensor is True, but self.use_nested_tensor is False because encoder_layer.norm_first was True
  self.encoder = nn.TransformerEncoder(
[info] using task orders [0, 1, 2, 3, 4, 5, 6, 7, 8, 9]
QUAL_DONE put_the_bowl_on_the_stove__calibration__seed17__init13__future_12__clearance_p010mm error=0
/mnt/cpfs/zbl-cpfs-new/USERS/leon/code/r16-p14-stage2d-20260818-phase1-recovery-v2/experiments/r16_p14_stage2a/r16_p14_stage2a/actor_model.py:62: UserWarning: enable_nested_tensor is True, but self.use_nested_tensor is False because encoder_layer.norm_first was True
  self.encoder = nn.TransformerEncoder(
[info] using task orders [0, 1, 2, 3, 4, 5, 6, 7, 8, 9]
QUAL_DONE put_the_bowl_on_the_stove__calibration__seed17__init14__future_06__clearance_m010mm error=0
/mnt/cpfs/zbl-cpfs-new/USERS/leon/code/r16-p14-stage2d-20260818-phase1-recovery-v2/experiments/r16_p14_stage2a/r16_p14_stage2a/actor_model.py:62: UserWarning: enable_nested_tensor is True, but self.use_nested_tensor is False because encoder_layer.norm_first was True
  self.encoder = nn.TransformerEncoder(
[info] using task orders [0, 1, 2, 3, 4, 5, 6, 7, 8, 9]
QUAL_DONE put_the_bowl_on_the_stove__calibration__seed17__init14__future_06__clearance_p000mm error=0
/mnt/cpfs/zbl-cpfs-new/USERS/leon/code/r16-p14-stage2d-20260818-phase1-recovery-v2/experiments/r16_p14_stage2a/r16_p14_stage2a/actor_model.py:62: UserWarning: enable_nested_tensor is True, but self.use_nested_tensor is False because encoder_layer.norm_first was True
  self.encoder = nn.TransformerEncoder(
[info] using task orders [0, 1, 2, 3, 4, 5, 6, 7, 8, 9]
QUAL_DONE put_the_bowl_on_the_stove__calibration__seed17__init14__future_06__clearance_p010mm error=0
/mnt/cpfs/zbl-cpfs-new/USERS/leon/code/r16-p14-stage2d-20260818-phase1-recovery-v2/experiments/r16_p14_stage2a/r16_p14_stage2a/actor_model.py:62: UserWarning: enable_nested_tensor is True, but self.use_nested_tensor is False because encoder_layer.norm_first was True
  self.encoder = nn.TransformerEncoder(
[info] using task orders [0, 1, 2, 3, 4, 5, 6, 7, 8, 9]
QUAL_DONE put_the_bowl_on_the_stove__calibration__seed17__init16__future_06__clearance_m010mm error=0
/mnt/cpfs/zbl-cpfs-new/USERS/leon/code/r16-p14-stage2d-20260818-phase1-recovery-v2/experiments/r16_p14_stage2a/r16_p14_stage2a/actor_model.py:62: UserWarning: enable_nested_tensor is True, but self.use_nested_tensor is False because encoder_layer.norm_first was True
  self.encoder = nn.TransformerEncoder(
[info] using task orders [0, 1, 2, 3, 4, 5, 6, 7, 8, 9]
QUAL_DONE put_the_bowl_on_the_stove__calibration__seed17__init16__future_06__clearance_p000mm error=0
/mnt/cpfs/zbl-cpfs-new/USERS/leon/code/r16-p14-stage2d-20260818-phase1-recovery-v2/experiments/r16_p14_stage2a/r16_p14_stage2a/actor_model.py:62: UserWarning: enable_nested_tensor is True, but self.use_nested_tensor is False because encoder_layer.norm_first was True
  self.encoder = nn.TransformerEncoder(
[info] using task orders [0, 1, 2, 3, 4, 5, 6, 7, 8, 9]
QUAL_DONE put_the_bowl_on_the_stove__calibration__seed17__init16__future_06__clearance_p010mm error=0
/mnt/cpfs/zbl-cpfs-new/USERS/leon/code/r16-p14-stage2d-20260818-phase1-recovery-v2/experiments/r16_p14_stage2a/r16_p14_stage2a/actor_model.py:62: UserWarning: enable_nested_tensor is True, but self.use_nested_tensor is False because encoder_layer.norm_first was True
  self.encoder = nn.TransformerEncoder(
[info] using task orders [0, 1, 2, 3, 4, 5, 6, 7, 8, 9]
QUAL_DONE put_the_bowl_on_the_stove__calibration__seed17__init16__future_12__clearance_p000mm error=1
/mnt/cpfs/zbl-cpfs-new/USERS/leon/code/r16-p14-stage2d-20260818-phase1-recovery-v2/experiments/r16_p14_stage2a/r16_p14_stage2a/actor_model.py:62: UserWarning: enable_nested_tensor is True, but self.use_nested_tensor is False because encoder_layer.norm_first was True
  self.encoder = nn.TransformerEncoder(
[info] using task orders [0, 1, 2, 3, 4, 5, 6, 7, 8, 9]
QUAL_DONE put_the_bowl_on_the_stove__calibration__seed17__init17__future_06__clearance_p000mm error=0
/mnt/cpfs/zbl-cpfs-new/USERS/leon/code/r16-p14-stage2d-20260818-phase1-recovery-v2/experiments/r16_p14_stage2a/r16_p14_stage2a/actor_model.py:62: UserWarning: enable_nested_tensor is True, but self.use_nested_tensor is False because encoder_layer.norm_first was True
  self.encoder = nn.TransformerEncoder(
[info] using task orders [0, 1, 2, 3, 4, 5, 6, 7, 8, 9]
QUAL_DONE put_the_bowl_on_the_stove__calibration__seed17__init17__future_09__clearance_p000mm error=0
/mnt/cpfs/zbl-cpfs-new/USERS/leon/code/r16-p14-stage2d-20260818-phase1-recovery-v2/experiments/r16_p14_stage2a/r16_p14_stage2a/actor_model.py:62: UserWarning: enable_nested_tensor is True, but self.use_nested_tensor is False because encoder_layer.norm_first was True
  self.encoder = nn.TransformerEncoder(
[info] using task orders [0, 1, 2, 3, 4, 5, 6, 7, 8, 9]
QUAL_DONE put_the_bowl_on_the_stove__calibration__seed17__init18__future_06__clearance_m010mm error=0
/mnt/cpfs/zbl-cpfs-new/USERS/leon/code/r16-p14-stage2d-20260818-phase1-recovery-v2/experiments/r16_p14_stage2a/r16_p14_stage2a/actor_model.py:62: UserWarning: enable_nested_tensor is True, but self.use_nested_tensor is False because encoder_layer.norm_first was True
  self.encoder = nn.TransformerEncoder(
[info] using task orders [0, 1, 2, 3, 4, 5, 6, 7, 8, 9]
QUAL_DONE put_the_bowl_on_the_stove__calibration__seed17__init18__future_06__clearance_p000mm error=0
/mnt/cpfs/zbl-cpfs-new/USERS/leon/code/r16-p14-stage2d-20260818-phase1-recovery-v2/experiments/r16_p14_stage2a/r16_p14_stage2a/actor_model.py:62: UserWarning: enable_nested_tensor is True, but self.use_nested_tensor is False because encoder_layer.norm_first was True
  self.encoder = nn.TransformerEncoder(
[info] using task orders [0, 1, 2, 3, 4, 5, 6, 7, 8, 9]
QUAL_DONE put_the_bowl_on_the_stove__calibration__seed17__init18__future_12__clearance_p010mm error=1
/mnt/cpfs/zbl-cpfs-new/USERS/leon/code/r16-p14-stage2d-20260818-phase1-recovery-v2/experiments/r16_p14_stage2a/r16_p14_stage2a/actor_model.py:62: UserWarning: enable_nested_tensor is True, but self.use_nested_tensor is False because encoder_layer.norm_first was True
  self.encoder = nn.TransformerEncoder(
[info] using task orders [0, 1, 2, 3, 4, 5, 6, 7, 8, 9]
QUAL_DONE put_the_bowl_on_the_stove__calibration__seed17__init19__future_06__clearance_m010mm error=0
/mnt/cpfs/zbl-cpfs-new/USERS/leon/code/r16-p14-stage2d-20260818-phase1-recovery-v2/experiments/r16_p14_stage2a/r16_p14_stage2a/actor_model.py:62: UserWarning: enable_nested_tensor is True, but self.use_nested_tensor is False because encoder_layer.norm_first was True
  self.encoder = nn.TransformerEncoder(
[info] using task orders [0, 1, 2, 3, 4, 5, 6, 7, 8, 9]
QUAL_DONE put_the_bowl_on_the_stove__calibration__seed17__init19__future_06__clearance_p000mm error=0
/mnt/cpfs/zbl-cpfs-new/USERS/leon/code/r16-p14-stage2d-20260818-phase1-recovery-v2/experiments/r16_p14_stage2a/r16_p14_stage2a/actor_model.py:62: UserWarning: enable_nested_tensor is True, but self.use_nested_tensor is False because encoder_layer.norm_first was True
  self.encoder = nn.TransformerEncoder(
[info] using task orders [0, 1, 2, 3, 4, 5, 6, 7, 8, 9]
QUAL_DONE put_the_bowl_on_the_stove__calibration__seed17__init19__future_06__clearance_p010mm error=0
/mnt/cpfs/zbl-cpfs-new/USERS/leon/code/r16-p14-stage2d-20260818-phase1-recovery-v2/experiments/r16_p14_stage2a/r16_p14_stage2a/actor_model.py:62: UserWarning: enable_nested_tensor is True, but self.use_nested_tensor is False because encoder_layer.norm_first was True
  self.encoder = nn.TransformerEncoder(
[info] using task orders [0, 1, 2, 3, 4, 5, 6, 7, 8, 9]
QUAL_DONE put_the_bowl_on_the_stove__calibration__seed17__init19__future_09__clearance_m010mm error=0
/mnt/cpfs/zbl-cpfs-new/USERS/leon/code/r16-p14-stage2d-20260818-phase1-recovery-v2/experiments/r16_p14_stage2a/r16_p14_stage2a/actor_model.py:62: UserWarning: enable_nested_tensor is True, but self.use_nested_tensor is False because encoder_layer.norm_first was True
  self.encoder = nn.TransformerEncoder(
[info] using task orders [0, 1, 2, 3, 4, 5, 6, 7, 8, 9]
QUAL_DONE put_the_bowl_on_the_stove__calibration__seed17__init19__future_12__clearance_m010mm error=1
/mnt/cpfs/zbl-cpfs-new/USERS/leon/code/r16-p14-stage2d-20260818-phase1-recovery-v2/experiments/r16_p14_stage2a/r16_p14_stage2a/actor_model.py:62: UserWarning: enable_nested_tensor is True, but self.use_nested_tensor is False because encoder_layer.norm_first was True
  self.encoder = nn.TransformerEncoder(
[info] using task orders [0, 1, 2, 3, 4, 5, 6, 7, 8, 9]
QUAL_DONE put_the_bowl_on_the_stove__calibration__seed17__init19__future_12__clearance_p000mm error=1
/mnt/cpfs/zbl-cpfs-new/USERS/leon/code/r16-p14-stage2d-20260818-phase1-recovery-v2/experiments/r16_p14_stage2a/r16_p14_stage2a/actor_model.py:62: UserWarning: enable_nested_tensor is True, but self.use_nested_tensor is False because encoder_layer.norm_first was True
  self.encoder = nn.TransformerEncoder(
[info] using task orders [0, 1, 2, 3, 4, 5, 6, 7, 8, 9]
QUAL_DONE put_the_bowl_on_the_stove__calibration__seed17__init20__future_06__clearance_p000mm error=0
/mnt/cpfs/zbl-cpfs-new/USERS/leon/code/r16-p14-stage2d-20260818-phase1-recovery-v2/experiments/r16_p14_stage2a/r16_p14_stage2a/actor_model.py:62: UserWarning: enable_nested_tensor is True, but self.use_nested_tensor is False because encoder_layer.norm_first was True
  self.encoder = nn.TransformerEncoder(
[info] using task orders [0, 1, 2, 3, 4, 5, 6, 7, 8, 9]
QUAL_DONE put_the_bowl_on_the_stove__calibration__seed17__init20__future_09__clearance_m010mm error=0
/mnt/cpfs/zbl-cpfs-new/USERS/leon/code/r16-p14-stage2d-20260818-phase1-recovery-v2/experiments/r16_p14_stage2a/r16_p14_stage2a/actor_model.py:62: UserWarning: enable_nested_tensor is True, but self.use_nested_tensor is False because encoder_layer.norm_first was True
  self.encoder = nn.TransformerEncoder(
[info] using task orders [0, 1, 2, 3, 4, 5, 6, 7, 8, 9]
QUAL_DONE put_the_bowl_on_the_stove__calibration__seed17__init20__future_09__clearance_p000mm error=0
/mnt/cpfs/zbl-cpfs-new/USERS/leon/code/r16-p14-stage2d-20260818-phase1-recovery-v2/experiments/r16_p14_stage2a/r16_p14_stage2a/actor_model.py:62: UserWarning: enable_nested_tensor is True, but self.use_nested_tensor is False because encoder_layer.norm_first was True
  self.encoder = nn.TransformerEncoder(
[info] using task orders [0, 1, 2, 3, 4, 5, 6, 7, 8, 9]
QUAL_DONE put_the_bowl_on_the_stove__calibration__seed17__init20__future_09__clearance_p010mm error=0
/mnt/cpfs/zbl-cpfs-new/USERS/leon/code/r16-p14-stage2d-20260818-phase1-recovery-v2/experiments/r16_p14_stage2a/r16_p14_stage2a/actor_model.py:62: UserWarning: enable_nested_tensor is True, but self.use_nested_tensor is False because encoder_layer.norm_first was True
  self.encoder = nn.TransformerEncoder(
[info] using task orders [0, 1, 2, 3, 4, 5, 6, 7, 8, 9]
QUAL_DONE put_the_bowl_on_the_stove__calibration__seed17__init20__future_12__clearance_p000mm error=0
/mnt/cpfs/zbl-cpfs-new/USERS/leon/code/r16-p14-stage2d-20260818-phase1-recovery-v2/experiments/r16_p14_stage2a/r16_p14_stage2a/actor_model.py:62: UserWarning: enable_nested_tensor is True, but self.use_nested_tensor is False because encoder_layer.norm_first was True
  self.encoder = nn.TransformerEncoder(
[info] using task orders [0, 1, 2, 3, 4, 5, 6, 7, 8, 9]
QUAL_DONE put_the_bowl_on_the_stove__calibration__seed17__init20__future_12__clearance_p010mm error=0
/mnt/cpfs/zbl-cpfs-new/USERS/leon/code/r16-p14-stage2d-20260818-phase1-recovery-v2/experiments/r16_p14_stage2a/r16_p14_stage2a/actor_model.py:62: UserWarning: enable_nested_tensor is True, but self.use_nested_tensor is False because encoder_layer.norm_first was True
  self.encoder = nn.TransformerEncoder(
[info] using task orders [0, 1, 2, 3, 4, 5, 6, 7, 8, 9]
QUAL_DONE put_the_bowl_on_the_stove__calibration__seed17__init21__future_06__clearance_m010mm error=0
/mnt/cpfs/zbl-cpfs-new/USERS/leon/code/r16-p14-stage2d-20260818-phase1-recovery-v2/experiments/r16_p14_stage2a/r16_p14_stage2a/actor_model.py:62: UserWarning: enable_nested_tensor is True, but self.use_nested_tensor is False because encoder_layer.norm_first was True
  self.encoder = nn.TransformerEncoder(
[info] using task orders [0, 1, 2, 3, 4, 5, 6, 7, 8, 9]
QUAL_DONE put_the_bowl_on_the_stove__calibration__seed17__init21__future_06__clearance_p000mm error=0
/mnt/cpfs/zbl-cpfs-new/USERS/leon/code/r16-p14-stage2d-20260818-phase1-recovery-v2/experiments/r16_p14_stage2a/r16_p14_stage2a/actor_model.py:62: UserWarning: enable_nested_tensor is True, but self.use_nested_tensor is False because encoder_layer.norm_first was True
  self.encoder = nn.TransformerEncoder(
[info] using task orders [0, 1, 2, 3, 4, 5, 6, 7, 8, 9]
QUAL_DONE put_the_bowl_on_the_stove__calibration__seed17__init21__future_06__clearance_p010mm error=0
/mnt/cpfs/zbl-cpfs-new/USERS/leon/code/r16-p14-stage2d-20260818-phase1-recovery-v2/experiments/r16_p14_stage2a/r16_p14_stage2a/actor_model.py:62: UserWarning: enable_nested_tensor is True, but self.use_nested_tensor is False because encoder_layer.norm_first was True
  self.encoder = nn.TransformerEncoder(
[info] using task orders [0, 1, 2, 3, 4, 5, 6, 7, 8, 9]
QUAL_DONE put_the_bowl_on_the_stove__calibration__seed17__init21__future_09__clearance_m010mm error=0
/mnt/cpfs/zbl-cpfs-new/USERS/leon/code/r16-p14-stage2d-20260818-phase1-recovery-v2/experiments/r16_p14_stage2a/r16_p14_stage2a/actor_model.py:62: UserWarning: enable_nested_tensor is True, but self.use_nested_tensor is False because encoder_layer.norm_first was True
  self.encoder = nn.TransformerEncoder(
[info] using task orders [0, 1, 2, 3, 4, 5, 6, 7, 8, 9]
QUAL_DONE put_the_bowl_on_the_stove__calibration__seed17__init21__future_09__clearance_p010mm error=0
/mnt/cpfs/zbl-cpfs-new/USERS/leon/code/r16-p14-stage2d-20260818-phase1-recovery-v2/experiments/r16_p14_stage2a/r16_p14_stage2a/actor_model.py:62: UserWarning: enable_nested_tensor is True, but self.use_nested_tensor is False because encoder_layer.norm_first was True
  self.encoder = nn.TransformerEncoder(
[info] using task orders [0, 1, 2, 3, 4, 5, 6, 7, 8, 9]
QUAL_DONE put_the_bowl_on_the_stove__calibration__seed17__init21__future_12__clearance_p000mm error=0
/mnt/cpfs/zbl-cpfs-new/USERS/leon/code/r16-p14-stage2d-20260818-phase1-recovery-v2/experiments/r16_p14_stage2a/r16_p14_stage2a/actor_model.py:62: UserWarning: enable_nested_tensor is True, but self.use_nested_tensor is False because encoder_layer.norm_first was True
  self.encoder = nn.TransformerEncoder(
[info] using task orders [0, 1, 2, 3, 4, 5, 6, 7, 8, 9]
QUAL_DONE put_the_bowl_on_the_stove__calibration__seed17__init21__future_12__clearance_p010mm error=0
/mnt/cpfs/zbl-cpfs-new/USERS/leon/code/r16-p14-stage2d-20260818-phase1-recovery-v2/experiments/r16_p14_stage2a/r16_p14_stage2a/actor_model.py:62: UserWarning: enable_nested_tensor is True, but self.use_nested_tensor is False because encoder_layer.norm_first was True
  self.encoder = nn.TransformerEncoder(
[info] using task orders [0, 1, 2, 3, 4, 5, 6, 7, 8, 9]
QUAL_DONE put_the_bowl_on_the_stove__calibration__seed17__init22__future_06__clearance_m010mm error=0
/mnt/cpfs/zbl-cpfs-new/USERS/leon/code/r16-p14-stage2d-20260818-phase1-recovery-v2/experiments/r16_p14_stage2a/r16_p14_stage2a/actor_model.py:62: UserWarning: enable_nested_tensor is True, but self.use_nested_tensor is False because encoder_layer.norm_first was True
  self.encoder = nn.TransformerEncoder(
[info] using task orders [0, 1, 2, 3, 4, 5, 6, 7, 8, 9]
QUAL_DONE put_the_bowl_on_the_stove__calibration__seed17__init22__future_06__clearance_p010mm error=0
/mnt/cpfs/zbl-cpfs-new/USERS/leon/code/r16-p14-stage2d-20260818-phase1-recovery-v2/experiments/r16_p14_stage2a/r16_p14_stage2a/actor_model.py:62: UserWarning: enable_nested_tensor is True, but self.use_nested_tensor is False because encoder_layer.norm_first was True
  self.encoder = nn.TransformerEncoder(
[info] using task orders [0, 1, 2, 3, 4, 5, 6, 7, 8, 9]
QUAL_DONE put_the_bowl_on_the_stove__calibration__seed17__init22__future_09__clearance_p010mm error=0
/mnt/cpfs/zbl-cpfs-new/USERS/leon/code/r16-p14-stage2d-20260818-phase1-recovery-v2/experiments/r16_p14_stage2a/r16_p14_stage2a/actor_model.py:62: UserWarning: enable_nested_tensor is True, but self.use_nested_tensor is False because encoder_layer.norm_first was True
  self.encoder = nn.TransformerEncoder(
[info] using task orders [0, 1, 2, 3, 4, 5, 6, 7, 8, 9]
QUAL_DONE put_the_bowl_on_the_stove__calibration__seed17__init22__future_12__clearance_m010mm error=1
/mnt/cpfs/zbl-cpfs-new/USERS/leon/code/r16-p14-stage2d-20260818-phase1-recovery-v2/experiments/r16_p14_stage2a/r16_p14_stage2a/actor_model.py:62: UserWarning: enable_nested_tensor is True, but self.use_nested_tensor is False because encoder_layer.norm_first was True
  self.encoder = nn.TransformerEncoder(
[info] using task orders [0, 1, 2, 3, 4, 5, 6, 7, 8, 9]
QUAL_DONE put_the_bowl_on_the_stove__calibration__seed17__init22__future_12__clearance_p010mm error=1
/mnt/cpfs/zbl-cpfs-new/USERS/leon/code/r16-p14-stage2d-20260818-phase1-recovery-v2/experiments/r16_p14_stage2a/r16_p14_stage2a/actor_model.py:62: UserWarning: enable_nested_tensor is True, but self.use_nested_tensor is False because encoder_layer.norm_first was True
  self.encoder = nn.TransformerEncoder(
[info] using task orders [0, 1, 2, 3, 4, 5, 6, 7, 8, 9]
QUAL_DONE put_the_bowl_on_the_stove__calibration__seed17__init24__future_06__clearance_p000mm error=0
/mnt/cpfs/zbl-cpfs-new/USERS/leon/code/r16-p14-stage2d-20260818-phase1-recovery-v2/experiments/r16_p14_stage2a/r16_p14_stage2a/actor_model.py:62: UserWarning: enable_nested_tensor is True, but self.use_nested_tensor is False because encoder_layer.norm_first was True
  self.encoder = nn.TransformerEncoder(
[info] using task orders [0, 1, 2, 3, 4, 5, 6, 7, 8, 9]
QUAL_DONE put_the_bowl_on_the_stove__calibration__seed17__init24__future_06__clearance_p010mm error=0
/mnt/cpfs/zbl-cpfs-new/USERS/leon/code/r16-p14-stage2d-20260818-phase1-recovery-v2/experiments/r16_p14_stage2a/r16_p14_stage2a/actor_model.py:62: UserWarning: enable_nested_tensor is True, but self.use_nested_tensor is False because encoder_layer.norm_first was True
  self.encoder = nn.TransformerEncoder(
[info] using task orders [0, 1, 2, 3, 4, 5, 6, 7, 8, 9]
QUAL_DONE put_the_bowl_on_the_stove__calibration__seed17__init24__future_09__clearance_m010mm error=0
/mnt/cpfs/zbl-cpfs-new/USERS/leon/code/r16-p14-stage2d-20260818-phase1-recovery-v2/experiments/r16_p14_stage2a/r16_p14_stage2a/actor_model.py:62: UserWarning: enable_nested_tensor is True, but self.use_nested_tensor is False because encoder_layer.norm_first was True
  self.encoder = nn.TransformerEncoder(
[info] using task orders [0, 1, 2, 3, 4, 5, 6, 7, 8, 9]
QUAL_DONE put_the_bowl_on_the_stove__calibration__seed17__init24__future_12__clearance_m010mm error=1
/mnt/cpfs/zbl-cpfs-new/USERS/leon/code/r16-p14-stage2d-20260818-phase1-recovery-v2/experiments/r16_p14_stage2a/r16_p14_stage2a/actor_model.py:62: UserWarning: enable_nested_tensor is True, but self.use_nested_tensor is False because encoder_layer.norm_first was True
  self.encoder = nn.TransformerEncoder(
[info] using task orders [0, 1, 2, 3, 4, 5, 6, 7, 8, 9]
QUAL_DONE put_the_bowl_on_the_stove__calibration__seed17__init24__future_12__clearance_p000mm error=1
/mnt/cpfs/zbl-cpfs-new/USERS/leon/code/r16-p14-stage2d-20260818-phase1-recovery-v2/experiments/r16_p14_stage2a/r16_p14_stage2a/actor_model.py:62: UserWarning: enable_nested_tensor is True, but self.use_nested_tensor is False because encoder_layer.norm_first was True
  self.encoder = nn.TransformerEncoder(
[info] using task orders [0, 1, 2, 3, 4, 5, 6, 7, 8, 9]
QUAL_DONE put_the_bowl_on_the_stove__calibration__seed17__init24__future_12__clearance_p010mm error=1
/mnt/cpfs/zbl-cpfs-new/USERS/leon/code/r16-p14-stage2d-20260818-phase1-recovery-v2/experiments/r16_p14_stage2a/r16_p14_stage2a/actor_model.py:62: UserWarning: enable_nested_tensor is True, but self.use_nested_tensor is False because encoder_layer.norm_first was True
  self.encoder = nn.TransformerEncoder(
[info] using task orders [0, 1, 2, 3, 4, 5, 6, 7, 8, 9]
QUAL_DONE put_the_bowl_on_the_stove__calibration__seed17__init25__future_06__clearance_p000mm error=0
/mnt/cpfs/zbl-cpfs-new/USERS/leon/code/r16-p14-stage2d-20260818-phase1-recovery-v2/experiments/r16_p14_stage2a/r16_p14_stage2a/actor_model.py:62: UserWarning: enable_nested_tensor is True, but self.use_nested_tensor is False because encoder_layer.norm_first was True
  self.encoder = nn.TransformerEncoder(
[info] using task orders [0, 1, 2, 3, 4, 5, 6, 7, 8, 9]
QUAL_DONE put_the_bowl_on_the_stove__calibration__seed17__init25__future_06__clearance_p010mm error=0
/mnt/cpfs/zbl-cpfs-new/USERS/leon/code/r16-p14-stage2d-20260818-phase1-recovery-v2/experiments/r16_p14_stage2a/r16_p14_stage2a/actor_model.py:62: UserWarning: enable_nested_tensor is True, but self.use_nested_tensor is False because encoder_layer.norm_first was True
  self.encoder = nn.TransformerEncoder(
[info] using task orders [0, 1, 2, 3, 4, 5, 6, 7, 8, 9]
QUAL_DONE put_the_bowl_on_the_stove__calibration__seed17__init25__future_09__clearance_p000mm error=0
/mnt/cpfs/zbl-cpfs-new/USERS/leon/code/r16-p14-stage2d-20260818-phase1-recovery-v2/experiments/r16_p14_stage2a/r16_p14_stage2a/actor_model.py:62: UserWarning: enable_nested_tensor is True, but self.use_nested_tensor is False because encoder_layer.norm_first was True
  self.encoder = nn.TransformerEncoder(
[info] using task orders [0, 1, 2, 3, 4, 5, 6, 7, 8, 9]
QUAL_DONE put_the_bowl_on_the_stove__calibration__seed17__init26__future_06__clearance_p000mm error=0
/mnt/cpfs/zbl-cpfs-new/USERS/leon/code/r16-p14-stage2d-20260818-phase1-recovery-v2/experiments/r16_p14_stage2a/r16_p14_stage2a/actor_model.py:62: UserWarning: enable_nested_tensor is True, but self.use_nested_tensor is False because encoder_layer.norm_first was True
  self.encoder = nn.TransformerEncoder(
[info] using task orders [0, 1, 2, 3, 4, 5, 6, 7, 8, 9]
QUAL_DONE put_the_bowl_on_the_stove__calibration__seed17__init26__future_12__clearance_p000mm error=1
/mnt/cpfs/zbl-cpfs-new/USERS/leon/code/r16-p14-stage2d-20260818-phase1-recovery-v2/experiments/r16_p14_stage2a/r16_p14_stage2a/actor_model.py:62: UserWarning: enable_nested_tensor is True, but self.use_nested_tensor is False because encoder_layer.norm_first was True
  self.encoder = nn.TransformerEncoder(
[info] using task orders [0, 1, 2, 3, 4, 5, 6, 7, 8, 9]
QUAL_DONE put_the_bowl_on_the_stove__calibration__seed17__init27__future_06__clearance_p010mm error=0
/mnt/cpfs/zbl-cpfs-new/USERS/leon/code/r16-p14-stage2d-20260818-phase1-recovery-v2/experiments/r16_p14_stage2a/r16_p14_stage2a/actor_model.py:62: UserWarning: enable_nested_tensor is True, but self.use_nested_tensor is False because encoder_layer.norm_first was True
  self.encoder = nn.TransformerEncoder(
[info] using task orders [0, 1, 2, 3, 4, 5, 6, 7, 8, 9]
QUAL_DONE put_the_bowl_on_the_stove__calibration__seed17__init27__future_09__clearance_p010mm error=0
/mnt/cpfs/zbl-cpfs-new/USERS/leon/code/r16-p14-stage2d-20260818-phase1-recovery-v2/experiments/r16_p14_stage2a/r16_p14_stage2a/actor_model.py:62: UserWarning: enable_nested_tensor is True, but self.use_nested_tensor is False because encoder_layer.norm_first was True
  self.encoder = nn.TransformerEncoder(
[info] using task orders [0, 1, 2, 3, 4, 5, 6, 7, 8, 9]
QUAL_DONE put_the_bowl_on_the_stove__calibration__seed17__init27__future_12__clearance_p010mm error=1
/mnt/cpfs/zbl-cpfs-new/USERS/leon/code/r16-p14-stage2d-20260818-phase1-recovery-v2/experiments/r16_p14_stage2a/r16_p14_stage2a/actor_model.py:62: UserWarning: enable_nested_tensor is True, but self.use_nested_tensor is False because encoder_layer.norm_first was True
  self.encoder = nn.TransformerEncoder(
[info] using task orders [0, 1, 2, 3, 4, 5, 6, 7, 8, 9]
QUAL_DONE put_the_bowl_on_the_stove__calibration__seed17__init28__future_06__clearance_m010mm error=0
/mnt/cpfs/zbl-cpfs-new/USERS/leon/code/r16-p14-stage2d-20260818-phase1-recovery-v2/experiments/r16_p14_stage2a/r16_p14_stage2a/actor_model.py:62: UserWarning: enable_nested_tensor is True, but self.use_nested_tensor is False because encoder_layer.norm_first was True
  self.encoder = nn.TransformerEncoder(
[info] using task orders [0, 1, 2, 3, 4, 5, 6, 7, 8, 9]
QUAL_DONE put_the_bowl_on_the_stove__calibration__seed17__init28__future_06__clearance_p010mm error=0
/mnt/cpfs/zbl-cpfs-new/USERS/leon/code/r16-p14-stage2d-20260818-phase1-recovery-v2/experiments/r16_p14_stage2a/r16_p14_stage2a/actor_model.py:62: UserWarning: enable_nested_tensor is True, but self.use_nested_tensor is False because encoder_layer.norm_first was True
  self.encoder = nn.TransformerEncoder(
[info] using task orders [0, 1, 2, 3, 4, 5, 6, 7, 8, 9]
QUAL_DONE put_the_bowl_on_the_stove__calibration__seed17__init28__future_09__clearance_p010mm error=0
/mnt/cpfs/zbl-cpfs-new/USERS/leon/code/r16-p14-stage2d-20260818-phase1-recovery-v2/experiments/r16_p14_stage2a/r16_p14_stage2a/actor_model.py:62: UserWarning: enable_nested_tensor is True, but self.use_nested_tensor is False because encoder_layer.norm_first was True
  self.encoder = nn.TransformerEncoder(
[info] using task orders [0, 1, 2, 3, 4, 5, 6, 7, 8, 9]
QUAL_DONE put_the_bowl_on_the_stove__calibration__seed17__init29__future_06__clearance_m010mm error=0
/mnt/cpfs/zbl-cpfs-new/USERS/leon/code/r16-p14-stage2d-20260818-phase1-recovery-v2/experiments/r16_p14_stage2a/r16_p14_stage2a/actor_model.py:62: UserWarning: enable_nested_tensor is True, but self.use_nested_tensor is False because encoder_layer.norm_first was True
  self.encoder = nn.TransformerEncoder(
[info] using task orders [0, 1, 2, 3, 4, 5, 6, 7, 8, 9]
QUAL_DONE put_the_bowl_on_the_stove__calibration__seed17__init29__future_06__clearance_p000mm error=0
/mnt/cpfs/zbl-cpfs-new/USERS/leon/code/r16-p14-stage2d-20260818-phase1-recovery-v2/experiments/r16_p14_stage2a/r16_p14_stage2a/actor_model.py:62: UserWarning: enable_nested_tensor is True, but self.use_nested_tensor is False because encoder_layer.norm_first was True
  self.encoder = nn.TransformerEncoder(
[info] using task orders [0, 1, 2, 3, 4, 5, 6, 7, 8, 9]
QUAL_DONE put_the_bowl_on_the_stove__calibration__seed17__init29__future_09__clearance_m010mm error=0
/mnt/cpfs/zbl-cpfs-new/USERS/leon/code/r16-p14-stage2d-20260818-phase1-recovery-v2/experiments/r16_p14_stage2a/r16_p14_stage2a/actor_model.py:62: UserWarning: enable_nested_tensor is True, but self.use_nested_tensor is False because encoder_layer.norm_first was True
  self.encoder = nn.TransformerEncoder(
[info] using task orders [0, 1, 2, 3, 4, 5, 6, 7, 8, 9]
QUAL_DONE put_the_bowl_on_the_stove__calibration__seed17__init29__future_09__clearance_p010mm error=0
/mnt/cpfs/zbl-cpfs-new/USERS/leon/code/r16-p14-stage2d-20260818-phase1-recovery-v2/experiments/r16_p14_stage2a/r16_p14_stage2a/actor_model.py:62: UserWarning: enable_nested_tensor is True, but self.use_nested_tensor is False because encoder_layer.norm_first was True
  self.encoder = nn.TransformerEncoder(
[info] using task orders [0, 1, 2, 3, 4, 5, 6, 7, 8, 9]
QUAL_DONE put_the_bowl_on_the_stove__calibration__seed17__init29__future_12__clearance_p000mm error=1
/mnt/cpfs/zbl-cpfs-new/USERS/leon/code/r16-p14-stage2d-20260818-phase1-recovery-v2/experiments/r16_p14_stage2a/r16_p14_stage2a/actor_model.py:62: UserWarning: enable_nested_tensor is True, but self.use_nested_tensor is False because encoder_layer.norm_first was True
  self.encoder = nn.TransformerEncoder(
[info] using task orders [0, 1, 2, 3, 4, 5, 6, 7, 8, 9]
QUAL_DONE put_the_bowl_on_the_stove__calibration__seed17__init30__future_12__clearance_m010mm error=1
/mnt/cpfs/zbl-cpfs-new/USERS/leon/code/r16-p14-stage2d-20260818-phase1-recovery-v2/experiments/r16_p14_stage2a/r16_p14_stage2a/actor_model.py:62: UserWarning: enable_nested_tensor is True, but self.use_nested_tensor is False because encoder_layer.norm_first was True
  self.encoder = nn.TransformerEncoder(
[info] using task orders [0, 1, 2, 3, 4, 5, 6, 7, 8, 9]
QUAL_DONE put_the_bowl_on_the_stove__calibration__seed17__init30__future_12__clearance_p000mm error=1
/mnt/cpfs/zbl-cpfs-new/USERS/leon/code/r16-p14-stage2d-20260818-phase1-recovery-v2/experiments/r16_p14_stage2a/r16_p14_stage2a/actor_model.py:62: UserWarning: enable_nested_tensor is True, but self.use_nested_tensor is False because encoder_layer.norm_first was True
  self.encoder = nn.TransformerEncoder(
[info] using task orders [0, 1, 2, 3, 4, 5, 6, 7, 8, 9]
QUAL_DONE put_the_bowl_on_the_stove__calibration__seed17__init30__future_12__clearance_p010mm error=1
/mnt/cpfs/zbl-cpfs-new/USERS/leon/code/r16-p14-stage2d-20260818-phase1-recovery-v2/experiments/r16_p14_stage2a/r16_p14_stage2a/actor_model.py:62: UserWarning: enable_nested_tensor is True, but self.use_nested_tensor is False because encoder_layer.norm_first was True
  self.encoder = nn.TransformerEncoder(
[info] using task orders [0, 1, 2, 3, 4, 5, 6, 7, 8, 9]
QUAL_DONE put_the_bowl_on_the_stove__calibration__seed17__init31__future_06__clearance_m010mm error=0
/mnt/cpfs/zbl-cpfs-new/USERS/leon/code/r16-p14-stage2d-20260818-phase1-recovery-v2/experiments/r16_p14_stage2a/r16_p14_stage2a/actor_model.py:62: UserWarning: enable_nested_tensor is True, but self.use_nested_tensor is False because encoder_layer.norm_first was True
  self.encoder = nn.TransformerEncoder(
[info] using task orders [0, 1, 2, 3, 4, 5, 6, 7, 8, 9]
QUAL_DONE put_the_bowl_on_the_stove__calibration__seed17__init31__future_06__clearance_p010mm error=0
/mnt/cpfs/zbl-cpfs-new/USERS/leon/code/r16-p14-stage2d-20260818-phase1-recovery-v2/experiments/r16_p14_stage2a/r16_p14_stage2a/actor_model.py:62: UserWarning: enable_nested_tensor is True, but self.use_nested_tensor is False because encoder_layer.norm_first was True
  self.encoder = nn.TransformerEncoder(
[info] using task orders [0, 1, 2, 3, 4, 5, 6, 7, 8, 9]
QUAL_DONE put_the_bowl_on_the_stove__calibration__seed17__init31__future_09__clearance_p010mm error=0
/mnt/cpfs/zbl-cpfs-new/USERS/leon/code/r16-p14-stage2d-20260818-phase1-recovery-v2/experiments/r16_p14_stage2a/r16_p14_stage2a/actor_model.py:62: UserWarning: enable_nested_tensor is True, but self.use_nested_tensor is False because encoder_layer.norm_first was True
  self.encoder = nn.TransformerEncoder(
[info] using task orders [0, 1, 2, 3, 4, 5, 6, 7, 8, 9]
QUAL_DONE put_the_bowl_on_the_stove__calibration__seed17__init31__future_12__clearance_p000mm error=1
/mnt/cpfs/zbl-cpfs-new/USERS/leon/code/r16-p14-stage2d-20260818-phase1-recovery-v2/experiments/r16_p14_stage2a/r16_p14_stage2a/actor_model.py:62: UserWarning: enable_nested_tensor is True, but self.use_nested_tensor is False because encoder_layer.norm_first was True
  self.encoder = nn.TransformerEncoder(
[info] using task orders [0, 1, 2, 3, 4, 5, 6, 7, 8, 9]
QUAL_DONE put_the_bowl_on_the_stove__calibration__seed17__init31__future_12__clearance_p010mm error=1
/mnt/cpfs/zbl-cpfs-new/USERS/leon/code/r16-p14-stage2d-20260818-phase1-recovery-v2/experiments/r16_p14_stage2a/r16_p14_stage2a/actor_model.py:62: UserWarning: enable_nested_tensor is True, but self.use_nested_tensor is False because encoder_layer.norm_first was True
  self.encoder = nn.TransformerEncoder(
[info] using task orders [0, 1, 2, 3, 4, 5, 6, 7, 8, 9]
QUAL_DONE put_the_bowl_on_the_stove__calibration__seed17__init32__future_06__clearance_m010mm error=0
/mnt/cpfs/zbl-cpfs-new/USERS/leon/code/r16-p14-stage2d-20260818-phase1-recovery-v2/experiments/r16_p14_stage2a/r16_p14_stage2a/actor_model.py:62: UserWarning: enable_nested_tensor is True, but self.use_nested_tensor is False because encoder_layer.norm_first was True
  self.encoder = nn.TransformerEncoder(
[info] using task orders [0, 1, 2, 3, 4, 5, 6, 7, 8, 9]
QUAL_DONE put_the_bowl_on_the_stove__calibration__seed17__init32__future_06__clearance_p000mm error=0
/mnt/cpfs/zbl-cpfs-new/USERS/leon/code/r16-p14-stage2d-20260818-phase1-recovery-v2/experiments/r16_p14_stage2a/r16_p14_stage2a/actor_model.py:62: UserWarning: enable_nested_tensor is True, but self.use_nested_tensor is False because encoder_layer.norm_first was True
  self.encoder = nn.TransformerEncoder(
[info] using task orders [0, 1, 2, 3, 4, 5, 6, 7, 8, 9]
QUAL_DONE put_the_bowl_on_the_stove__calibration__seed17__init32__future_06__clearance_p010mm error=0
/mnt/cpfs/zbl-cpfs-new/USERS/leon/code/r16-p14-stage2d-20260818-phase1-recovery-v2/experiments/r16_p14_stage2a/r16_p14_stage2a/actor_model.py:62: UserWarning: enable_nested_tensor is True, but self.use_nested_tensor is False because encoder_layer.norm_first was True
  self.encoder = nn.TransformerEncoder(
[info] using task orders [0, 1, 2, 3, 4, 5, 6, 7, 8, 9]
QUAL_DONE put_the_bowl_on_the_stove__calibration__seed17__init32__future_09__clearance_m010mm error=0
/mnt/cpfs/zbl-cpfs-new/USERS/leon/code/r16-p14-stage2d-20260818-phase1-recovery-v2/experiments/r16_p14_stage2a/r16_p14_stage2a/actor_model.py:62: UserWarning: enable_nested_tensor is True, but self.use_nested_tensor is False because encoder_layer.norm_first was True
  self.encoder = nn.TransformerEncoder(
[info] using task orders [0, 1, 2, 3, 4, 5, 6, 7, 8, 9]
QUAL_DONE put_the_bowl_on_the_stove__calibration__seed17__init32__future_09__clearance_p000mm error=0
/mnt/cpfs/zbl-cpfs-new/USERS/leon/code/r16-p14-stage2d-20260818-phase1-recovery-v2/experiments/r16_p14_stage2a/r16_p14_stage2a/actor_model.py:62: UserWarning: enable_nested_tensor is True, but self.use_nested_tensor is False because encoder_layer.norm_first was True
  self.encoder = nn.TransformerEncoder(
[info] using task orders [0, 1, 2, 3, 4, 5, 6, 7, 8, 9]
QUAL_DONE put_the_bowl_on_the_stove__calibration__seed17__init32__future_09__clearance_p010mm error=0
/mnt/cpfs/zbl-cpfs-new/USERS/leon/code/r16-p14-stage2d-20260818-phase1-recovery-v2/experiments/r16_p14_stage2a/r16_p14_stage2a/actor_model.py:62: UserWarning: enable_nested_tensor is True, but self.use_nested_tensor is False because encoder_layer.norm_first was True
  self.encoder = nn.TransformerEncoder(
[info] using task orders [0, 1, 2, 3, 4, 5, 6, 7, 8, 9]
QUAL_DONE put_the_bowl_on_the_stove__calibration__seed17__init33__future_06__clearance_m010mm error=0
/mnt/cpfs/zbl-cpfs-new/USERS/leon/code/r16-p14-stage2d-20260818-phase1-recovery-v2/experiments/r16_p14_stage2a/r16_p14_stage2a/actor_model.py:62: UserWarning: enable_nested_tensor is True, but self.use_nested_tensor is False because encoder_layer.norm_first was True
  self.encoder = nn.TransformerEncoder(
[info] using task orders [0, 1, 2, 3, 4, 5, 6, 7, 8, 9]
QUAL_DONE put_the_bowl_on_the_stove__calibration__seed17__init33__future_06__clearance_p000mm error=0
/mnt/cpfs/zbl-cpfs-new/USERS/leon/code/r16-p14-stage2d-20260818-phase1-recovery-v2/experiments/r16_p14_stage2a/r16_p14_stage2a/actor_model.py:62: UserWarning: enable_nested_tensor is True, but self.use_nested_tensor is False because encoder_layer.norm_first was True
  self.encoder = nn.TransformerEncoder(
[info] using task orders [0, 1, 2, 3, 4, 5, 6, 7, 8, 9]
QUAL_DONE put_the_bowl_on_the_stove__calibration__seed17__init33__future_09__clearance_m010mm error=0
/mnt/cpfs/zbl-cpfs-new/USERS/leon/code/r16-p14-stage2d-20260818-phase1-recovery-v2/experiments/r16_p14_stage2a/r16_p14_stage2a/actor_model.py:62: UserWarning: enable_nested_tensor is True, but self.use_nested_tensor is False because encoder_layer.norm_first was True
  self.encoder = nn.TransformerEncoder(
[info] using task orders [0, 1, 2, 3, 4, 5, 6, 7, 8, 9]
QUAL_DONE put_the_bowl_on_the_stove__calibration__seed17__init33__future_09__clearance_p000mm error=0
/mnt/cpfs/zbl-cpfs-new/USERS/leon/code/r16-p14-stage2d-20260818-phase1-recovery-v2/experiments/r16_p14_stage2a/r16_p14_stage2a/actor_model.py:62: UserWarning: enable_nested_tensor is True, but self.use_nested_tensor is False because encoder_layer.norm_first was True
  self.encoder = nn.TransformerEncoder(
[info] using task orders [0, 1, 2, 3, 4, 5, 6, 7, 8, 9]
QUAL_DONE put_the_bowl_on_the_stove__calibration__seed17__init33__future_12__clearance_p000mm error=1
/mnt/cpfs/zbl-cpfs-new/USERS/leon/code/r16-p14-stage2d-20260818-phase1-recovery-v2/experiments/r16_p14_stage2a/r16_p14_stage2a/actor_model.py:62: UserWarning: enable_nested_tensor is True, but self.use_nested_tensor is False because encoder_layer.norm_first was True
  self.encoder = nn.TransformerEncoder(
[info] using task orders [0, 1, 2, 3, 4, 5, 6, 7, 8, 9]
QUAL_DONE put_the_bowl_on_the_stove__calibration__seed17__init34__future_06__clearance_m010mm error=0
/mnt/cpfs/zbl-cpfs-new/USERS/leon/code/r16-p14-stage2d-20260818-phase1-recovery-v2/experiments/r16_p14_stage2a/r16_p14_stage2a/actor_model.py:62: UserWarning: enable_nested_tensor is True, but self.use_nested_tensor is False because encoder_layer.norm_first was True
  self.encoder = nn.TransformerEncoder(
[info] using task orders [0, 1, 2, 3, 4, 5, 6, 7, 8, 9]
QUAL_DONE put_the_bowl_on_the_stove__calibration__seed17__init34__future_09__clearance_m010mm error=0
/mnt/cpfs/zbl-cpfs-new/USERS/leon/code/r16-p14-stage2d-20260818-phase1-recovery-v2/experiments/r16_p14_stage2a/r16_p14_stage2a/actor_model.py:62: UserWarning: enable_nested_tensor is True, but self.use_nested_tensor is False because encoder_layer.norm_first was True
  self.encoder = nn.TransformerEncoder(
[info] using task orders [0, 1, 2, 3, 4, 5, 6, 7, 8, 9]
QUAL_DONE put_the_bowl_on_the_stove__calibration__seed17__init34__future_09__clearance_p000mm error=0
/mnt/cpfs/zbl-cpfs-new/USERS/leon/code/r16-p14-stage2d-20260818-phase1-recovery-v2/experiments/r16_p14_stage2a/r16_p14_stage2a/actor_model.py:62: UserWarning: enable_nested_tensor is True, but self.use_nested_tensor is False because encoder_layer.norm_first was True
  self.encoder = nn.TransformerEncoder(
[info] using task orders [0, 1, 2, 3, 4, 5, 6, 7, 8, 9]
QUAL_DONE put_the_bowl_on_the_stove__calibration__seed17__init34__future_12__clearance_p010mm error=1
/mnt/cpfs/zbl-cpfs-new/USERS/leon/code/r16-p14-stage2d-20260818-phase1-recovery-v2/experiments/r16_p14_stage2a/r16_p14_stage2a/actor_model.py:62: UserWarning: enable_nested_tensor is True, but self.use_nested_tensor is False because encoder_layer.norm_first was True
  self.encoder = nn.TransformerEncoder(
[info] using task orders [0, 1, 2, 3, 4, 5, 6, 7, 8, 9]
QUAL_DONE put_the_bowl_on_the_stove__calibration__seed17__init35__future_06__clearance_m010mm error=0
/mnt/cpfs/zbl-cpfs-new/USERS/leon/code/r16-p14-stage2d-20260818-phase1-recovery-v2/experiments/r16_p14_stage2a/r16_p14_stage2a/actor_model.py:62: UserWarning: enable_nested_tensor is True, but self.use_nested_tensor is False because encoder_layer.norm_first was True
  self.encoder = nn.TransformerEncoder(
[info] using task orders [0, 1, 2, 3, 4, 5, 6, 7, 8, 9]
QUAL_DONE put_the_bowl_on_the_stove__calibration__seed17__init35__future_06__clearance_p010mm error=0
/mnt/cpfs/zbl-cpfs-new/USERS/leon/code/r16-p14-stage2d-20260818-phase1-recovery-v2/experiments/r16_p14_stage2a/r16_p14_stage2a/actor_model.py:62: UserWarning: enable_nested_tensor is True, but self.use_nested_tensor is False because encoder_layer.norm_first was True
  self.encoder = nn.TransformerEncoder(
[info] using task orders [0, 1, 2, 3, 4, 5, 6, 7, 8, 9]
QUAL_DONE put_the_bowl_on_the_stove__calibration__seed17__init35__future_09__clearance_m010mm error=0
/mnt/cpfs/zbl-cpfs-new/USERS/leon/code/r16-p14-stage2d-20260818-phase1-recovery-v2/experiments/r16_p14_stage2a/r16_p14_stage2a/actor_model.py:62: UserWarning: enable_nested_tensor is True, but self.use_nested_tensor is False because encoder_layer.norm_first was True
  self.encoder = nn.TransformerEncoder(
[info] using task orders [0, 1, 2, 3, 4, 5, 6, 7, 8, 9]
QUAL_DONE put_the_bowl_on_the_stove__calibration__seed17__init35__future_09__clearance_p010mm error=0
/mnt/cpfs/zbl-cpfs-new/USERS/leon/code/r16-p14-stage2d-20260818-phase1-recovery-v2/experiments/r16_p14_stage2a/r16_p14_stage2a/actor_model.py:62: UserWarning: enable_nested_tensor is True, but self.use_nested_tensor is False because encoder_layer.norm_first was True
  self.encoder = nn.TransformerEncoder(
[info] using task orders [0, 1, 2, 3, 4, 5, 6, 7, 8, 9]
QUAL_DONE put_the_bowl_on_the_stove__calibration__seed17__init35__future_12__clearance_m010mm error=1
/mnt/cpfs/zbl-cpfs-new/USERS/leon/code/r16-p14-stage2d-20260818-phase1-recovery-v2/experiments/r16_p14_stage2a/r16_p14_stage2a/actor_model.py:62: UserWarning: enable_nested_tensor is True, but self.use_nested_tensor is False because encoder_layer.norm_first was True
  self.encoder = nn.TransformerEncoder(
[info] using task orders [0, 1, 2, 3, 4, 5, 6, 7, 8, 9]
QUAL_DONE put_the_bowl_on_the_stove__calibration__seed17__init37__future_06__clearance_m010mm error=0
/mnt/cpfs/zbl-cpfs-new/USERS/leon/code/r16-p14-stage2d-20260818-phase1-recovery-v2/experiments/r16_p14_stage2a/r16_p14_stage2a/actor_model.py:62: UserWarning: enable_nested_tensor is True, but self.use_nested_tensor is False because encoder_layer.norm_first was True
  self.encoder = nn.TransformerEncoder(
[info] using task orders [0, 1, 2, 3, 4, 5, 6, 7, 8, 9]
QUAL_DONE put_the_bowl_on_the_stove__calibration__seed17__init37__future_06__clearance_p000mm error=0
/mnt/cpfs/zbl-cpfs-new/USERS/leon/code/r16-p14-stage2d-20260818-phase1-recovery-v2/experiments/r16_p14_stage2a/r16_p14_stage2a/actor_model.py:62: UserWarning: enable_nested_tensor is True, but self.use_nested_tensor is False because encoder_layer.norm_first was True
  self.encoder = nn.TransformerEncoder(
[info] using task orders [0, 1, 2, 3, 4, 5, 6, 7, 8, 9]
QUAL_DONE put_the_bowl_on_the_stove__calibration__seed17__init37__future_09__clearance_m010mm error=0
/mnt/cpfs/zbl-cpfs-new/USERS/leon/code/r16-p14-stage2d-20260818-phase1-recovery-v2/experiments/r16_p14_stage2a/r16_p14_stage2a/actor_model.py:62: UserWarning: enable_nested_tensor is True, but self.use_nested_tensor is False because encoder_layer.norm_first was True
  self.encoder = nn.TransformerEncoder(
[info] using task orders [0, 1, 2, 3, 4, 5, 6, 7, 8, 9]
QUAL_DONE put_the_bowl_on_the_stove__calibration__seed17__init37__future_09__clearance_p000mm error=0
/mnt/cpfs/zbl-cpfs-new/USERS/leon/code/r16-p14-stage2d-20260818-phase1-recovery-v2/experiments/r16_p14_stage2a/r16_p14_stage2a/actor_model.py:62: UserWarning: enable_nested_tensor is True, but self.use_nested_tensor is False because encoder_layer.norm_first was True
  self.encoder = nn.TransformerEncoder(
[info] using task orders [0, 1, 2, 3, 4, 5, 6, 7, 8, 9]
QUAL_DONE put_the_bowl_on_the_stove__calibration__seed17__init37__future_12__clearance_p000mm error=1
/mnt/cpfs/zbl-cpfs-new/USERS/leon/code/r16-p14-stage2d-20260818-phase1-recovery-v2/experiments/r16_p14_stage2a/r16_p14_stage2a/actor_model.py:62: UserWarning: enable_nested_tensor is True, but self.use_nested_tensor is False because encoder_layer.norm_first was True
  self.encoder = nn.TransformerEncoder(
[info] using task orders [0, 1, 2, 3, 4, 5, 6, 7, 8, 9]
QUAL_DONE put_the_bowl_on_the_stove__calibration__seed17__init37__future_12__clearance_p010mm error=1
/mnt/cpfs/zbl-cpfs-new/USERS/leon/code/r16-p14-stage2d-20260818-phase1-recovery-v2/experiments/r16_p14_stage2a/r16_p14_stage2a/actor_model.py:62: UserWarning: enable_nested_tensor is True, but self.use_nested_tensor is False because encoder_layer.norm_first was True
  self.encoder = nn.TransformerEncoder(
[info] using task orders [0, 1, 2, 3, 4, 5, 6, 7, 8, 9]
QUAL_DONE put_the_bowl_on_the_stove__calibration__seed17__init38__future_06__clearance_p010mm error=0
/mnt/cpfs/zbl-cpfs-new/USERS/leon/code/r16-p14-stage2d-20260818-phase1-recovery-v2/experiments/r16_p14_stage2a/r16_p14_stage2a/actor_model.py:62: UserWarning: enable_nested_tensor is True, but self.use_nested_tensor is False because encoder_layer.norm_first was True
  self.encoder = nn.TransformerEncoder(
[info] using task orders [0, 1, 2, 3, 4, 5, 6, 7, 8, 9]
QUAL_DONE put_the_bowl_on_the_stove__calibration__seed17__init38__future_12__clearance_p010mm error=1
/mnt/cpfs/zbl-cpfs-new/USERS/leon/code/r16-p14-stage2d-20260818-phase1-recovery-v2/experiments/r16_p14_stage2a/r16_p14_stage2a/actor_model.py:62: UserWarning: enable_nested_tensor is True, but self.use_nested_tensor is False because encoder_layer.norm_first was True
  self.encoder = nn.TransformerEncoder(
[info] using task orders [0, 1, 2, 3, 4, 5, 6, 7, 8, 9]
QUAL_DONE put_the_bowl_on_the_stove__calibration__seed17__init39__future_06__clearance_m010mm error=0
/mnt/cpfs/zbl-cpfs-new/USERS/leon/code/r16-p14-stage2d-20260818-phase1-recovery-v2/experiments/r16_p14_stage2a/r16_p14_stage2a/actor_model.py:62: UserWarning: enable_nested_tensor is True, but self.use_nested_tensor is False because encoder_layer.norm_first was True
  self.encoder = nn.TransformerEncoder(
[info] using task orders [0, 1, 2, 3, 4, 5, 6, 7, 8, 9]
QUAL_DONE put_the_bowl_on_the_stove__calibration__seed17__init39__future_06__clearance_p010mm error=0
/mnt/cpfs/zbl-cpfs-new/USERS/leon/code/r16-p14-stage2d-20260818-phase1-recovery-v2/experiments/r16_p14_stage2a/r16_p14_stage2a/actor_model.py:62: UserWarning: enable_nested_tensor is True, but self.use_nested_tensor is False because encoder_layer.norm_first was True
  self.encoder = nn.TransformerEncoder(
[info] using task orders [0, 1, 2, 3, 4, 5, 6, 7, 8, 9]
QUAL_DONE put_the_bowl_on_the_stove__calibration__seed17__init39__future_09__clearance_p000mm error=0
/mnt/cpfs/zbl-cpfs-new/USERS/leon/code/r16-p14-stage2d-20260818-phase1-recovery-v2/experiments/r16_p14_stage2a/r16_p14_stage2a/actor_model.py:62: UserWarning: enable_nested_tensor is True, but self.use_nested_tensor is False because encoder_layer.norm_first was True
  self.encoder = nn.TransformerEncoder(
[info] using task orders [0, 1, 2, 3, 4, 5, 6, 7, 8, 9]
QUAL_DONE put_the_bowl_on_the_stove__calibration__seed17__init39__future_09__clearance_p010mm error=0
/mnt/cpfs/zbl-cpfs-new/USERS/leon/code/r16-p14-stage2d-20260818-phase1-recovery-v2/experiments/r16_p14_stage2a/r16_p14_stage2a/actor_model.py:62: UserWarning: enable_nested_tensor is True, but self.use_nested_tensor is False because encoder_layer.norm_first was True
  self.encoder = nn.TransformerEncoder(
[info] using task orders [0, 1, 2, 3, 4, 5, 6, 7, 8, 9]
QUAL_DONE put_the_bowl_on_the_stove__calibration__seed29__init15__future_06__clearance_m010mm error=0
/mnt/cpfs/zbl-cpfs-new/USERS/leon/code/r16-p14-stage2d-20260818-phase1-recovery-v2/experiments/r16_p14_stage2a/r16_p14_stage2a/actor_model.py:62: UserWarning: enable_nested_tensor is True, but self.use_nested_tensor is False because encoder_layer.norm_first was True
  self.encoder = nn.TransformerEncoder(
[info] using task orders [0, 1, 2, 3, 4, 5, 6, 7, 8, 9]
QUAL_DONE put_the_bowl_on_the_stove__calibration__seed29__init15__future_09__clearance_p000mm error=0
/mnt/cpfs/zbl-cpfs-new/USERS/leon/code/r16-p14-stage2d-20260818-phase1-recovery-v2/experiments/r16_p14_stage2a/r16_p14_stage2a/actor_model.py:62: UserWarning: enable_nested_tensor is True, but self.use_nested_tensor is False because encoder_layer.norm_first was True
  self.encoder = nn.TransformerEncoder(
[info] using task orders [0, 1, 2, 3, 4, 5, 6, 7, 8, 9]
QUAL_DONE put_the_bowl_on_the_stove__calibration__seed29__init15__future_09__clearance_p010mm error=0
/mnt/cpfs/zbl-cpfs-new/USERS/leon/code/r16-p14-stage2d-20260818-phase1-recovery-v2/experiments/r16_p14_stage2a/r16_p14_stage2a/actor_model.py:62: UserWarning: enable_nested_tensor is True, but self.use_nested_tensor is False because encoder_layer.norm_first was True
  self.encoder = nn.TransformerEncoder(
[info] using task orders [0, 1, 2, 3, 4, 5, 6, 7, 8, 9]
QUAL_DONE put_the_bowl_on_the_stove__calibration__seed29__init15__future_12__clearance_m010mm error=0
/mnt/cpfs/zbl-cpfs-new/USERS/leon/code/r16-p14-stage2d-20260818-phase1-recovery-v2/experiments/r16_p14_stage2a/r16_p14_stage2a/actor_model.py:62: UserWarning: enable_nested_tensor is True, but self.use_nested_tensor is False because encoder_layer.norm_first was True
  self.encoder = nn.TransformerEncoder(
[info] using task orders [0, 1, 2, 3, 4, 5, 6, 7, 8, 9]
QUAL_DONE put_the_bowl_on_the_stove__calibration__seed29__init15__future_12__clearance_p010mm error=0
/mnt/cpfs/zbl-cpfs-new/USERS/leon/code/r16-p14-stage2d-20260818-phase1-recovery-v2/experiments/r16_p14_stage2a/r16_p14_stage2a/actor_model.py:62: UserWarning: enable_nested_tensor is True, but self.use_nested_tensor is False because encoder_layer.norm_first was True
  self.encoder = nn.TransformerEncoder(
[info] using task orders [0, 1, 2, 3, 4, 5, 6, 7, 8, 9]
QUAL_DONE put_the_bowl_on_the_stove__calibration__seed29__init21__future_06__clearance_p000mm error=0
/mnt/cpfs/zbl-cpfs-new/USERS/leon/code/r16-p14-stage2d-20260818-phase1-recovery-v2/experiments/r16_p14_stage2a/r16_p14_stage2a/actor_model.py:62: UserWarning: enable_nested_tensor is True, but self.use_nested_tensor is False because encoder_layer.norm_first was True
  self.encoder = nn.TransformerEncoder(
[info] using task orders [0, 1, 2, 3, 4, 5, 6, 7, 8, 9]
QUAL_DONE put_the_bowl_on_the_stove__calibration__seed29__init21__future_09__clearance_m010mm error=0
/mnt/cpfs/zbl-cpfs-new/USERS/leon/code/r16-p14-stage2d-20260818-phase1-recovery-v2/experiments/r16_p14_stage2a/r16_p14_stage2a/actor_model.py:62: UserWarning: enable_nested_tensor is True, but self.use_nested_tensor is False because encoder_layer.norm_first was True
  self.encoder = nn.TransformerEncoder(
[info] using task orders [0, 1, 2, 3, 4, 5, 6, 7, 8, 9]
QUAL_DONE put_the_bowl_on_the_stove__calibration__seed29__init21__future_09__clearance_p010mm error=0
/mnt/cpfs/zbl-cpfs-new/USERS/leon/code/r16-p14-stage2d-20260818-phase1-recovery-v2/experiments/r16_p14_stage2a/r16_p14_stage2a/actor_model.py:62: UserWarning: enable_nested_tensor is True, but self.use_nested_tensor is False because encoder_layer.norm_first was True
  self.encoder = nn.TransformerEncoder(
[info] using task orders [0, 1, 2, 3, 4, 5, 6, 7, 8, 9]
QUAL_DONE put_the_bowl_on_the_stove__calibration__seed29__init21__future_12__clearance_m010mm error=0
/mnt/cpfs/zbl-cpfs-new/USERS/leon/code/r16-p14-stage2d-20260818-phase1-recovery-v2/experiments/r16_p14_stage2a/r16_p14_stage2a/actor_model.py:62: UserWarning: enable_nested_tensor is True, but self.use_nested_tensor is False because encoder_layer.norm_first was True
  self.encoder = nn.TransformerEncoder(
[info] using task orders [0, 1, 2, 3, 4, 5, 6, 7, 8, 9]
QUAL_DONE put_the_bowl_on_the_stove__calibration__seed29__init21__future_12__clearance_p000mm error=0
/mnt/cpfs/zbl-cpfs-new/USERS/leon/code/r16-p14-stage2d-20260818-phase1-recovery-v2/experiments/r16_p14_stage2a/r16_p14_stage2a/actor_model.py:62: UserWarning: enable_nested_tensor is True, but self.use_nested_tensor is False because encoder_layer.norm_first was True
  self.encoder = nn.TransformerEncoder(
[info] using task orders [0, 1, 2, 3, 4, 5, 6, 7, 8, 9]
QUAL_DONE put_the_bowl_on_the_stove__calibration__seed29__init21__future_12__clearance_p010mm error=0
/mnt/cpfs/zbl-cpfs-new/USERS/leon/code/r16-p14-stage2d-20260818-phase1-recovery-v2/experiments/r16_p14_stage2a/r16_p14_stage2a/actor_model.py:62: UserWarning: enable_nested_tensor is True, but self.use_nested_tensor is False because encoder_layer.norm_first was True
  self.encoder = nn.TransformerEncoder(
[info] using task orders [0, 1, 2, 3, 4, 5, 6, 7, 8, 9]
QUAL_DONE put_the_bowl_on_the_stove__calibration__seed29__init22__future_06__clearance_p000mm error=0
/mnt/cpfs/zbl-cpfs-new/USERS/leon/code/r16-p14-stage2d-20260818-phase1-recovery-v2/experiments/r16_p14_stage2a/r16_p14_stage2a/actor_model.py:62: UserWarning: enable_nested_tensor is True, but self.use_nested_tensor is False because encoder_layer.norm_first was True
  self.encoder = nn.TransformerEncoder(
[info] using task orders [0, 1, 2, 3, 4, 5, 6, 7, 8, 9]
QUAL_DONE put_the_bowl_on_the_stove__calibration__seed29__init22__future_06__clearance_p010mm error=0
/mnt/cpfs/zbl-cpfs-new/USERS/leon/code/r16-p14-stage2d-20260818-phase1-recovery-v2/experiments/r16_p14_stage2a/r16_p14_stage2a/actor_model.py:62: UserWarning: enable_nested_tensor is True, but self.use_nested_tensor is False because encoder_layer.norm_first was True
  self.encoder = nn.TransformerEncoder(
[info] using task orders [0, 1, 2, 3, 4, 5, 6, 7, 8, 9]
QUAL_DONE put_the_bowl_on_the_stove__calibration__seed29__init22__future_09__clearance_m010mm error=0
/mnt/cpfs/zbl-cpfs-new/USERS/leon/code/r16-p14-stage2d-20260818-phase1-recovery-v2/experiments/r16_p14_stage2a/r16_p14_stage2a/actor_model.py:62: UserWarning: enable_nested_tensor is True, but self.use_nested_tensor is False because encoder_layer.norm_first was True
  self.encoder = nn.TransformerEncoder(
[info] using task orders [0, 1, 2, 3, 4, 5, 6, 7, 8, 9]
QUAL_DONE put_the_bowl_on_the_stove__calibration__seed29__init22__future_09__clearance_p010mm error=0
/mnt/cpfs/zbl-cpfs-new/USERS/leon/code/r16-p14-stage2d-20260818-phase1-recovery-v2/experiments/r16_p14_stage2a/r16_p14_stage2a/actor_model.py:62: UserWarning: enable_nested_tensor is True, but self.use_nested_tensor is False because encoder_layer.norm_first was True
  self.encoder = nn.TransformerEncoder(
[info] using task orders [0, 1, 2, 3, 4, 5, 6, 7, 8, 9]
QUAL_DONE put_the_bowl_on_the_stove__calibration__seed29__init22__future_12__clearance_p000mm error=1
/mnt/cpfs/zbl-cpfs-new/USERS/leon/code/r16-p14-stage2d-20260818-phase1-recovery-v2/experiments/r16_p14_stage2a/r16_p14_stage2a/actor_model.py:62: UserWarning: enable_nested_tensor is True, but self.use_nested_tensor is False because encoder_layer.norm_first was True
  self.encoder = nn.TransformerEncoder(
[info] using task orders [0, 1, 2, 3, 4, 5, 6, 7, 8, 9]
QUAL_DONE put_the_bowl_on_the_stove__calibration__seed29__init24__future_06__clearance_p000mm error=0
/mnt/cpfs/zbl-cpfs-new/USERS/leon/code/r16-p14-stage2d-20260818-phase1-recovery-v2/experiments/r16_p14_stage2a/r16_p14_stage2a/actor_model.py:62: UserWarning: enable_nested_tensor is True, but self.use_nested_tensor is False because encoder_layer.norm_first was True
  self.encoder = nn.TransformerEncoder(
[info] using task orders [0, 1, 2, 3, 4, 5, 6, 7, 8, 9]
QUAL_DONE put_the_bowl_on_the_stove__calibration__seed29__init24__future_06__clearance_p010mm error=0
/mnt/cpfs/zbl-cpfs-new/USERS/leon/code/r16-p14-stage2d-20260818-phase1-recovery-v2/experiments/r16_p14_stage2a/r16_p14_stage2a/actor_model.py:62: UserWarning: enable_nested_tensor is True, but self.use_nested_tensor is False because encoder_layer.norm_first was True
  self.encoder = nn.TransformerEncoder(
[info] using task orders [0, 1, 2, 3, 4, 5, 6, 7, 8, 9]
QUAL_DONE put_the_bowl_on_the_stove__calibration__seed29__init24__future_12__clearance_m010mm error=1
/mnt/cpfs/zbl-cpfs-new/USERS/leon/code/r16-p14-stage2d-20260818-phase1-recovery-v2/experiments/r16_p14_stage2a/r16_p14_stage2a/actor_model.py:62: UserWarning: enable_nested_tensor is True, but self.use_nested_tensor is False because encoder_layer.norm_first was True
  self.encoder = nn.TransformerEncoder(
[info] using task orders [0, 1, 2, 3, 4, 5, 6, 7, 8, 9]
QUAL_DONE put_the_bowl_on_the_stove__calibration__seed29__init24__future_12__clearance_p000mm error=1
/mnt/cpfs/zbl-cpfs-new/USERS/leon/code/r16-p14-stage2d-20260818-phase1-recovery-v2/experiments/r16_p14_stage2a/r16_p14_stage2a/actor_model.py:62: UserWarning: enable_nested_tensor is True, but self.use_nested_tensor is False because encoder_layer.norm_first was True
  self.encoder = nn.TransformerEncoder(
[info] using task orders [0, 1, 2, 3, 4, 5, 6, 7, 8, 9]
QUAL_DONE put_the_bowl_on_the_stove__calibration__seed29__init24__future_12__clearance_p010mm error=1
/mnt/cpfs/zbl-cpfs-new/USERS/leon/code/r16-p14-stage2d-20260818-phase1-recovery-v2/experiments/r16_p14_stage2a/r16_p14_stage2a/actor_model.py:62: UserWarning: enable_nested_tensor is True, but self.use_nested_tensor is False because encoder_layer.norm_first was True
  self.encoder = nn.TransformerEncoder(
[info] using task orders [0, 1, 2, 3, 4, 5, 6, 7, 8, 9]
QUAL_DONE put_the_bowl_on_the_stove__calibration__seed29__init25__future_06__clearance_m010mm error=0
/mnt/cpfs/zbl-cpfs-new/USERS/leon/code/r16-p14-stage2d-20260818-phase1-recovery-v2/experiments/r16_p14_stage2a/r16_p14_stage2a/actor_model.py:62: UserWarning: enable_nested_tensor is True, but self.use_nested_tensor is False because encoder_layer.norm_first was True
  self.encoder = nn.TransformerEncoder(
[info] using task orders [0, 1, 2, 3, 4, 5, 6, 7, 8, 9]
QUAL_DONE put_the_bowl_on_the_stove__calibration__seed29__init25__future_09__clearance_m010mm error=0
/mnt/cpfs/zbl-cpfs-new/USERS/leon/code/r16-p14-stage2d-20260818-phase1-recovery-v2/experiments/r16_p14_stage2a/r16_p14_stage2a/actor_model.py:62: UserWarning: enable_nested_tensor is True, but self.use_nested_tensor is False because encoder_layer.norm_first was True
  self.encoder = nn.TransformerEncoder(
[info] using task orders [0, 1, 2, 3, 4, 5, 6, 7, 8, 9]
QUAL_DONE put_the_bowl_on_the_stove__calibration__seed29__init25__future_12__clearance_m010mm error=1
/mnt/cpfs/zbl-cpfs-new/USERS/leon/code/r16-p14-stage2d-20260818-phase1-recovery-v2/experiments/r16_p14_stage2a/r16_p14_stage2a/actor_model.py:62: UserWarning: enable_nested_tensor is True, but self.use_nested_tensor is False because encoder_layer.norm_first was True
  self.encoder = nn.TransformerEncoder(
[info] using task orders [0, 1, 2, 3, 4, 5, 6, 7, 8, 9]
QUAL_DONE put_the_bowl_on_the_stove__calibration__seed29__init25__future_12__clearance_p000mm error=1
/mnt/cpfs/zbl-cpfs-new/USERS/leon/code/r16-p14-stage2d-20260818-phase1-recovery-v2/experiments/r16_p14_stage2a/r16_p14_stage2a/actor_model.py:62: UserWarning: enable_nested_tensor is True, but self.use_nested_tensor is False because encoder_layer.norm_first was True
  self.encoder = nn.TransformerEncoder(
[info] using task orders [0, 1, 2, 3, 4, 5, 6, 7, 8, 9]
QUAL_DONE put_the_bowl_on_the_stove__calibration__seed29__init25__future_12__clearance_p010mm error=1
/mnt/cpfs/zbl-cpfs-new/USERS/leon/code/r16-p14-stage2d-20260818-phase1-recovery-v2/experiments/r16_p14_stage2a/r16_p14_stage2a/actor_model.py:62: UserWarning: enable_nested_tensor is True, but self.use_nested_tensor is False because encoder_layer.norm_first was True
  self.encoder = nn.TransformerEncoder(
[info] using task orders [0, 1, 2, 3, 4, 5, 6, 7, 8, 9]
QUAL_DONE put_the_bowl_on_the_stove__calibration__seed29__init26__future_06__clearance_p000mm error=0
/mnt/cpfs/zbl-cpfs-new/USERS/leon/code/r16-p14-stage2d-20260818-phase1-recovery-v2/experiments/r16_p14_stage2a/r16_p14_stage2a/actor_model.py:62: UserWarning: enable_nested_tensor is True, but self.use_nested_tensor is False because encoder_layer.norm_first was True
  self.encoder = nn.TransformerEncoder(
[info] using task orders [0, 1, 2, 3, 4, 5, 6, 7, 8, 9]
QUAL_DONE put_the_bowl_on_the_stove__calibration__seed29__init26__future_09__clearance_m010mm error=0
/mnt/cpfs/zbl-cpfs-new/USERS/leon/code/r16-p14-stage2d-20260818-phase1-recovery-v2/experiments/r16_p14_stage2a/r16_p14_stage2a/actor_model.py:62: UserWarning: enable_nested_tensor is True, but self.use_nested_tensor is False because encoder_layer.norm_first was True
  self.encoder = nn.TransformerEncoder(
[info] using task orders [0, 1, 2, 3, 4, 5, 6, 7, 8, 9]
QUAL_DONE put_the_bowl_on_the_stove__calibration__seed29__init26__future_12__clearance_m010mm error=1
/mnt/cpfs/zbl-cpfs-new/USERS/leon/code/r16-p14-stage2d-20260818-phase1-recovery-v2/experiments/r16_p14_stage2a/r16_p14_stage2a/actor_model.py:62: UserWarning: enable_nested_tensor is True, but self.use_nested_tensor is False because encoder_layer.norm_first was True
  self.encoder = nn.TransformerEncoder(
[info] using task orders [0, 1, 2, 3, 4, 5, 6, 7, 8, 9]
QUAL_DONE put_the_bowl_on_the_stove__calibration__seed29__init27__future_06__clearance_m010mm error=0
/mnt/cpfs/zbl-cpfs-new/USERS/leon/code/r16-p14-stage2d-20260818-phase1-recovery-v2/experiments/r16_p14_stage2a/r16_p14_stage2a/actor_model.py:62: UserWarning: enable_nested_tensor is True, but self.use_nested_tensor is False because encoder_layer.norm_first was True
  self.encoder = nn.TransformerEncoder(
[info] using task orders [0, 1, 2, 3, 4, 5, 6, 7, 8, 9]
QUAL_DONE put_the_bowl_on_the_stove__calibration__seed29__init27__future_06__clearance_p010mm error=0
/mnt/cpfs/zbl-cpfs-new/USERS/leon/code/r16-p14-stage2d-20260818-phase1-recovery-v2/experiments/r16_p14_stage2a/r16_p14_stage2a/actor_model.py:62: UserWarning: enable_nested_tensor is True, but self.use_nested_tensor is False because encoder_layer.norm_first was True
  self.encoder = nn.TransformerEncoder(
[info] using task orders [0, 1, 2, 3, 4, 5, 6, 7, 8, 9]
QUAL_DONE put_the_bowl_on_the_stove__calibration__seed29__init27__future_09__clearance_p000mm error=0
/mnt/cpfs/zbl-cpfs-new/USERS/leon/code/r16-p14-stage2d-20260818-phase1-recovery-v2/experiments/r16_p14_stage2a/r16_p14_stage2a/actor_model.py:62: UserWarning: enable_nested_tensor is True, but self.use_nested_tensor is False because encoder_layer.norm_first was True
  self.encoder = nn.TransformerEncoder(
[info] using task orders [0, 1, 2, 3, 4, 5, 6, 7, 8, 9]
QUAL_DONE put_the_bowl_on_the_stove__calibration__seed29__init27__future_09__clearance_p010mm error=0
/mnt/cpfs/zbl-cpfs-new/USERS/leon/code/r16-p14-stage2d-20260818-phase1-recovery-v2/experiments/r16_p14_stage2a/r16_p14_stage2a/actor_model.py:62: UserWarning: enable_nested_tensor is True, but self.use_nested_tensor is False because encoder_layer.norm_first was True
  self.encoder = nn.TransformerEncoder(
[info] using task orders [0, 1, 2, 3, 4, 5, 6, 7, 8, 9]
QUAL_DONE put_the_bowl_on_the_stove__calibration__seed29__init27__future_12__clearance_m010mm error=1
/mnt/cpfs/zbl-cpfs-new/USERS/leon/code/r16-p14-stage2d-20260818-phase1-recovery-v2/experiments/r16_p14_stage2a/r16_p14_stage2a/actor_model.py:62: UserWarning: enable_nested_tensor is True, but self.use_nested_tensor is False because encoder_layer.norm_first was True
  self.encoder = nn.TransformerEncoder(
[info] using task orders [0, 1, 2, 3, 4, 5, 6, 7, 8, 9]
QUAL_DONE put_the_bowl_on_the_stove__calibration__seed29__init27__future_12__clearance_p010mm error=1
/mnt/cpfs/zbl-cpfs-new/USERS/leon/code/r16-p14-stage2d-20260818-phase1-recovery-v2/experiments/r16_p14_stage2a/r16_p14_stage2a/actor_model.py:62: UserWarning: enable_nested_tensor is True, but self.use_nested_tensor is False because encoder_layer.norm_first was True
  self.encoder = nn.TransformerEncoder(
[info] using task orders [0, 1, 2, 3, 4, 5, 6, 7, 8, 9]
QUAL_DONE put_the_bowl_on_the_stove__calibration__seed29__init28__future_06__clearance_m010mm error=0
/mnt/cpfs/zbl-cpfs-new/USERS/leon/code/r16-p14-stage2d-20260818-phase1-recovery-v2/experiments/r16_p14_stage2a/r16_p14_stage2a/actor_model.py:62: UserWarning: enable_nested_tensor is True, but self.use_nested_tensor is False because encoder_layer.norm_first was True
  self.encoder = nn.TransformerEncoder(
[info] using task orders [0, 1, 2, 3, 4, 5, 6, 7, 8, 9]
QUAL_DONE put_the_bowl_on_the_stove__calibration__seed29__init28__future_06__clearance_p000mm error=0
/mnt/cpfs/zbl-cpfs-new/USERS/leon/code/r16-p14-stage2d-20260818-phase1-recovery-v2/experiments/r16_p14_stage2a/r16_p14_stage2a/actor_model.py:62: UserWarning: enable_nested_tensor is True, but self.use_nested_tensor is False because encoder_layer.norm_first was True
  self.encoder = nn.TransformerEncoder(
[info] using task orders [0, 1, 2, 3, 4, 5, 6, 7, 8, 9]
QUAL_DONE put_the_bowl_on_the_stove__calibration__seed29__init28__future_06__clearance_p010mm error=0
/mnt/cpfs/zbl-cpfs-new/USERS/leon/code/r16-p14-stage2d-20260818-phase1-recovery-v2/experiments/r16_p14_stage2a/r16_p14_stage2a/actor_model.py:62: UserWarning: enable_nested_tensor is True, but self.use_nested_tensor is False because encoder_layer.norm_first was True
  self.encoder = nn.TransformerEncoder(
[info] using task orders [0, 1, 2, 3, 4, 5, 6, 7, 8, 9]
QUAL_DONE put_the_bowl_on_the_stove__calibration__seed29__init28__future_09__clearance_p000mm error=0
/mnt/cpfs/zbl-cpfs-new/USERS/leon/code/r16-p14-stage2d-20260818-phase1-recovery-v2/experiments/r16_p14_stage2a/r16_p14_stage2a/actor_model.py:62: UserWarning: enable_nested_tensor is True, but self.use_nested_tensor is False because encoder_layer.norm_first was True
  self.encoder = nn.TransformerEncoder(
[info] using task orders [0, 1, 2, 3, 4, 5, 6, 7, 8, 9]
QUAL_DONE put_the_bowl_on_the_stove__calibration__seed29__init28__future_12__clearance_p000mm error=0
/mnt/cpfs/zbl-cpfs-new/USERS/leon/code/r16-p14-stage2d-20260818-phase1-recovery-v2/experiments/r16_p14_stage2a/r16_p14_stage2a/actor_model.py:62: UserWarning: enable_nested_tensor is True, but self.use_nested_tensor is False because encoder_layer.norm_first was True
  self.encoder = nn.TransformerEncoder(
[info] using task orders [0, 1, 2, 3, 4, 5, 6, 7, 8, 9]
QUAL_DONE put_the_bowl_on_the_stove__calibration__seed29__init28__future_12__clearance_p010mm error=0
/mnt/cpfs/zbl-cpfs-new/USERS/leon/code/r16-p14-stage2d-20260818-phase1-recovery-v2/experiments/r16_p14_stage2a/r16_p14_stage2a/actor_model.py:62: UserWarning: enable_nested_tensor is True, but self.use_nested_tensor is False because encoder_layer.norm_first was True
  self.encoder = nn.TransformerEncoder(
[info] using task orders [0, 1, 2, 3, 4, 5, 6, 7, 8, 9]
QUAL_DONE put_the_bowl_on_the_stove__calibration__seed29__init30__future_06__clearance_m010mm error=0
/mnt/cpfs/zbl-cpfs-new/USERS/leon/code/r16-p14-stage2d-20260818-phase1-recovery-v2/experiments/r16_p14_stage2a/r16_p14_stage2a/actor_model.py:62: UserWarning: enable_nested_tensor is True, but self.use_nested_tensor is False because encoder_layer.norm_first was True
  self.encoder = nn.TransformerEncoder(
[info] using task orders [0, 1, 2, 3, 4, 5, 6, 7, 8, 9]
QUAL_DONE put_the_bowl_on_the_stove__calibration__seed29__init30__future_09__clearance_m010mm error=0
/mnt/cpfs/zbl-cpfs-new/USERS/leon/code/r16-p14-stage2d-20260818-phase1-recovery-v2/experiments/r16_p14_stage2a/r16_p14_stage2a/actor_model.py:62: UserWarning: enable_nested_tensor is True, but self.use_nested_tensor is False because encoder_layer.norm_first was True
  self.encoder = nn.TransformerEncoder(
[info] using task orders [0, 1, 2, 3, 4, 5, 6, 7, 8, 9]
QUAL_DONE put_the_bowl_on_the_stove__calibration__seed29__init30__future_09__clearance_p010mm error=0
/mnt/cpfs/zbl-cpfs-new/USERS/leon/code/r16-p14-stage2d-20260818-phase1-recovery-v2/experiments/r16_p14_stage2a/r16_p14_stage2a/actor_model.py:62: UserWarning: enable_nested_tensor is True, but self.use_nested_tensor is False because encoder_layer.norm_first was True
  self.encoder = nn.TransformerEncoder(
[info] using task orders [0, 1, 2, 3, 4, 5, 6, 7, 8, 9]
QUAL_DONE put_the_bowl_on_the_stove__calibration__seed29__init30__future_12__clearance_m010mm error=0
/mnt/cpfs/zbl-cpfs-new/USERS/leon/code/r16-p14-stage2d-20260818-phase1-recovery-v2/experiments/r16_p14_stage2a/r16_p14_stage2a/actor_model.py:62: UserWarning: enable_nested_tensor is True, but self.use_nested_tensor is False because encoder_layer.norm_first was True
  self.encoder = nn.TransformerEncoder(
[info] using task orders [0, 1, 2, 3, 4, 5, 6, 7, 8, 9]
QUAL_DONE put_the_bowl_on_the_stove__calibration__seed29__init32__future_06__clearance_m010mm error=0
/mnt/cpfs/zbl-cpfs-new/USERS/leon/code/r16-p14-stage2d-20260818-phase1-recovery-v2/experiments/r16_p14_stage2a/r16_p14_stage2a/actor_model.py:62: UserWarning: enable_nested_tensor is True, but self.use_nested_tensor is False because encoder_layer.norm_first was True
  self.encoder = nn.TransformerEncoder(
[info] using task orders [0, 1, 2, 3, 4, 5, 6, 7, 8, 9]
QUAL_DONE put_the_bowl_on_the_stove__calibration__seed29__init32__future_06__clearance_p000mm error=0
/mnt/cpfs/zbl-cpfs-new/USERS/leon/code/r16-p14-stage2d-20260818-phase1-recovery-v2/experiments/r16_p14_stage2a/r16_p14_stage2a/actor_model.py:62: UserWarning: enable_nested_tensor is True, but self.use_nested_tensor is False because encoder_layer.norm_first was True
  self.encoder = nn.TransformerEncoder(
[info] using task orders [0, 1, 2, 3, 4, 5, 6, 7, 8, 9]
QUAL_DONE put_the_bowl_on_the_stove__calibration__seed29__init32__future_06__clearance_p010mm error=0
/mnt/cpfs/zbl-cpfs-new/USERS/leon/code/r16-p14-stage2d-20260818-phase1-recovery-v2/experiments/r16_p14_stage2a/r16_p14_stage2a/actor_model.py:62: UserWarning: enable_nested_tensor is True, but self.use_nested_tensor is False because encoder_layer.norm_first was True
  self.encoder = nn.TransformerEncoder(
[info] using task orders [0, 1, 2, 3, 4, 5, 6, 7, 8, 9]
QUAL_DONE put_the_bowl_on_the_stove__calibration__seed29__init32__future_09__clearance_p000mm error=0
/mnt/cpfs/zbl-cpfs-new/USERS/leon/code/r16-p14-stage2d-20260818-phase1-recovery-v2/experiments/r16_p14_stage2a/r16_p14_stage2a/actor_model.py:62: UserWarning: enable_nested_tensor is True, but self.use_nested_tensor is False because encoder_layer.norm_first was True
  self.encoder = nn.TransformerEncoder(
[info] using task orders [0, 1, 2, 3, 4, 5, 6, 7, 8, 9]
QUAL_DONE put_the_bowl_on_the_stove__calibration__seed29__init34__future_06__clearance_p000mm error=0
/mnt/cpfs/zbl-cpfs-new/USERS/leon/code/r16-p14-stage2d-20260818-phase1-recovery-v2/experiments/r16_p14_stage2a/r16_p14_stage2a/actor_model.py:62: UserWarning: enable_nested_tensor is True, but self.use_nested_tensor is False because encoder_layer.norm_first was True
  self.encoder = nn.TransformerEncoder(
[info] using task orders [0, 1, 2, 3, 4, 5, 6, 7, 8, 9]
QUAL_DONE put_the_bowl_on_the_stove__calibration__seed29__init34__future_09__clearance_m010mm error=0
/mnt/cpfs/zbl-cpfs-new/USERS/leon/code/r16-p14-stage2d-20260818-phase1-recovery-v2/experiments/r16_p14_stage2a/r16_p14_stage2a/actor_model.py:62: UserWarning: enable_nested_tensor is True, but self.use_nested_tensor is False because encoder_layer.norm_first was True
  self.encoder = nn.TransformerEncoder(
[info] using task orders [0, 1, 2, 3, 4, 5, 6, 7, 8, 9]
QUAL_DONE put_the_bowl_on_the_stove__calibration__seed29__init34__future_12__clearance_m010mm error=1
/mnt/cpfs/zbl-cpfs-new/USERS/leon/code/r16-p14-stage2d-20260818-phase1-recovery-v2/experiments/r16_p14_stage2a/r16_p14_stage2a/actor_model.py:62: UserWarning: enable_nested_tensor is True, but self.use_nested_tensor is False because encoder_layer.norm_first was True
  self.encoder = nn.TransformerEncoder(
[info] using task orders [0, 1, 2, 3, 4, 5, 6, 7, 8, 9]
QUAL_DONE put_the_bowl_on_the_stove__calibration__seed29__init38__future_06__clearance_m010mm error=0
/mnt/cpfs/zbl-cpfs-new/USERS/leon/code/r16-p14-stage2d-20260818-phase1-recovery-v2/experiments/r16_p14_stage2a/r16_p14_stage2a/actor_model.py:62: UserWarning: enable_nested_tensor is True, but self.use_nested_tensor is False because encoder_layer.norm_first was True
  self.encoder = nn.TransformerEncoder(
[info] using task orders [0, 1, 2, 3, 4, 5, 6, 7, 8, 9]
QUAL_DONE put_the_bowl_on_the_stove__calibration__seed29__init38__future_06__clearance_p010mm error=0
/mnt/cpfs/zbl-cpfs-new/USERS/leon/code/r16-p14-stage2d-20260818-phase1-recovery-v2/experiments/r16_p14_stage2a/r16_p14_stage2a/actor_model.py:62: UserWarning: enable_nested_tensor is True, but self.use_nested_tensor is False because encoder_layer.norm_first was True
  self.encoder = nn.TransformerEncoder(
[info] using task orders [0, 1, 2, 3, 4, 5, 6, 7, 8, 9]
QUAL_DONE put_the_bowl_on_the_stove__calibration__seed29__init38__future_09__clearance_m010mm error=0
/mnt/cpfs/zbl-cpfs-new/USERS/leon/code/r16-p14-stage2d-20260818-phase1-recovery-v2/experiments/r16_p14_stage2a/r16_p14_stage2a/actor_model.py:62: UserWarning: enable_nested_tensor is True, but self.use_nested_tensor is False because encoder_layer.norm_first was True
  self.encoder = nn.TransformerEncoder(
[info] using task orders [0, 1, 2, 3, 4, 5, 6, 7, 8, 9]
QUAL_DONE put_the_bowl_on_the_stove__calibration__seed29__init38__future_12__clearance_p000mm error=0
/mnt/cpfs/zbl-cpfs-new/USERS/leon/code/r16-p14-stage2d-20260818-phase1-recovery-v2/experiments/r16_p14_stage2a/r16_p14_stage2a/actor_model.py:62: UserWarning: enable_nested_tensor is True, but self.use_nested_tensor is False because encoder_layer.norm_first was True
  self.encoder = nn.TransformerEncoder(
[info] using task orders [0, 1, 2, 3, 4, 5, 6, 7, 8, 9]
QUAL_DONE put_the_bowl_on_the_stove__calibration__seed29__init38__future_12__clearance_p010mm error=0
